Actual_Price,Predicted_Price,Error
6.031478215020292,5.961071261881806,0.07040695313848655
5.311579040531222,5.187302836222019,0.12427620430920339
5.008432870541055,4.2396995186488295,0.7687333518922257
5.334359957894966,5.492813678496599,-0.1584537206016332
5.509793112994564,5.226227993823251,0.2835651191713131
5.453182077108952,5.465388117954243,-0.012206040845290644
5.602118820879701,5.267525175616094,0.3345936452636069
4.4146148242670336,4.67693130994106,-0.26231648567402654
6.230481447578482,5.89312214284875,0.3373593047297323
5.572154032177765,5.56978753279338,0.0023664993843848237
4.61512051684126,4.603775851220632,0.011344665620627303
4.663439094112067,4.753509749768685,-0.09007065565661776
6.3473892096560105,6.174534406795224,0.1728548028607868
5.217649463480582,5.002131778473988,0.21551768500659385
4.454347296253507,4.552806037650194,-0.09845874139668709
6.550222824629276,6.16894400800297,0.38127881662630614
5.784594117392615,5.770231600399946,0.014362516992669327
4.394449154672439,4.188216586432853,0.20623256823958602
5.393627546352362,5.472338092849329,-0.07871054649696685
6.248042874508429,6.343773630573064,-0.09573075606463455
5.521460917862246,5.470901088593874,0.05055982926837199
5.674696893761104,6.260764766636567,-0.5860678728754625
5.886104031450156,5.881112152424986,0.00499187902516951
4.143134726391533,4.2262721961380105,-0.08313746974647795
5.638354669333745,5.619596477626382,0.018758191707363814
4.894101477840304,4.921446439619821,-0.02734496177951673
6.400024860123449,6.3762617079969,0.023763152126549336
6.711338854595584,6.7038106620188245,0.007528192576759629
4.90527477843843,5.312803648661896,-0.40752887022346673
6.385194398997726,6.419862874340965,-0.03466847534323936
5.766225050834909,5.666727163717508,0.09949788711740126
5.3230099791384085,5.278071181156229,0.044938797982179146
3.9318256327243257,3.8095284638420877,0.12229716888223807
5.256974403013654,5.374145152956361,-0.11717074994270682
4.0943445622221,4.085699287520282,0.008645274701818195
5.135798437050262,4.947441024069578,0.1883574129806842
5.269557744876612,5.251826225488399,0.017731519388212824
5.683579767338681,5.745216448663117,-0.061636681324436005
4.762173934797756,4.87421694812802,-0.1120430133302639
4.61512051684126,5.034273333174918,-0.419152816333658
5.5262096248844506,5.410253960908387,0.11595566397606394
4.452368595730128,4.426964150767307,0.025404444962821238
5.3471075307174685,5.179007202819916,0.16810032789755258
5.153291594497779,4.979202581706152,0.1740890127916277
5.459585514144159,5.318123122927743,0.14146239121641635
5.6937321388027,5.611395630088537,0.08233650871416298
5.621993799223193,5.785861235349824,-0.16386743612663057
4.634728988229636,4.535007539291342,0.09972144893829427
4.553876891600541,4.597887879049183,-0.04401098744864207
6.495265555937008,6.541110086888708,-0.04584453095170016
5.5093883366279774,5.508192168047769,0.0011961685802086564
5.202412009660965,5.163151449866135,0.03926055979483056
6.734829443828545,6.631758207831094,0.10307123599745083
5.25227342804663,5.307976529505878,-0.055703101459248394
5.330300412401088,5.302528664087375,0.027771748313712763
5.2548878086207,5.406989292743409,-0.15210148412270907
6.716594773520978,6.687709944408601,0.028884829112376664
6.646390514847729,6.529783642641263,0.11660687220646615
5.613128106388071,5.673754493439373,-0.0606263870513013
5.495116942522644,5.483652655861601,0.011464286661043488
5.0072963928307415,4.462191924935657,0.5451044678950847
4.174387269895637,4.310384130245118,-0.135996860349481
6.12029741895095,6.054724668797351,0.0655727501535992
4.6443908991413725,4.59901466670514,0.04537623243623212
5.303304908059076,5.293978150665841,0.009326757393234963
5.631211781821365,5.406829098772238,0.22438268304912778
5.420534999272286,5.829336138797525,-0.4088011395252389
6.710876274853197,6.261986685439915,0.44888958941328205
6.375876246018314,6.199605327974285,0.17627091804402895
5.752572638825633,5.783974560636316,-0.03140192181068269
5.198497031265826,4.812224697877322,0.3862723333885043
5.214935757608986,5.2162680812264615,-0.0013323236174755948
4.290459441148391,4.206386829885514,0.08407261126287668
4.330733340286331,4.95650113326256,-0.6257677929762293
5.581614840681993,5.470958090078034,0.11065675060395908
5.614951260949585,5.56081087169515,0.054140389254435206
6.395261598115449,5.617518102226298,0.7777434958891511
5.030437921392435,5.041389754593176,-0.01095183320074078
6.548219102762372,6.46174687872862,0.0864722240337521
4.591780948869076,4.628928732365134,-0.037147783496058295
5.899897353582492,5.385086794387396,0.5148105591950962
3.8426729272933526,4.06585986445622,-0.22318693716286742
6.52795791762255,6.537324772863103,-0.00936685524055303
6.239203145277572,4.662975624844314,1.5762275204332576
5.351858133476067,5.366713889857291,-0.014855756381224161
5.525452939131784,5.478090883471286,0.047362055660498115
4.477336814478207,4.387609811305796,0.08972700317241067
4.262679877041316,4.37359096456771,-0.11091108752639389
5.167639042905921,5.217857710424726,-0.05021866751880477
5.33286371030062,5.329105826336051,0.0037578839645684425
5.652489180268651,5.620796285809504,0.03169289445914636
4.691347882229144,4.762687825971605,-0.07133994374246022
4.262679877041316,4.808925323737187,-0.5462454466958704
4.584967478670572,4.2400449357367425,0.34492254293382985
4.564348191467836,4.546668870369763,0.017679321098072798
4.248495242049359,4.621684629025781,-0.37318938697642157
6.060290738037835,5.853104387201992,0.20718635083584225
4.593704707878813,4.729884769708474,-0.13618006182966091
4.204692619390966,4.097113709829855,0.10757890956111105
5.117993812416755,5.758629151378312,-0.6406353389615562
5.583496308781699,5.604551639380708,-0.021055330599009103
4.77912349311153,4.598708733192278,0.18041475991925182
4.110873864173311,4.584655221642698,-0.4737813574693863
5.392126420226094,5.423680868798252,-0.031554448572157945
6.062225853990894,6.112315770651274,-0.05008991666038032
5.796057750765372,5.387620924510805,0.408436826254567
4.477336814478207,4.416076578737201,0.06126023574100614
4.942356453342962,4.96939124282079,-0.027034789477828447
5.638354669333745,5.509627453470334,0.12872721586341118
5.834810737062605,5.523320717953467,0.31149001910913743
5.484796933490655,5.578755711404894,-0.09395877791423946
4.709530201312334,4.660409085833558,0.04912111547877629
4.330733340286331,4.409554396545806,-0.07882105625947489
3.80666248977032,3.859234601364303,-0.052572111593983006
4.529368472571809,4.52371134027789,0.005657132293919176
6.202535517187923,6.170567906975552,0.031967610212371156
4.532599493153256,4.700574281430772,-0.16797478827751533
5.92232880827312,5.4653465740562,0.45698223421691964
4.248495242049359,4.259004592765153,-0.010509350715794064
5.583496308781699,5.631219184570771,-0.04772287578907175
4.007333185232471,4.0581863017860185,-0.050853116553547295
3.571221410645704,4.027227749186979,-0.4560063385412749
4.749270529961848,4.830685303031878,-0.08141477307002987
5.150976778649327,5.19226695572326,-0.041290177073932455
5.993961427306569,5.945355686241207,0.048605741065362196
5.925591802957274,5.278858229130982,0.6467335738262916
5.494706180553427,5.341956556696232,0.15274962385719526
4.189654742026425,4.836337819851967,-0.6466830778255419
4.736198448394496,4.581257545701074,0.1549409026934221
4.532599493153256,4.6892791724177725,-0.1566796792645162
5.188558302555298,5.717306821500613,-0.5287485189453154
5.196672162785836,5.205287315164377,-0.008615152378540714
5.153291594497779,4.701677851224439,0.4516137432733407
4.51085950651685,4.438758331504849,0.07210117501200042
5.815621956411737,5.5097249380325755,0.30589701837916117
5.111987788356544,5.209249169516619,-0.09726138116007554
5.000584958242754,5.058138598319022,-0.05755364007626795
5.351858133476067,5.078464252821687,0.2733938806543801
5.453182077108952,5.525184787389785,-0.07200271028083272
4.844187086458591,4.73680894363053,0.10737814282806113
5.368309738368072,5.417478385640669,-0.04916864727259718
6.62273632394984,6.769874011366028,-0.14713768741618782
4.794384599039216,4.8208836324243745,-0.026499033385158022
5.2832037287379885,5.242755001404866,0.040448727333122214
4.356708826689592,4.308078591194908,0.04863023549468348
5.689243967535078,5.559208229537625,0.13003573799745283
5.327876168789581,5.200266626169901,0.12760954261968038
4.324132656254979,4.355411012203475,-0.03127835594849593
4.343805421853684,4.298406937633261,0.04539848422042336
5.755742213586912,5.803799011092676,-0.04805679750576353
3.713572066704308,3.7002857777655915,0.013286288938716417
4.276666119016055,4.132896106863388,0.14377001215266727
5.8522024797744745,6.051164789781321,-0.19896231000684672
3.9828541861887374,4.1671731381511545,-0.1843189519624171
5.026508643252546,4.92355205429739,0.10295658895515647
7.225814386792591,4.757420788691554,2.468393598101037
3.951820475302213,3.9829739778215854,-0.031153502519372545
5.043425116919247,4.9107409276444525,0.1326841892747943
5.418320158942733,5.586452218682397,-0.16813205973966383
4.709530201312334,4.889714884184911,-0.18018468287257683
4.969813299576001,4.981580911158543,-0.011767611582542692
5.982247197558372,6.071250639255528,-0.08900344169715524
5.272999558563747,4.612753903280773,0.6602456552829734
6.014692673227189,6.1948201425196086,-0.18012746929241974
5.74594756681688,5.549193755404418,0.19675381141246184
5.260615499364025,5.370560353451508,-0.109944854087483
5.498519770560679,5.5987400457126055,-0.10022027515192633
4.7535901911063645,4.552875358433248,0.20071483267311674
5.605802066295998,5.72303894707636,-0.11723688078036254
4.51085950651685,4.460144187359974,0.05071531915687544
6.154327167537262,6.0195707346728335,0.13475643286442818
4.3694478524670215,4.325194915810019,0.044252936657002806
5.37989735354046,5.433417211757762,-0.05351985821730221
4.694370831446394,4.742788538586503,-0.048417707140109734
4.189654742026425,4.5503328830031,-0.36067814097667483
5.109696007605554,5.138613244509343,-0.02891723690378889
4.663439094112067,4.772314514079012,-0.10887541996694505
5.849324779946859,5.858607705377189,-0.009282925430329492
5.005890723065499,5.010443348875939,-0.004552625810440247
5.163356381113919,5.494122619667868,-0.3307662385539487
3.5409593240373143,3.895990510319557,-0.35503118628224284
5.339459309879212,5.297989234449077,0.04147007543013448
5.902633333401366,5.9625200345044895,-0.05988670110312366
5.541263545158426,5.560907807494984,-0.01964426233655825
5.293304824724492,5.222942339492726,0.07036248523176614
5.413118182025214,5.433956394064318,-0.020838212039103965
6.003887067106539,5.517797172545261,0.48608989456127816
5.017279836814924,5.224264162161144,-0.20698432534621958
4.564348191467836,4.64345134232323,-0.07910315085539388
4.598447640227264,4.771640953838283,-0.17319331361101842
3.8501476017100575,4.134643957485802,-0.2844963557757447
5.176149732573829,5.327299208959999,-0.15114947638616982
4.04305126783455,4.471263673436326,-0.42821240560177554
5.3358058109590285,5.362283615136384,-0.02647780417735568
6.162261618049983,6.3174431358745515,-0.1551815178245688
4.110873864173311,4.345594446768107,-0.23472058259479578
5.498069458404876,5.734323644388565,-0.23625418598368864
4.394449154672439,4.358960842945862,0.03548831172657696
4.51085950651685,4.558805200528895,-0.047945694012045514
4.060443010546419,3.9560810945788445,0.1043619159675746
4.4961362649639565,4.508829191748527,-0.012692926784570346
6.721425700790643,6.521047236742705,0.20037846404793846
5.337538079701318,5.666164232557861,-0.3286261528565433
4.916837303690333,5.704422326096924,-0.7875850224065912
5.349485653122436,5.322785926879027,0.026699726243408328
5.316991906812845,5.33255073499186,-0.015558828179014661
5.717027701406222,5.683951357539718,0.0330763438665036
5.846438775057725,5.896786683919599,-0.050347908861874124
5.532400857900581,5.564520277616192,-0.032119419715611386
4.02535169073515,4.106298939584637,-0.08094724884948779
4.524935793277486,4.509760303470284,0.01517548980720207
5.497168225293202,5.569018609715701,-0.07185038442249869
4.945207488773801,4.895755344690076,0.049452144083725
5.678464666671911,5.66906452730408,0.00940013936783135
4.48863636973214,4.55505757298597,-0.06642120325383072
4.060443010546419,4.002972798865552,0.05747021168086697
6.862056830530389,6.728050565297345,0.1340062652330447
5.313205979041787,5.4622399232532945,-0.1490339442115074
4.04305126783455,4.084167582970156,-0.04111631513560532
5.011967739330034,5.040475634618531,-0.028507895288496954
3.970291913552122,4.279512119693402,-0.3092202061412803
5.521460917862246,5.5640108661823815,-0.04254994832013548
7.225814386792591,6.995967695222776,0.22984669156981496
4.59511985013459,4.677907506033491,-0.08278765589890114
5.488937726156687,5.991094834832724,-0.5021571086760375
4.934473933130692,4.610814299046346,0.32365963408434606
6.19644412779452,5.952715322676455,0.2437288051180655
5.961005339623274,5.66638271904257,0.29462262058070365
7.152895128168243,6.5307634424590955,0.6221316857091477
6.07073772800249,6.121339148753416,-0.050601420750925996
4.911183215124596,5.048194532105075,-0.13701131698047941
5.367516883349041,5.323719900753932,0.04379698259510878
5.147494476813453,5.324570470073247,-0.17707599325979384
4.663439094112067,4.954758390394185,-0.2913192962821185
5.006627272698717,5.102671984715894,-0.09604471201717679
5.508051410952312,5.499667395903306,0.008384015049005988
6.563855526532128,6.493814644922045,0.07004088161008326
5.495116942522644,5.689566247575203,-0.19444930505255886
5.062595033026967,5.191466242964203,-0.12887120993723578
5.0834519566780525,5.12785341335858,-0.04440145668052775
5.327876168789581,5.4480341829343075,-0.12015801414472627
4.574710978503383,4.5244382947818576,0.05027268372152527
4.4942386252808095,4.383394339342363,0.11084428593844642
4.8283137373023015,4.893263178469609,-0.0649494411673075
5.1149953094204985,5.20768498498249,-0.09268967556199126
6.086069933148976,6.495624694819965,-0.40955476167098936
6.767722800015255,6.5123526600598876,0.2553701399553674
6.957497370876951,6.846875899275712,0.11062147160123903
4.90527477843843,4.951978241534455,-0.046703463096025466
3.49650756146648,3.5808088663894853,-0.08430130492300547
5.505900479744191,5.60706600647488,-0.10116552673068924
6.100318952020064,5.786293440801161,0.31402551121890365
6.722148331196653,6.192848005986784,0.5293003252098689
5.298317366548036,5.306741072814848,-0.00842370626681177
5.349485653122436,5.195859004591846,0.15362664853059016
6.68586094706836,6.707395916837394,-0.021534969769033907
5.017279836814924,4.875780329330417,0.14149950748450735
3.9318256327243257,3.970115753858036,-0.03829012113371011
6.406879986069314,6.543750911871758,-0.13687092580244364
5.074298432197873,4.866488786161344,0.2078096460365284
4.911183215124596,5.0146516168419595,-0.10346840171736371
5.655991810819852,5.578772500324499,0.07721931049535335
4.770684624465665,4.775240969006985,-0.004556344541319923
5.427897212083932,5.827936001366024,-0.4000387892820916
5.1026673795427495,5.326291686582468,-0.22362430703971814
5.030437921392435,4.95046752909798,0.07997039229445502
5.675897271166665,5.6088606780515615,0.06703659311510357
4.974455286641499,4.900224045517423,0.07423124112407553
4.434500481934585,4.442835217255633,-0.008334735321048115
5.625208132850098,5.5221131350176575,0.10309499783244025
6.111467339502679,5.317872462447359,0.7935948770553196
4.499809670330265,4.850983515960265,-0.35117384563
6.551080335043404,6.4409327993971175,0.11014753564628688
6.13664655695248,5.942893403098441,0.1937531538540398
4.686750172980514,4.673938147403995,0.012812025576518948
6.59532959263944,6.356927584023296,0.23840200861614402
6.825460036255307,6.779270884934128,0.046189151321178734
5.033700567027251,4.848207073438688,0.18549349358856304
6.021023349349527,6.053188683928275,-0.032165334578748705
4.994980054485683,5.015998179171372,-0.021018124685689088
4.875197323201151,4.986978954330551,-0.11178163112939998
5.14166355650266,5.166513621466367,-0.02485006496370712
6.142037405587356,6.009567602451099,0.13246980313625656
7.0825485693553,6.529649533155069,0.5528990362002313
5.58724865840025,5.834201199058585,-0.24695254065833527
5.14166355650266,5.140185178461095,0.0014783780415656977
5.997073785872493,6.043429305269855,-0.0463555193973626
6.022236205774735,5.747119058803823,0.2751171469709126
5.838692083770577,5.780590311237578,0.058101772532999085
5.10594547390058,5.103615518630209,0.0023299552703717197
4.0943445622221,4.601745010786155,-0.5074004485640549
5.488937726156687,5.459466237722015,0.0294714884346714
5.236441962829949,5.791093737384437,-0.5546517745544879
5.551679696446243,5.620387095498738,-0.0687073990524949
3.8501476017100575,3.894556422270442,-0.04440882056038431
4.8629083820668,5.110858637903199,-0.24795025583639863
4.736198448394496,4.761530901150035,-0.025332452755539414
6.75110146893676,6.689276692387894,0.061824776548865756
6.2166061010848646,6.111031285630099,0.10557481545476577
4.394449154672439,4.443401425237295,-0.04895227056485574
5.035653057071544,5.477527076167625,-0.4418740190960815
4.525693984486295,4.774593606791817,-0.24889962230552243
5.093750200806762,5.275843166311888,-0.18209296550512555
4.663439094112067,4.546755402716093,0.11668369139597434
4.976733742420574,5.248341831609715,-0.27160808918914103
3.555348061489413,3.6339845556887482,-0.07863649419933516
5.25227342804663,5.153426620726055,0.09884680732057483
6.20050917404269,6.259541067980351,-0.05903189393766084
6.236369590203704,6.39237431987692,-0.15600472967321544
4.779795536147575,4.9698612899624495,-0.19006575381487423
5.69035945432406,5.582249040424773,0.10811041389928722
6.061456918928017,6.035570559562003,0.025886359366014133
5.318119993844216,5.308747011296093,0.009372982548122799
5.564520407322694,5.483740254251546,0.08078015307114761
5.645446897643238,5.804465626290499,-0.1590187286472613
4.990908663912222,5.240829770955954,-0.24992110704373172
3.9318256327243257,3.979613718729048,-0.047788086004722174
5.488937726156687,5.472664329206407,0.01627339695027974
5.453182077108952,5.472294854922256,-0.019112777813304227
5.291645156779972,5.296970008383343,-0.005324851603370817
6.046189446797229,5.9668668525185895,0.07932259427863908
4.653960350157523,4.961407002159002,-0.30744665200147914
5.420534999272286,5.386866592263324,0.03366840700896212
4.867534450455582,4.991010254368213,-0.12347580391263069
5.2652775124698366,5.261873352452284,0.0034041600175527265
5.873525249243295,5.952559968400821,-0.07903471915752558
4.276666119016055,4.056433240687862,0.2202328783281935
4.4146148242670336,4.392442184647742,0.022172639619291168
6.02707297457535,5.67380794458514,0.3532650299902098
5.826737298714979,5.774941734264496,0.05179556445048217
4.137244396537321,4.625051676878952,-0.4878072803416309
3.688879454113936,3.9507132744577778,-0.26183382034384195
5.200318575665935,5.028243869873053,0.1720747057928813
5.476463551931511,5.420986157204105,0.05547739472740609
5.602118820879701,5.571787218211145,0.03033160266855628
4.709530201312334,4.657024756318314,0.05250544499402032
5.521460917862246,5.571508745149934,-0.05004782728768831
4.663439094112067,4.425413785170045,0.23802530894202167
6.398594934535208,6.1840071871095805,0.21458774742562703
4.969813299576001,4.729406101451305,0.24040719812469558
6.248526316625653,6.131449605612428,0.11707671101322514
5.594711379601839,5.526239933506047,0.06847144609579203
5.327876168789581,5.178364629311806,0.14951153947777485
6.37417266809353,6.304583605299086,0.06958906279444399
5.634789603169249,5.676142649514412,-0.04135304634516235
6.132312855695361,6.191812661488486,-0.059499805793124416
4.813078264659524,4.951082662488803,-0.1380043978292793
4.799749640177548,4.851880526295569,-0.052130886118021635
6.729824070489475,6.644494720945938,0.08532934954353699
5.645446897643238,5.564855164639549,0.08059173300368894
6.418495433130707,6.525483184324757,-0.10698775119404935
5.66988092298052,5.602567526665594,0.06731339631492528
5.557792847109637,5.486931996946822,0.07086085016281451
5.262690188904886,5.561340510346506,-0.2986503214416203
4.797194518243432,4.9237082688057,-0.12651375056226755
3.575430761606357,3.5344345103251107,0.04099625128124629
5.796057750765372,5.664484488278351,0.13157326248702095
6.118075171367044,6.204526506958525,-0.0864513355914811
5.198497031265826,4.945344711704162,0.2531523195616643
5.610826188934837,5.921674586859317,-0.31084839792448005
5.329476828797139,5.375236376042449,-0.04575954724530984
5.363074613763315,5.296516893881712,0.06655771988160275
5.7430031878094825,5.670433614329266,0.07256957348021675
5.736572297479192,5.934400442546795,-0.1978281450676027
4.430816798843313,4.4679598420505515,-0.03714304320723816
4.939998214496815,4.292695461893564,0.6473027526032507
5.851253754014409,5.8126025500626435,0.03865120395176547
5.87493073085203,5.702251112270021,0.1726796185820092
5.337538079701318,5.478784866210262,-0.14124678650894396
4.983606621708336,5.018723522892048,-0.035116901183712024
4.6443908991413725,4.554340848697686,0.0900500504436863
6.15130614575193,6.259219268001095,-0.10791312224916538
6.660575149839686,6.651468274055267,0.009106875784419266
5.008633291425583,4.904571137209321,0.10406215421626186
4.330733340286331,4.260166839974961,0.07056650031137046
6.307642964389381,6.243250220572113,0.064392743817268
4.672828834461906,4.705111517348618,-0.03228268288671199
5.371985956473237,5.169673104493393,0.20231285197984405
4.13708471589826,4.3218488036164056,-0.18476408771814512
5.3230099791384085,5.515844708765915,-0.19283472962750636
5.45992588174445,5.906605080513855,-0.446679198769405
4.158883083359672,4.043397920452597,0.115485162907075
6.023447592961033,6.161327358012787,-0.13787976505175426
5.484796933490655,5.505617444177513,-0.02082051068685864
5.661222860237405,5.5976498271497865,0.06357303308761875
4.720282993088596,4.946972594661612,-0.22668960157301576
5.213140669140444,5.193437192724496,0.019703476415947385
6.111467339502679,5.806111684716679,0.30535565478599924
5.303304908059076,5.4615709660076,-0.15826605794852444
4.406719247264253,4.592893169315592,-0.18617392205133854
3.966511190712216,4.050215569940973,-0.08370437922875729
5.8878525019842725,5.927395066577353,-0.0395425645930807
4.917496089352632,5.167670020582229,-0.25017393122959675
3.970291913552122,4.1735412186960605,-0.20324930514393857
4.584967478670572,4.545045939749711,0.039921538920861366
5.528635121610247,5.408536139924595,0.12009898168565147
4.301494223781961,4.206003512074211,0.09549071170774948
4.941642422609304,4.62931126027668,0.31233116233262415
4.858726543710496,4.832122345603701,0.02660419810679482
4.59511985013459,4.695668962679988,-0.10054911254539789
4.591780948869076,4.589239525458902,0.0025414234101734934
5.968707559985366,5.846570877586356,0.12213668239900954
5.19295685089021,5.071827652162519,0.12112919872769101
4.7535901911063645,4.923582164744673,-0.1699919736383082
4.948759890378168,5.009791887048604,-0.061031996670435795
5.8630628323034575,5.869484838088418,-0.0064220057849606604
4.875197323201151,4.884251808142975,-0.009054484941823482
4.836281906951478,4.705719984761056,0.13056192219042195
4.836281906951478,4.7880701009643785,0.04821180598709951
6.385194398997726,6.249275917143677,0.13591848185404842
4.31748811353631,4.116184661647499,0.20130345188881105
4.948759890378168,5.026499213659879,-0.07773932328171096
5.560681631015528,5.388469926639617,0.17221170437591038
5.948034989180646,5.764169402489009,0.18386558669163655
4.330733340286331,4.224327560769249,0.10640577951708163
4.088829381533991,4.337967180061642,-0.24913779852765128
5.40042258948519,5.37624073976428,0.024181849720910087
5.702515005089236,5.042405516849477,0.6601094882397591
5.384495062789089,5.495456273583925,-0.11096121079483634
5.968707559985366,5.873046965537891,0.09566059444747488
6.825025631383141,6.619168471947965,0.20585715943517524
5.459585514144159,5.32819526648122,0.13139024766293872
5.153291594497779,5.274776656230153,-0.12148506173237372
5.003946305945459,5.034002230889769,-0.03005592494430953
5.228431239083871,5.534005718913084,-0.3055744798292128
4.511628441579727,4.300462916081111,0.21116552549861645
4.22683374526818,4.503106306323737,-0.2762725610555572
4.23410650459726,4.183875286653349,0.050231217943911055
5.351858133476067,5.371174737564772,-0.01931660408870517
4.611152257665639,4.48621095603392,0.12494130163171846
4.276666119016055,4.504389106082881,-0.2277229870668256
4.477336814478207,4.520042311433571,-0.04270549695536374
5.61633463879589,5.705749956703041,-0.08941531790715107
4.290459441148391,4.46937026671083,-0.17891082556243898
5.5053315359323625,5.3244998730353394,0.18083166289702302
3.970291913552122,3.8586095644542358,0.11168234909788621
4.962844630259907,4.371964600988918,0.5908800292709886
5.097302167306828,5.108378296236645,-0.01107612892981713
4.394449154672439,4.511854671967184,-0.11740551729474458
4.110873864173311,4.220367992131837,-0.10949412795852531
4.442651256490317,4.36331949013616,0.07933176635415684
4.993760376871411,5.430467962483656,-0.4367075856122442
4.72384171570559,5.252411003652262,-0.5285692879466719
5.736572297479192,5.679464575983251,0.057107721495941455
4.672828834461906,4.467867033758354,0.2049618007035514
5.963579343618446,5.97698469550343,-0.01340535188498393
4.84944880983226,4.710960298652944,0.1384885111793155
4.330733340286331,4.247757132701145,0.08297620758518587
4.888467660122048,4.785580651497166,0.10288700862488209
5.575949103146316,5.877437362978788,-0.30148825983247196
6.609928590138308,6.744515518639435,-0.1345869285011272
6.746412128573375,6.47529138183063,0.27112074674274567
6.253828811575473,6.10298726088299,0.1508415506924834
5.209486152841421,5.090316626346775,0.1191695264946464
5.056245805348308,5.050016078540709,0.006229726807598368
5.176149732573829,5.510783553950101,-0.33463382137627207
4.948759890378168,4.909978915911233,0.038780974466935625
5.290789100127245,5.48452971006365,-0.19374060993640452
6.502790045915623,6.306259838383727,0.19653020753189665
4.158883083359672,4.266512149655872,-0.10762906629619984
5.351858133476067,5.348572822951787,0.0032853105242800495
5.010635294096256,4.868814381159778,0.14182091293647847
5.389071729816501,5.312733749422071,0.07633798039443018
5.6937321388027,5.679009440059047,0.014722698743653062
4.51085950651685,4.4439106802068045,0.06694882631004528
4.3694478524670215,4.609270234248899,-0.23982238178187743
3.6635616461296463,3.716466784682064,-0.05290513855241752
4.709530201312334,4.639169184011278,0.07036101730105582
4.151039905898646,4.127247025026102,0.023792880872544053
4.59511985013459,4.513544313712413,0.08157553642217685
6.51025834052315,6.812337195062702,-0.30207885453955274
5.777652323222656,5.7641421954621075,0.01351012776054894
4.3288895362607525,4.8205829506237885,-0.49169341436303604
4.143134726391533,4.3804050750630985,-0.23727034867156593
4.941642422609304,5.0136519716317745,-0.07200954902247059
5.081404364984463,5.097069483185477,-0.015665118201013684
5.3612921657094255,4.982847866956432,0.3784442987529939
5.903425369384816,5.832502016235361,0.07092335314945508
4.4630304188269685,4.970833271367536,-0.5078028525405678
5.929589143389895,5.58963470293173,0.3399544404581647
4.290459441148391,4.118822331534244,0.1716371096141467
4.74493212836325,4.938478183751804,-0.19354605538855374
6.380122536899765,6.552893809042299,-0.1727712721425343
6.042632833682381,6.100534299822311,-0.057901466139929525
6.0055400212125285,5.79169621372814,0.21384380748438847
3.912622825500114,5.0893172563890365,-1.1766944308889227
6.053993237387927,6.107902359186108,-0.053909121798180415
5.933120136133738,5.930310334710884,0.002809801422853475
5.0401940963378005,5.1244599420402475,-0.084265845702447
6.206071767399905,6.057991337347971,0.14808043005193383
3.623540612805596,3.433535191733995,0.1900054210716009
4.499809670330265,4.7063456667952535,-0.20653599646498844
5.064681462513343,5.118328199357446,-0.053646736844102705
4.51085950651685,4.665836376697835,-0.1549768701809855
3.4339872044851463,3.3490211217915293,0.08496608269361694
5.4510384535657,5.564004764927394,-0.11296631136169388
5.539693686123306,5.624601977645899,-0.08490829152259227
7.225814386792591,5.8237968183504085,1.402017568442182
5.375278407684165,5.386223053011799,-0.010944645327633395
5.407171771460119,5.345417758902514,0.061754012557605265
4.61512051684126,4.601203006211377,0.013917510629882557
6.028278520230698,5.907905443905078,0.12037307632561944
4.761660982747524,4.781921151030339,-0.02026016828281474
5.50142146252452,5.443374263712048,0.05804719881247156
5.233778845410465,5.573504212188246,-0.3397253667777811
4.709530201312334,4.9416593419389185,-0.23212914062658463
5.525452939131784,5.384214846385416,0.14123809274636834
5.319736333921337,5.79915227222308,-0.47941593830174334
5.3249106108175575,5.274028618375199,0.050881992442358026
4.930870325627393,5.071755448319622,-0.14088512269222875
5.634789603169249,5.601155179576047,0.033634423593202456
5.54907608489522,5.628370353485681,-0.07929426859046096
6.684611727667927,5.49342170524147,1.1911900224264569
3.610917912644224,3.702799997021826,-0.09188208437760226
5.066826573745998,5.028567797848968,0.038258775897030084
4.276666119016055,4.311764369350263,-0.0350982503342081
6.148468295917647,6.222061563263641,-0.07359326734599403
5.817111159963204,5.785100059329048,0.03201110063415591
7.058267920594749,6.73421830381097,0.3240496167837783
6.504288173536645,6.371012958617781,0.1332752149188643
5.947486535935594,6.175576259545497,-0.22808972360990243
6.395812364612728,5.905272450740353,0.49053991387237517
4.105449341954206,3.8897582329934046,0.2156911089608018
5.0891383555842,5.099974860143731,-0.010836504559531335
4.174387269895637,4.132675596379719,0.04171167351591798
6.017375928892483,5.433661686022505,0.583714242869978
6.3894013887953545,6.475844487174337,-0.08644309837898234
4.31748811353631,4.215563324073609,0.1019247894627009
5.43153621033426,5.093702684470546,0.3378335258637133
5.3230099791384085,5.242784619635108,0.08022535950330045
4.430816798843313,4.38782079136978,0.04299600747353338
6.318968113746434,6.391901919982211,-0.07293380623577672
6.655440350367647,6.852583860692788,-0.19714351032514088
4.186619838331271,4.113755650210833,0.07286418812043838
3.935934825474459,4.385375071351494,-0.44944024587703524
5.043425116919247,5.108506412534675,-0.0650812956154283
4.430816798843313,4.493766344810675,-0.06294954596736169
5.616771097666572,5.7084396673024385,-0.09166856963586678
6.082218910376446,6.3842134646473605,-0.30199455427091415
6.920079028670969,6.774326491311144,0.14575253735982496
6.142037405587356,5.454463293973793,0.6875741116135625
5.343529709369585,5.228239820867842,0.11528988850174304
4.875884110209718,4.848589609629559,0.02729450058015903
4.442651256490317,4.47486996916059,-0.03221871267027332
4.894101477840304,4.818092109509044,0.0760093683312606
4.795790545596741,5.25871474328778,-0.46292419769103876
5.081404364984463,5.216488960267595,-0.1350845952831321
6.890609120147166,6.779450273404763,0.11115884674240384
5.375278407684165,5.462852771071956,-0.08757436338779101
4.919980925828125,4.952717184107076,-0.03273625827895099
5.786989401672587,5.8254163423723275,-0.03842694069974062
5.204006687076795,5.144847940483468,0.05915874659332676
4.356708826689592,4.138799677102025,0.2179091495875669
4.91338990965742,4.7321456934798265,0.18124421617759356
4.994505912166372,4.88298366306653,0.11152224909984199
5.8888779583328805,6.069432226491726,-0.18055426815884523
4.700480365792417,4.692588247300798,0.007892118491618305
6.120736882812121,6.53073404752188,-0.40999716470975844
5.883322388488279,5.841320029125619,0.042002359362659725
5.3981627015177525,5.438901077288932,-0.04073837577117967
6.0063531596017325,6.037571153797743,-0.03121799419601068
4.158883083359672,4.527238676548182,-0.3683555931885092
7.225814386792591,7.336071280339299,-0.11025689354670831
5.685856086122746,6.123632331609942,-0.4377762454871963
3.871201010907891,3.846694336184363,0.0245066747235283
5.193734326355597,5.180810248477086,0.012924077878510687
4.0163830207523885,4.1738523717083575,-0.15746935095596903
3.766997233377889,3.7502830668796627,0.016714166498226213
4.804021044733257,4.814973841683832,-0.010952796950575383
5.017279836814924,4.942582469437047,0.07469736737787702
5.260096153727839,5.43298562325922,-0.1728894695313805
5.14166355650266,4.93789896454032,0.2037645919623401
5.393627546352362,5.315018915927105,0.0786086304252569
4.127134385045092,4.165494272103434,-0.038359887058342146
5.429345628954441,5.429741799045858,-0.00039617009141679205
5.483966713434666,5.587724604700798,-0.10375789126613189
6.368187186350492,4.4818059411800535,1.8863812451704387
5.484796933490655,5.530434893831366,-0.0456379603407111
5.4258306868469965,5.494786803519964,-0.0689561166729673
4.68213122712422,4.5143679583889975,0.1677632687352224
5.389071729816501,5.380517739536738,0.008553990279763113
4.532599493153256,4.40221967299721,0.13037982015604666
3.466985122200158,3.5204111663032194,-0.05342604410306118
5.170483995038151,4.8922713379667435,0.27821265707140785
3.8607297110405954,3.894600988584918,-0.03387127754432262
4.997212273764115,4.995418291827143,0.001793981936971889
6.12029741895095,5.867631287449068,0.2526661315018819
5.232871767472967,5.262049601511348,-0.029177834038380368
4.394449154672439,4.6683594152251935,-0.27391026055275436
4.553876891600541,4.564027969216986,-0.010151077616445292
5.433241538804557,5.143766840824198,0.2894746979803591
5.133855374054848,5.142128555422497,-0.008273181367648874
5.111987788356544,4.919855413876017,0.19213237448052656
5.184588601219693,5.1906037929920075,-0.006015191772314132
4.478926459413841,4.360585058548823,0.11834140086501765
5.75890177387728,5.802692642811248,-0.043790868933967886
4.919980925828125,5.042360261246197,-0.12237933541807156
5.3981627015177525,4.892607940971895,0.5055547605458575
7.225814386792591,6.1305091548766395,1.095305231915951
5.467849148413597,5.272732988201018,0.19511616021257883
5.444666262883174,5.433468417032372,0.011197845850801968
4.61512051684126,4.747790644852445,-0.13267012801118572
5.5053315359323625,5.50180620526059,0.0035253306717724087
5.288267030694535,5.496778577001596,-0.2085115463070606
4.31748811353631,4.271363513550217,0.04612459998609353
5.420534999272286,5.433435095176487,-0.012900095904201159
5.734958092124651,5.595486999306134,0.13947109281851677
4.912654885736052,4.9796562973696945,-0.06700141163364215
6.085637717125231,5.96472374113946,0.12091397598577114
6.052089168924417,6.1242367386526615,-0.07214756972824432
5.291645156779972,5.25125542688207,0.04038972989790235
5.135798437050262,5.185548109126291,-0.04974967207602887
5.3612921657094255,5.439043587670215,-0.0777514219607891
4.564348191467836,4.542050712265058,0.022297479202777915
5.811140992976701,6.0589399616954145,-0.24779896871871365
4.6851821239574765,4.379555776650197,0.3056263473072791
6.1682080755878745,5.970133776944341,0.1980742986435331
7.225814386792591,5.566940583753899,1.6588738030386914
4.859812404361672,5.046241348607044,-0.18642894424537193
5.307574387810713,5.62409317784271,-0.31651879003199657
5.815621956411737,5.973036175879653,-0.157414219467916
6.39024066706535,6.2889701556306505,0.10127051143469945
6.211603589401893,6.3277494524431015,-0.11614586304120866
5.663654683565421,5.570572850951782,0.09308183261363911
7.225814386792591,6.718235320465531,0.5075790663270592
5.480638923341991,5.402511201471036,0.07812772187095529
5.267858159063328,5.296611883777958,-0.02875372471462967
5.564520407322694,5.562459138906474,0.0020612684162193418
5.326661839557179,5.644722903990012,-0.31806106443283344
4.912654885736052,4.863699967214681,0.04895491852137113
5.153291594497779,5.168375876713659,-0.015084282215879874
5.311579040531222,5.266705622390289,0.044873418140933374
5.351858133476067,5.316493383640134,0.03536474983593241
5.66988092298052,5.527943586503457,0.14193733647706264
6.608000625296087,6.369360032330483,0.23864059296560391
4.653960350157523,4.566700117398502,0.0872602327590215
6.001414877961151,6.07465964825726,-0.07324477029610854
6.86171134048073,6.663333121522083,0.1983782189586476
5.354224998486333,5.247600563146434,0.10662443533989929
5.8888779583328805,5.859326228237708,0.029551730095172424
5.548297571815806,5.614301725624666,-0.06600415380886027
6.380969635637417,6.326138873842921,0.054830761794495864
4.007333185232471,4.159080117598441,-0.15174693236596948
6.743352222690527,6.910361501286411,-0.16700927859588344
5.147494476813453,5.066453412142312,0.08104106467114036
4.68213122712422,5.242359163140494,-0.5602279360162745
5.312663960254958,5.269024276268498,0.04363968398646012
4.962844630259907,4.929284369841648,0.03356026041825899
5.83968189462286,5.623058179669305,0.21662371495355526
6.538863151104813,6.426047833272199,0.11281531783261389
5.77557586547008,5.511074475498774,0.264501389971306
3.6635616461296463,3.7221722384370937,-0.05861059230744736
4.820281565605037,4.689579322891598,0.130702242713439
4.23410650459726,4.259293863159484,-0.025187358562224205
4.330733340286331,4.638562747039859,-0.30782940675352766
4.672828834461906,4.903288580624258,-0.2304597461623521
5.32544603393629,5.578508178344445,-0.25306214440815555
5.725217755376266,5.810115964211766,-0.08489820883549992
4.976733742420574,5.257162546300955,-0.2804288038803806
5.951501558536452,6.0694613175498615,-0.11795975901340938
4.553876891600541,4.566329800723604,-0.012452909123063627
5.41610040220442,5.218206461332562,0.1978939408718583
5.497168225293202,5.556389223613677,-0.059220998320475005
5.598421958998375,5.738163688712401,-0.139741729714026
4.3694478524670215,4.2888896987307294,0.08055815373629205
4.875197323201151,5.011681585934234,-0.13648426273308267
4.483002552013883,4.508404267626251,-0.02540171561236715
5.319736333921337,5.389553947140891,-0.06981761321955471
3.9982007016691994,3.891702321237806,0.10649838043139326
3.784189633918261,3.736491753526041,0.047697880392219894
5.375278407684165,5.490090900150031,-0.114812492465866
5.176319209737187,5.215028631064911,-0.0387094213277237
5.834810737062605,5.731416068200835,0.10339466886177018
5.260096153727839,5.157847454381466,0.10224869934637315
5.081404364984463,5.163022136072141,-0.08161777108767776
7.225814386792591,6.407211152435594,0.8186032343569964
4.812184355372417,5.0364625402223915,-0.22427818484997442
4.879006851617819,4.7408949119447215,0.13811193967309787
5.314977807441144,5.738103320754044,-0.4231255133129004
3.958906591326997,4.174275392435854,-0.21536880110885726
5.517452896464707,5.839107703936361,-0.32165480747165365
4.722063937459591,4.820890609900498,-0.09882667244090637
5.989136840098804,5.664436137463676,0.32470070263512785
4.51085950651685,4.357948434335395,0.15291107218145505
5.673323267171493,5.690532352118928,-0.017209084947435116
6.126869184114185,5.869035596340876,0.2578335877733098
6.29156913955832,6.137230018325871,0.1543391212324492
5.099866427824199,5.024363440006161,0.07550298781803733
4.61512051684126,4.41094927225824,0.20417124458301927
4.349632566862877,4.488990806062491,-0.13935823919961354
5.84354441703136,5.893991477163547,-0.05044706013218647
5.375278407684165,5.483222297185226,-0.10794388950106093
4.036185648048568,4.210407739492899,-0.17422209144433065
5.343911954106429,5.321989980272417,0.02192197383401151
4.966335035199676,5.081160671750698,-0.11482563655102229
6.088296296011433,5.938045692245304,0.15025060376612842
7.225814386792591,4.994718934430027,2.2310954523625632
5.1647859739235145,5.110554234185579,0.05423173973793549
4.48863636973214,4.845238978280549,-0.3566026085484095
5.008432870541055,5.022012773018799,-0.013579902477744099
7.225814386792591,5.9489489539788,1.276865432813791
6.1224928095143865,6.085174347084741,0.03731846242964565
5.016352254425485,4.958275947231602,0.05807630719388257
5.204006687076795,5.180053355542768,0.023953331534027456
3.475376779836407,3.7533278572727453,-0.2779510774363385
5.049856007249537,5.086895854921941,-0.037039847672404314
3.5115454388310208,3.6572837351092757,-0.14573829627825496
5.14166355650266,5.170894717457761,-0.029231160955101032
6.09807428216624,5.937604516606244,0.16046976555999581
5.0271645960474665,5.387679942978627,-0.3605153469311606
6.054439346269371,6.142081926425045,-0.08764258015567439
4.669739956637391,4.874719471499928,-0.2049795148625364
5.214935757608986,4.746357277277994,0.4685784803309918
5.41164605185504,5.297906555990547,0.11373949586449328
4.454347296253507,4.263163035489244,0.19118426076426331
5.267858159063328,5.41857327952428,-0.15071512046095137
5.365976015021851,5.33681772657813,0.029158288443721148
4.276666119016055,4.23278341851073,0.04388270050532572
5.786897381366708,5.842514436612695,-0.055617055245987146
3.951243718581428,3.948509073491187,0.002734645090241017
5.662960480135946,5.403623319016096,0.2593371611198503
5.808142489980444,5.825060892998345,-0.016918403017901262
4.143134726391533,4.103644630770941,0.03949009562059125
6.017375928892483,5.886513203088273,0.1308627258042101
4.189654742026425,4.07942892163287,0.11022582039355555
4.564348191467836,4.751286907715858,-0.18693871624802227
4.966335035199676,5.154786203419076,-0.1884511682193999
5.213576138092946,4.293955421383217,0.919620716709729
5.903015773922869,5.909857226689211,-0.006841452766342293
5.851627601920183,5.839707641419692,0.01191996050049049
4.795790545596741,5.382703746885175,-0.5869132012884339
4.709530201312334,4.681675666008722,0.027854535303611705
5.308267697401205,5.676528024140314,-0.3682603267391089
4.966335035199676,4.94769649904984,0.018638536149835794
4.574710978503383,4.623531881800876,-0.04882090329749289
7.151485463904735,7.002998737215169,0.14848672668956642
5.484796933490655,5.525677285831892,-0.04088035234123755
4.516338972281476,4.601977950076766,-0.0856389777952904
5.884908873088399,5.909412975025896,-0.02450410193749697
3.713572066704308,4.384445695497707,-0.670873628793399
5.4388181663356026,5.7863107715218005,-0.34749260518619796
4.100989104940769,4.291911687722925,-0.19092258278215546
5.116195789756748,5.1266381226289415,-0.010442332872193205
5.156177599386914,5.251880741914489,-0.09570314252757495
6.60934924316738,6.621346933696849,-0.011997690529468308
5.638354669333745,5.69766425122168,-0.059309581887935
5.419073755183819,5.441406222174811,-0.022332466990992117
4.6773047837472905,5.042072326448098,-0.36476754270080747
5.247024072160486,5.01589356831031,0.23113050385017608
4.663439094112067,4.617959283258571,0.04547981085349573
4.42484663185681,4.341291317734897,0.08355531412191297
5.468060141135132,5.43240178688526,0.03565835424987274
4.356708826689592,4.344990116399975,0.011718710289616574
5.3471075307174685,5.466612292093563,-0.11950476137609467
4.933754249760298,5.13809237544059,-0.20433812568029186
5.863631175598097,5.982116038180839,-0.1184848625827426
5.562986664690745,5.834756179054041,-0.27176951436329677
3.737669618283368,3.8086575656855404,-0.0709879474021724
5.673323267171493,5.597937707849911,0.07538555932158175
4.924859517074852,5.104068619035882,-0.17920910196103002
4.605170185988092,4.55325537187801,0.051914814110081586
5.462771921513567,5.42768679790161,0.0350851236119567
3.523709956137547,3.7432523174111774,-0.21954236127363025
6.236369590203704,6.058788544460513,0.17758104574319145
5.707110264748875,5.296601168478809,0.4105090962700668
5.638354669333745,5.385245391648834,0.25310927768491176
5.270432163058501,5.2544584376639705,0.015973725394530902
6.630419498584501,5.6064998230049525,1.023919675579548
6.084499413075172,5.897835821697667,0.18666359137750543
5.632393878568548,5.515045749084624,0.11734812948392381
5.910796644040527,6.077741452305186,-0.16694480826465874
4.875197323201151,4.874308643298999,0.0008886799021521341
5.153291594497779,4.584655907712126,0.5686356867856537
5.2611345754203205,5.516616905881949,-0.2554823304616285
5.666426688112432,5.511539954889968,0.15488673322246438
5.568344503761097,5.59782272278611,-0.029478219025013352
5.525452939131784,5.588924099850015,-0.06347116071823056
4.330733340286331,4.35513463282439,-0.024401292538058783
5.575949103146316,5.5680351332113025,0.007913969935013476
5.10594547390058,5.147874442488122,-0.04192896858754214
5.864568236419437,5.859591288983345,0.004976947436092338
4.330733340286331,4.2527180586710465,0.07801528161528459
4.473921899378137,4.57108131593307,-0.09715941655493321
4.307437777682809,4.3529481465796795,-0.045510368896870546
6.053264948013429,6.164241897677536,-0.11097694966410732
4.941642422609304,5.18949150075677,-0.24784907814746582
5.895504155962071,6.196224104501692,-0.30071994853962103
5.420977379283924,5.608605115483696,-0.18762773619977224
6.0473721790462776,6.036655234124945,0.010716944921332683
4.653960350157523,4.729162746307638,-0.07520239615011537
6.384350873009287,6.340288960333851,0.0440619126754358
5.303304908059076,5.093388439886922,0.20991646817215415
3.784189633918261,3.905859957142567,-0.12167032322430593
4.886582645426277,4.842782537239066,0.04380010818721036
5.418320158942733,5.417775895730592,0.0005442632121415159
4.0943445622221,4.150313572169241,-0.05596900994714016
5.860786223465865,5.28818611754094,0.5726001059249253
3.610917912644224,3.6317319821989082,-0.020814069554684345
6.253828811575473,6.415392104700482,-0.16156329312500883
5.356586274672012,5.559922116584853,-0.20333584191284082
5.564520407322694,5.601212635968041,-0.03669222864534749
4.473579765600494,4.557691365305468,-0.08411159970497373
5.244389024522481,5.244174538936861,0.0002144855856203165
5.09528276815654,5.362657337603268,-0.26737456944672733
4.77912349311153,4.787081609361874,-0.007958116250344816
5.291645156779972,5.507330169169802,-0.21568501238983018
4.8103126861927485,4.960465486661674,-0.1501528004689252
4.07753744390572,4.2514497388877075,-0.1739122949819878
5.121162439705441,5.275920479815167,-0.15475804010972638
4.618382517460226,4.940859039315453,-0.32247652185522657
4.859812404361672,5.050237062629976,-0.19042465826830401
4.859812404361672,5.293029800889818,-0.4332173965281463
4.3778931033922746,4.48839360837457,-0.11050050498229513
4.204692619390966,4.315391214996484,-0.11069859560551798
5.65686555486845,5.704276978423788,-0.04741142355533867
4.770684624465665,4.944338096823483,-0.17365347235781758
4.634728988229636,4.361929190565242,0.2727997976643941
4.736198448394496,4.816274507271593,-0.08007605887709701
5.475081844675453,5.532184001056978,-0.05710215638152505
5.365976015021851,5.241223430418636,0.12475258460321559
5.989788142727037,5.604634536951896,0.385153605775141
4.663439094112067,4.7559291526301335,-0.09249005851806658
5.303304908059076,5.226480116963696,0.07682479109537965
6.124683390894205,6.145707271568179,-0.021023880673974205
4.499809670330265,4.462037729250046,0.03777194108021931
6.645090969505644,6.688409111526002,-0.04331814202035744
5.6240175061873385,5.616726475293408,0.007291030893930461
3.4657359027997265,3.7463165842833828,-0.2805806814836562
5.056245805348308,4.9928392686305205,0.06340653671778718
4.994980054485683,5.166831866320312,-0.17185181183462905
5.289932310013596,5.257249965546104,0.032682344467492186
4.301358731606427,4.910605372334309,-0.609246640727882
5.187385805840755,5.368226797961149,-0.18084099212039373
4.75074130930731,4.66984947593918,0.08089183336813033
4.955827057601261,5.005089506590831,-0.04926244898957055
4.204692619390966,4.233508380103969,-0.028815760713003513
5.907185796727432,5.743214839500514,0.16397095722691812
4.799914262780603,5.156629975362311,-0.35671571258170776
6.001414877961151,5.579680129442095,0.42173474851905635
4.117409835153096,3.9024277314690594,0.21498210368403692
5.225746673713202,5.489840811900902,-0.26409413818770044
4.174387269895637,4.342684564595886,-0.168297294700249
5.786283696167945,6.167962465490422,-0.3816787693224777
3.624607564093796,3.925046273004972,-0.3004387089111762
6.133398042996649,6.107465860514645,0.025932182482003796
4.166665223801727,4.138171903765238,0.028493320036489855
6.244166900663736,6.312367282384747,-0.0682003817210104
6.153795959025435,5.999770739864724,0.15402521916071077
4.787491742782046,4.716791665869749,0.07070007691229652
5.3981627015177525,5.622373135637843,-0.22421043412009034
5.525452939131784,5.442157391103537,0.08329554802824735
4.686750172980514,4.790252287191303,-0.10350211421078903
5.982549929718408,6.048019547071577,-0.0654696173531697
5.231108616854587,5.228385956380961,0.00272266047362546
3.871201010907891,4.288526363989845,-0.4173253530819543
5.53338948872752,5.393992547620952,0.1393969411065683
6.26530121273771,6.227284069157397,0.03801714358031294
3.672241812960913,4.276420341800618,-0.604178528839705
5.090985646749915,5.233026305931434,-0.14204065918151887
3.540379445795492,3.751545862394698,-0.2111664165992062
5.455321115357702,5.660123368032652,-0.20480225267495022
4.5173220954148965,4.466200129666202,0.05112196574869454
4.691347882229144,4.577723360250903,0.11362452197824169
5.869296913133774,5.664408659175016,0.20488825395875843
4.948759890378168,4.839490171707205,0.10926971867096302
3.779177092094717,3.8934318656258253,-0.11425477353110836
6.3473892096560105,6.2715546562514,0.07583455340461054
6.8001700683022,5.444392870098395,1.3557771982038052
5.791488055075306,5.945529506659494,-0.15404145158418814
6.533207273508694,6.663267163723166,-0.13005989021447206
4.156223299267966,3.9806744851502116,0.17554881411775414
6.014326216251244,5.989821222278451,0.024504993972793265
5.303304908059076,5.340785755046085,-0.03748084698700893
5.181783550292085,5.144193280479125,0.03759026981296021
4.962844630259907,4.985084759847814,-0.022240129587906665
6.0390635259072605,6.01360203365094,0.025461492256320106
5.902633333401366,5.896450940265801,0.006182393135564901
4.782060352784839,4.757407177020359,0.024653175764480117
3.688879454113936,4.512063003725732,-0.8231835496117963
4.983606621708336,5.019927205923887,-0.03632058421555051
4.2937417198063095,4.652313273472341,-0.35857155366603166
5.327876168789581,5.142006937851842,0.18586923093773944
4.584967478670572,4.644540405375989,-0.059572926705416585
4.795790545596741,4.817282979361785,-0.021492433765043728
5.047738382047758,5.110073730988109,-0.06233534894035131
5.5053315359323625,5.522191185396644,-0.016859649464281645
5.07829394257007,5.186279712657669,-0.10798577008759835
5.404927101606295,5.744835932352323,-0.33990883074602785
7.225814386792591,7.018527720008145,0.2072866667844453
5.522620245582093,5.5798313282672485,-0.05721108268515529
4.973279507552487,4.998281346198853,-0.02500183864636618
5.564750265960644,5.857015276345248,-0.29226501038460384
5.771441123130016,5.762877844591406,0.008563278538609609
5.62040086571715,5.763917225607677,-0.14351635989052713
4.442651256490317,4.453484966701887,-0.010833710211570313
5.817111159963204,6.0427799170173255,-0.22566875705412137
6.352629396319567,6.044412342145699,0.308217054173868
4.770684624465665,4.792195203716169,-0.021510579250503703
5.2045559867335625,5.294347169796895,-0.08979118306333245
4.927253685157205,4.872301854813242,0.05495183034396334
4.61512051684126,4.57915926217223,0.03596125466902933
5.902633333401366,5.74754483850466,0.15508849489670595
6.941509153087356,5.695418157014272,1.2460909960730842
4.394449154672439,4.365654238187026,0.028794916485413324
5.537334267018537,5.655937022571903,-0.11860275555336663
5.602118820879701,5.731153155351233,-0.12903433447153212
5.707110264748875,5.7949360402511605,-0.0878257755022851
4.225372824628505,4.4724384013239025,-0.2470655766953973
5.827473946998751,5.838753844050756,-0.011279897052005161
5.831882477283517,5.465726816497137,0.3661556607863803
4.795790545596741,4.809528202634838,-0.013737657038096707
4.762173934797756,4.799728716054771,-0.037554781257014724
4.3694478524670215,4.510329945053339,-0.14088209258631768
4.48863636973214,4.45743290820476,0.031203461527379517
5.453182077108952,5.460284923428621,-0.007102846319669176
4.890349128221754,5.048612023389874,-0.15826289516812064
5.121997761949716,5.175215826726481,-0.053218064776764606
5.082645830072528,5.275955685944689,-0.19330985587216087
5.598421958998375,5.568267699694742,0.030154259303633246
5.31566600488265,5.322023970683185,-0.006357965800535048
5.184588601219693,5.08597786082391,0.09861074039578366
5.262690188904886,5.149874429103941,0.11281575980094427
6.523562306149512,5.773540173348131,0.750022132801381
4.718498871295094,4.781401523818493,-0.0629026525233991
6.311008592708507,6.312034016582899,-0.001025423874391862
6.887552571664617,6.655163972245964,0.23238859941865364
4.582003907956252,4.77052740610589,-0.18852349814963798
4.736198448394496,4.6494482937051185,0.08675015468937719
4.598447640227264,4.674172597490912,-0.07572495726364803
4.248495242049359,4.394892456644833,-0.14639721459547328
5.37989735354046,5.326404148154498,0.05349320538596203
4.882801922586371,4.910298950730298,-0.027497028143927515
4.999304677753871,5.134831057001973,-0.13552637924810185
5.216727629508083,5.2245191034865295,-0.007791473978446817
4.564348191467836,4.955771759277307,-0.3914235678094711
4.6491870714048655,4.518098961840025,0.13108810956484085
6.3972629330062665,6.393199571758818,0.004063361247448327
5.560681631015528,5.550785773218062,0.009895857797465268
4.532599493153256,4.594318401816158,-0.061718908662901306
4.59511985013459,4.5831965066696965,0.011923343464893321
6.516193076042964,6.445522755798478,0.07067032024448583
5.342334251964811,5.185699533272596,0.15663471869221457
7.2078598714324755,7.084773971895417,0.12308589953705873
4.709530201312334,4.703332603840015,0.006197597472318961
5.231108616854587,5.277073644205892,-0.04596502735130503
5.241747015059643,5.2597827747912325,-0.018035759731589884
6.428105272684596,6.457904853772826,-0.029799581088229665
5.181727368938661,4.661142019369368,0.5205853495692931
6.688354713946762,6.7320785524073266,-0.043723838460564934
5.484796933490655,5.314588276209044,0.17020865728161105
5.384495062789089,5.369446564975984,0.015048497813104689
5.424950017481403,5.81632819725214,-0.3913781797707374
5.551679696446243,5.582918083711487,-0.031238387265243972
6.823677775790925,6.836846048878212,-0.013168273087287297
4.02535169073515,4.178911404859933,-0.15355971412478375
3.8426729272933526,4.405417182632495,-0.5627442553391422
4.61512051684126,4.741564616943674,-0.12644410010241458
5.377590547442544,5.412313220773769,-0.03472267333122492
4.663439094112067,4.380349028001503,0.28309006611056375
5.860786223465865,5.060108371390749,0.8006778520751165
6.19644412779452,6.07945836208031,0.11698576571420993
4.143134726391533,4.12777490869115,0.015359817700382195
5.498928969355161,5.571074319769463,-0.07214535041430192
5.315174483614459,5.503695633785335,-0.18852115017087545
4.564348191467836,4.521922744247844,0.04242544721999231
5.290789100127245,5.437452500975121,-0.146663400847876
4.926818808003145,4.860736780414904,0.06608202758824078
5.730099782973574,5.720165385592065,0.009934397381509363
6.3818160174060985,6.394360139641854,-0.01254412223575585
6.447305862541213,6.120878624577439,0.3264272379637738
4.465908118654584,4.518078592723834,-0.052170474069249906
4.158883083359672,4.0913851382788025,0.06749794508086993
5.648974238161206,5.689635113309268,-0.04066087514806149
5.288267030694535,5.109622238342065,0.1786447923524701
4.0943445622221,4.374754987579421,-0.28041042535732075
4.30406509320417,4.356063832761427,-0.051998739557256535
5.638354669333745,5.658203084716917,-0.019848415383171947
5.247024072160486,5.302738680272822,-0.05571460811233564
6.349138991379798,6.071008264905293,0.27813072647450454
5.771441123130016,5.201753268608062,0.5696878545219537
6.131226489483141,6.217993436127747,-0.08676694664460616
4.886582645426277,4.800668821510665,0.08591382391561186
4.51085950651685,4.517229429339931,-0.006369922823081353
5.55074783848714,5.707720837707952,-0.15697299922081243
5.62040086571715,5.560606132376739,0.059794733340410744
3.871201010907891,4.191829693934971,-0.3206286830270799
3.8501476017100575,4.086128753504008,-0.23598115179395052
4.718498871295094,4.878309852398692,-0.1598109811035977
5.323985113296614,5.497090153467246,-0.17310504017063177
6.34948858061601,6.222619127614946,0.12686945300106434
4.634728988229636,4.549059153046334,0.08566983518330229
3.8809450498572846,4.1255860882858055,-0.24464103842852092
6.385194398997726,6.466061008335749,-0.08086660933802303
5.707110264748875,5.708541180072244,-0.0014309153233682537
5.468060141135132,5.359049183004946,0.10901095813018635
3.713572066704308,3.7220055089416655,-0.008433442237357536
5.303304908059076,5.323540488024046,-0.02023557996496983
4.969813299576001,4.956680543764698,0.01313275581130302
5.479429859385319,5.375072453126335,0.10435740625898404
4.8283137373023015,4.863168451866839,-0.03485471456453748
5.62040086571715,5.5847625564484416,0.035638309268708035
5.525452939131784,5.646514084211339,-0.12106114507955468
5.75890177387728,5.931896702762147,-0.1729949288848669
5.529310032805645,5.618407147403282,-0.08909711459763692
4.624972813284271,4.647756558528066,-0.022783745243795117
5.755742213586912,5.619480829269213,0.13626138431769963
7.007600613951853,6.878792513664459,0.12880810028739376
6.288787496596443,6.338233775043297,-0.049446278446853675
4.3694478524670215,4.343409360464148,0.02603849200287378
4.219507705176107,4.558166513436523,-0.3386588082604156
5.519458915191573,5.907191778714905,-0.3877328635233317
4.477336814478207,4.379499508991348,0.0978373054868591
5.7745515455444085,5.772713585425462,0.0018379601189462136
5.963579343618446,5.870565349782451,0.09301399383599485
4.394449154672439,4.356991045622917,0.03745810904952229
5.40357787720553,5.581710733290934,-0.17813285608540408
6.547359134241551,6.0702049940548966,0.4771541401866548
5.929589143389895,5.338874820098652,0.5907143232912428
5.220355825078324,5.117911615473419,0.10244420960490519
4.879006851617819,4.966657386672402,-0.08765053505458287
4.110873864173311,4.178639710170033,-0.06776584599672208
5.021509290648134,5.500804141539696,-0.479294850891562
6.018593214496234,5.40929009595045,0.6093031185457845
5.733341276897746,5.9273363880112875,-0.19399511111354162
5.484796933490655,5.384755350235853,0.10004158325480184
4.855928904335275,5.045583136246306,-0.1896542319110317
5.372960909543803,4.801304921017657,0.5716559885261461
4.499809670330265,4.436295325680449,0.06351434464981587
5.525452939131784,5.148087992504361,0.3773649466274236
6.756932389247553,6.7270968116258825,0.029835577621670772
5.117993812416755,5.117982283187443,1.1529229312579048e-05
6.049733455231958,6.072175747697248,-0.02244229246529006
6.09807428216624,5.862216613097437,0.23585766906880323
5.288267030694535,5.419487444938569,-0.13122041424403363
7.082884365194587,6.789065206255621,0.29381915893896604
5.941486177301741,5.951360004865697,-0.009873827563956716
5.83627165770228,5.830111096716303,0.00616056098597717
3.6635616461296463,3.64645322120666,0.017108424922986476
5.4359030295006,5.470407631319219,-0.03450460181861903
6.074195944705447,5.615292986726193,0.4589029579792534
4.5591262474866845,4.591219495751826,-0.03209324826514148
6.205910382718996,5.973813283109362,0.23209709960963387
6.738780259595579,6.358236818116221,0.38054344147935826
6.069975312726496,6.0092146195490335,0.060760693177462244
5.301661767798426,5.368138509692686,-0.06647674189426045
4.394449154672439,4.681291480697902,-0.28684232602546267
5.739792912179234,5.666403932488637,0.07338897969059666
4.605170185988092,4.548376974451065,0.05679321153702688
4.836281906951478,4.789808935844475,0.046472971107003325
4.605170185988092,4.4798370535545295,0.12533313243356226
4.992674968719263,5.083472666274072,-0.09079769755480882
3.828641396489095,4.1515427890226775,-0.3229013925335824
5.049856007249537,5.266336705844946,-0.21648069859540886
5.081404364984463,5.037257985863273,0.044146379121190016
5.367516883349041,5.282625651056578,0.08489123229246331
5.0271645960474665,4.988957582939083,0.03820701310838359
4.02535169073515,4.159045282777468,-0.13369359204231834
5.811140992976701,6.163747960087507,-0.3526069671108063
4.07753744390572,4.3976933534661375,-0.32015590956041784
5.530737754642455,5.506624383747119,0.024113370895336494
7.225814386792591,7.143577392326137,0.08223699446645316
3.4375293109095457,4.1181471650901615,-0.6806178541806158
5.6507332535663855,5.608995131488251,0.041738122078134765
4.867534450455582,4.88242280069559,-0.014888350240007675
4.59511985013459,4.701135765765846,-0.10601591563125634
4.584967478670572,4.396840693625796,0.1881267850447763
4.955827057601261,5.058721370876602,-0.10289431327534082
5.343911954106429,5.081531695665841,0.26238025844058743
5.135798437050262,5.208266963704213,-0.07246852665395132
4.603168183317418,4.691770683171098,-0.08860249985368007
5.631211781821365,5.536561756222745,0.09465002559862068
4.868841288478369,4.865643581683577,0.0031977067947916993
6.573680166960646,6.6670380800003235,-0.09335791303967778
5.276071757600717,5.163607992053977,0.11246376554674065
4.021953064800342,4.06868768783757,-0.04673462303722786
6.182084906716632,6.154160287539695,0.027924619176936893
5.9718993916131415,5.918660573052711,0.053238818560430445
4.110873864173311,4.101883487769405,0.008990376403906097
5.508051410952312,5.529685557172638,-0.021634146220326222
5.497168225293202,5.565369944242771,-0.0682017189495685
5.231108616854587,5.174982358035771,0.056126258818816055
4.975353479951616,5.014473664031437,-0.03912018407982032
6.38856140554563,6.345814384330762,0.0427470212148684
4.16418152181088,4.322504792731107,-0.1583232709202269
4.0943445622221,4.012561577305954,0.08178298491614644
3.9889840465642745,3.982967370903357,0.006016675660917681
4.132282401562493,4.222423884952721,-0.09014148339022832
4.875197323201151,5.296228990317157,-0.42103166711600615
6.175180963965499,5.9749794324190315,0.20020153154646714
4.948759890378168,4.941957535092285,0.006802355285883799
4.430816798843313,4.405582510496546,0.02523428834676711
4.746669748261791,4.6086084557086116,0.13806129255317945
5.418940808871775,5.541558641643096,-0.12261783277132121
5.766757273817589,6.00486240614096,-0.23810513232337094
5.961005339623274,5.930855004678969,0.03015033494430419
4.77912349311153,4.824166105324669,-0.04504261221313932
5.407171771460119,5.477605434436125,-0.07043366297600606
6.13599769784028,6.104074829367923,0.03192286847235781
5.342334251964811,5.500641120133375,-0.1583068681685642
5.58724865840025,5.440296509058246,0.1469521493420034
3.9318256327243257,4.257996103184564,-0.3261704704602386
5.351858133476067,5.32459801026543,0.027260123210636422
3.8097687713893897,3.8646970831510434,-0.05492831176165369
5.707110264748875,5.780127353141201,-0.07301708839232557
4.35939751661352,4.18909195305831,0.17030556355521043
5.356586274672012,5.178018740706512,0.1785675339655004
4.983606621708336,4.887138053026965,0.0964685686813711
5.389071729816501,5.5267400459270215,-0.13766831611052055
5.117993812416755,4.816742740759195,0.3012510716575605
3.7954891891721942,3.9317219738574565,-0.13623278468526223
5.726847747587197,6.109032918209675,-0.3821851706224786
5.499215308914927,5.520719881303387,-0.021504572388460375
5.4875731591948895,5.247846588163718,0.2397265710311718
4.310799125385514,4.206844132836646,0.10395499254886786
5.396804313262691,5.2796968991785835,0.1171074140841073
4.812184355372417,4.895259291541398,-0.08307493616898132
5.734958092124651,5.915149204695997,-0.1801911125713458
4.343805421853684,4.463969632927715,-0.12016421107403108
4.68213122712422,4.731966284327475,-0.04983505720325532
5.641410493763365,5.53216131070246,0.10924918306090525
5.14166355650266,5.225400087833511,-0.08373653133085046
5.178970608915471,5.06553650049065,0.11343410842482093
5.019462882698935,5.179946964202719,-0.16048408150378357
4.099995233730915,4.464471831749461,-0.3644765980185456
5.2225156531317545,4.97944203858183,0.2430736145499246
5.773526175311485,6.35170429282315,-0.5781781175116656
3.9219733362813134,3.8851528968302365,0.036820439451076936
5.517452896464707,5.418546019470219,0.09890687699448808
5.989788142727037,5.416185910038031,0.573602232689006
5.043425116919247,4.95944061944628,0.08398449747296688
6.2166061010848646,5.766282475182467,0.4503236259023975
5.4510384535657,5.691174056790522,-0.24013560322482164
4.844187086458591,4.742989306737744,0.10119777972084698
4.430816798843313,4.258821952085581,0.17199484675773213
3.8426729272933526,4.085823533538376,-0.24315060624502305
5.351858133476067,5.27680242141773,0.07505571205833661
5.685279003091641,5.77347784521453,-0.08819884212288898
4.941642422609304,5.049239380877285,-0.10759695826798144
6.175867270105761,5.9784660683117545,0.19740120179400655
5.351858133476067,5.396402334247375,-0.04454420077130816
5.420534999272286,5.284950067251501,0.1355849320207856
5.110540959071118,4.053692131940682,1.0568488271304357
5.407171771460119,5.4203324470482075,-0.013160675588088644
5.771441123130016,5.334293360853174,0.43714776227684204
5.802118375377063,6.046987905770413,-0.24486953039335013
6.114787763139981,6.0275904690296915,0.08719729411028965
6.984901488158791,6.755853888432252,0.2290475997265391
4.820281565605037,4.701755824957045,0.11852574064799182
4.174387269895637,4.0416855106081,0.1327017592875368
7.18146265868826,6.502643716205841,0.6788189424824189
4.77912349311153,4.742514903662362,0.036608589449167894
5.844992643207725,5.880187005080653,-0.03519436187292779
5.000584958242754,5.171965828160894,-0.1713808699181394
5.393627546352362,5.373400973014106,0.02022657333825606
5.707110264748875,5.679817861272623,0.027292403476252503
5.797788774475323,5.031386416066975,0.7664023584083477
4.2408950047047895,4.001370937288752,0.2395240674160375
5.308267697401205,5.408657040976919,-0.1003893435757135
5.602118820879701,5.834884309512275,-0.23276548863257407
4.908381060057499,5.14542763604952,-0.2370465759920215
3.970291913552122,4.749337465610352,-0.7790455520582298
4.314149212270796,4.301999685682092,0.012149526588704163
5.3471075307174685,5.484743064114251,-0.13763553339678225
5.206750173022546,5.143664695959321,0.06308547706322543
5.19295685089021,5.234526053148479,-0.04156920225826877
5.438079308923196,5.20924774224556,0.22883156667763593
4.2859286446285445,4.283570988678529,0.002357655950015136
4.343805421853684,4.8894799796064525,-0.5456745577527684
4.709530201312334,5.079916019527266,-0.370385818214932
4.454347296253507,4.610166342497765,-0.15581904624425746
4.794550107149492,4.106456150051385,0.6880939570981068
4.740574822994295,4.9056451246236605,-0.16507030162936598
5.135798437050262,5.349456333084914,-0.21365789603465224
4.0943445622221,3.940988781778641,0.15335578044345954
4.297285406218791,4.998527344753458,-0.7012419385346673
5.207681246288592,5.18960653884738,0.018074707441211757
5.617970378242053,5.4361186238084755,0.18185175443357782
4.597138014290827,4.4219944069726,0.1751436073182271
4.276666119016055,3.940118854747567,0.33654726426848836
6.186208623900494,6.131433051096051,0.05477557280444234
5.603335792246684,5.57149099136996,0.03184480087672359
5.703782474656201,5.710669981435765,-0.006887506779563957
6.6039438246004725,6.697571690749147,-0.09362786614867424
6.046591732733295,6.023951792393296,0.02263994033999861
6.001414877961151,4.858262682130364,1.1431521958307878
5.715381610499553,5.551152932781271,0.16422867771828198
4.430816798843313,4.199020166183267,0.23179663266004624
5.8805329864007,5.776148256583841,0.10438472981685898
4.919980925828125,4.8697817559052625,0.05019916992286255
5.099866427824199,5.338097879359701,-0.23823145153550218
4.454347296253507,4.605842791996762,-0.15149549574325505
4.248495242049359,4.192269283491027,0.05622595855833268
4.07753744390572,4.529772686551185,-0.45223524264546544
4.04305126783455,4.418612673495732,-0.37556140566118135
4.663439094112067,4.603449135135879,0.059989958976188085
5.212705010472114,4.3490699278822555,0.8636350825898589
5.66815529701305,5.660168125446813,0.007987171566237627
3.784189633918261,3.79173337965521,-0.007543745736949159
4.430816798843313,4.478009518409151,-0.047192719565837926
4.6443908991413725,4.40034505530093,0.2440458438404427
4.590056548178043,4.486786674169272,0.10326987400877119
4.963543686562405,4.712814939838954,0.2507287467234507
5.158940350079394,5.31069106053771,-0.151750710458316
5.295212551594558,4.967971592024927,0.3272409595696306
4.718498871295094,4.385378699734178,0.3331201715609158
4.736198448394496,4.82342010486198,-0.08722165646748437
4.394449154672439,4.46295804151062,-0.06850888683818113
3.801314883443725,3.848037822702544,-0.046722939258819096
4.677490847567717,4.765506454822751,-0.08801560725503421
6.399310152915205,5.871065849243962,0.5282443036712428
3.9415818076696905,4.03920671369422,-0.09762490602452978
5.247024072160486,4.970713443797533,0.2763106283629533
4.852030263919617,4.559448978680044,0.2925812852395726
4.110873864173311,4.92057338234448,-0.8096995181711684
5.429345628954441,5.545654786584519,-0.1163091576300781
5.14166355650266,5.137727882290074,0.0039356742125864486
5.934894195619588,4.851335711392389,1.0835584842271988
5.393627546352362,5.203528378797286,0.1900991675550756
5.123963979403259,5.000498523020683,0.12346545638257567
5.197114861038874,5.21282686938163,-0.015712008342756434
4.07753744390572,4.292012834140691,-0.21447539023497164
4.631812116934513,4.791693573921525,-0.15988145698701217
6.137727054086234,6.209423403474924,-0.07169634938868974
5.912150740388256,5.866210565271525,0.045940175116730764
6.001414877961151,5.771842679918355,0.2295721980427965
4.762173934797756,5.056949709677521,-0.29477577487976436
5.099866427824199,4.866507086785158,0.23335934103904066
5.800606659291741,6.040107756410414,-0.23950109711867285
6.63200177739563,6.612151637974189,0.019850139421441426
5.409411414053624,5.490949016504166,-0.08153760245054187
5.849324779946859,5.8516148257070855,-0.002290045760226178
3.9318256327243257,4.0238781119459475,-0.09205247922162174
4.912654885736052,4.956130418624255,-0.04347553288820283
4.875197323201151,4.934715720342147,-0.05951839714099538
6.09807428216624,5.887514107486967,0.2105601746792729
4.02535169073515,4.026003566878438,-0.0006518761432880993
5.241747015059643,5.332131653295046,-0.09038463823540344
6.103117722388829,6.146258893992919,-0.04314117160409037
4.969813299576001,4.909800550065853,0.06001274951014768
4.23830059563929,4.724208913089769,-0.48590831745047947
5.662960480135946,5.678428366412504,-0.01546788627655804
7.170888478512505,6.990043128768444,0.18084534974406097
4.3694478524670215,4.343441352509147,0.02600649995787485
6.056784013228625,5.913581360065908,0.1432026531627164
6.017375928892483,5.870846641203174,0.14652928768930895
5.6240175061873385,5.567813799732762,0.05620370645457662
6.13664655695248,6.100431711586939,0.036214845365541315
3.8501476017100575,3.8977655020192796,-0.04761790030922208
4.382026634673881,4.402857446249616,-0.020830811575734742
5.068904202220232,4.76016481820847,0.30873938401176204
7.127693699347399,6.58794230954208,0.5397513898053194
5.37989735354046,5.331127784719398,0.048769568821061426
4.953712146696635,5.1260092234424475,-0.17229707674581274
5.14166355650266,5.232588740908204,-0.09092518440554365
6.493753839851686,6.378207963325961,0.1155458765257249
6.018593214496234,5.811700633421773,0.2068925810744613
5.755742213586912,5.552881191845867,0.20286102174104492
4.290459441148391,4.231283901582742,0.059175539565648805
4.365643155423357,4.447558444607544,-0.08191528918418634
4.276666119016055,4.356877242282806,-0.08021112326675084
4.869839484130799,4.89764324030845,-0.02780375617765074
4.173001695045377,4.744879117214135,-0.5718774221687584
4.204692619390966,4.234833489155999,-0.030140869765033607
5.638354669333745,5.584307571032778,0.0540470983009671
4.048824046920291,4.251047821334351,-0.20222377441406003
4.356708826689592,4.9751027212540455,-0.6183938945644538
5.166213525914699,5.090363841385965,0.07584968452873397
5.267858159063328,5.257334053257393,0.01052410580593488
4.166665223801727,4.245748858664437,-0.07908363486270975
5.68504128383696,5.523741532312771,0.16129975152418918
4.23410650459726,4.495159817842448,-0.26105331324518843
5.424950017481403,6.003166913456165,-0.5782168959747622
4.890349128221754,4.964990491157127,-0.07464136293537305
5.53338948872752,5.1797988494853175,0.3535906392422028
5.539968589417986,5.473569803963675,0.06639878545431177
5.157156946759023,5.443149091599897,-0.28599214484087376
5.807151007633235,5.7753091341156555,0.03184187351757917
4.653960350157523,4.613206029434253,0.0407543207232699
5.761264910069563,5.755662145411576,0.005602764657987258
5.432848259505643,5.366770656777332,0.06607760272831076
5.766225050834909,5.748528862922566,0.017696187912343397
5.220355825078324,5.339998038542257,-0.11964221346393256
3.951243718581428,4.091107614747238,-0.13986389616581008
5.075173815233827,5.028364390635314,0.04680942459851245
5.739792912179234,5.758093284858179,-0.018300372678945465
5.558101381957238,5.525899734625768,0.03220164733146991
4.477336814478207,4.483169167918267,-0.005832353440060167
6.572282542694008,6.677421226301602,-0.10513868360759382
4.918739279391719,4.962731773261889,-0.0439924938701699
3.9982007016691994,4.1165658289785325,-0.11836512730933313
5.272999558563747,5.38846601956731,-0.11546646100356295
5.8888779583328805,5.924047689640585,-0.03516973130770484
6.365610971958719,6.5054906583311976,-0.1398796863724785
5.218570448457781,4.817917432344296,0.4006530161134849
5.432454825477268,5.354316293305215,0.07813853217205313
5.267858159063328,5.102573991380138,0.16528416768319065
4.78004743589281,4.929593777570686,-0.14954634167787617
4.7535901911063645,4.7000556627006045,0.05353452840576001
5.545177444479562,5.584789634450864,-0.03961218997130178
3.912023005428146,3.9515053352038834,-0.0394823297757374
4.6851821239574765,5.262606745379537,-0.5774246214220602
4.672828834461906,4.489857190406585,0.1829716440553204
4.948759890378168,4.966838509001723,-0.0180786186235542
3.8501476017100575,3.771422316138077,0.07872528557198066
5.811140992976701,5.597398440704611,0.21374255227209016
5.784501876397576,5.04900556028739,0.7354963161101864
4.749270529961848,4.837583178136567,-0.0883126481747194
5.3981627015177525,5.372193369078932,0.02596933243882038
6.326149473155099,6.652574011563594,-0.32642453840849495
5.184588601219693,5.216935518374246,-0.032346917154552735
5.278114659230517,5.316208572422917,-0.03809391319239985
4.174387269895637,4.465647548783823,-0.2912602788881866
4.0943445622221,4.265746853551834,-0.17140229132973328
6.040254711277414,5.940367380780567,0.09988733049684662
5.633360010359655,5.518510393873361,0.11484961648629444
6.192362489474872,5.799725970430061,0.3926365190448111
4.624972813284271,4.518936696814203,0.10603611647006783
5.5053315359323625,5.417587534517511,0.08774400141485117
5.003946305945459,4.885971075034026,0.11797523091143347
6.001414877961151,5.912754181858902,0.08866069610224958
5.497659907676295,5.362706901636166,0.13495300604012872
4.962844630259907,5.020615529389968,-0.05777089913006073
4.299595660694722,4.174357239084536,0.12523842161018628
5.049856007249537,5.229625833089268,-0.1797698258397311
6.26530121273771,6.371434162658769,-0.10613294992105882
6.096950054953959,6.054999873473296,0.04195018148066332
5.634789603169249,5.76694359730663,-0.13215399413738105
5.247024072160486,5.53914103426359,-0.2921169621031039
4.824305715904762,4.853030792418601,-0.028725076513839376
4.926818808003145,5.120655894101393,-0.1938370860982479
6.080848108242668,6.192498139610634,-0.11165003136796603
4.68213122712422,4.66388017064508,0.018251056479139827
5.427897212083932,5.627443460921017,-0.19954624883708494
5.407171771460119,5.490845507071639,-0.08367373561152025
5.621595803668254,5.426740847831485,0.19485495583676915
4.48863636973214,4.329078941133652,0.15955742859848776
5.65861075600948,5.893411873977139,-0.2348011179676588
3.981549068076757,3.91262882412615,0.0689202439506067
5.850966083567687,5.729761429338987,0.1212046542286993
4.95758607300644,5.033157275466042,-0.07557120245960203
5.583496308781699,5.731139835624036,-0.14764352684233728
5.631211781821365,5.79814408111329,-0.16693229929192466
5.418320158942733,5.416691905023472,0.0016282539192609136
4.060443010546419,4.061206999246547,-0.0007639887001280599
5.1670690799380825,5.4117076400883475,-0.24463856015026497
4.7535901911063645,4.4470957537455496,0.30649443736081494
4.330733340286331,4.311812720719147,0.018920619567183827
4.532599493153256,4.6607696064421456,-0.12817011328888928
6.342121418721152,6.196379967520966,0.14574145120018578
5.69035945432406,5.494775938716676,0.1955835156073844
3.713572066704308,3.81129717384915,-0.09772510714484195
3.424588334452731,3.4273417897026595,-0.002753455249928649
4.189654742026425,4.297224325981702,-0.10756958395527683
6.900982394694708,6.461739364126372,0.4392430305683357
7.225814386792591,5.284510227736318,1.9413041590562727
5.331123318273214,5.1480594418645405,0.1830638764086734
6.133398042996649,6.1239805404425764,0.009417502554072144
4.704110133842995,4.787102110157511,-0.08299197631451527
4.8283137373023015,4.933360569634286,-0.10504683233198442
4.120174738923119,4.276872520437876,-0.15669778151475722
4.394449154672439,4.3636920462225115,0.030757108449927628
5.3447714709199206,5.480843502150926,-0.13607203123100575
6.195771804075897,6.228916934119075,-0.033145130043178206
4.691347882229144,5.269029422423493,-0.5776815401943489
4.189654742026425,4.3541472499974745,-0.1644925079710493
4.663439094112067,4.682926594907639,-0.019487500795571933
5.381416935717611,5.481427690932363,-0.10001075521475222
4.48863636973214,4.483757482117375,0.0048788876147645155
5.926926025970411,5.915028204253998,0.011897821716412516
5.447814377693948,5.546562815778026,-0.09874843808407796
4.107096246147264,4.744525139209445,-0.6374288930621814
5.797576353942562,5.892488610014298,-0.09491225607173615
5.233778845410465,5.27250858499231,-0.03872973958184467
5.484796933490655,5.427345443383964,0.057451490106690706
4.465908118654584,4.56724192229621,-0.10133380364162647
5.313205979041787,4.58908190156641,0.724124077475377
3.7932394694381792,3.853399555007009,-0.06016008556882957
3.828641396489095,3.8024982127793034,0.02614318370979163
5.062595033026967,5.267107462118129,-0.20451242909116196
6.119197913617533,6.122644867945273,-0.003446954327739782
5.898389367828222,5.993956730608475,-0.0955673627802529
5.049856007249537,5.108304744493379,-0.05844873724384225
4.110873864173311,4.236212708396819,-0.12533884422350727
5.616771097666572,5.21716562611711,0.3996054715494619
5.136621627547738,5.007346307842347,0.12927531970539086
6.811244378601294,6.369926971711678,0.44131740688961596
5.4510384535657,5.337920922379524,0.11311753118617585
5.453909863599967,5.670600654544132,-0.2166907909441651
4.174387269895637,4.1541665361277635,0.020220733767873256
4.330733340286331,4.689465635815241,-0.3587322955289096
4.454347296253507,4.419201295096671,0.035146001156836526
5.7430031878094825,5.272972749180999,0.47003043862848326
4.465908118654584,4.512162002761301,-0.04625388410671771
6.18826412308259,6.426465567740643,-0.2382014446580536
5.860786223465865,5.84184711447845,0.018939108987415132
5.087596335232384,5.119553325819688,-0.03195699058730472
6.390794205110063,6.381850126389974,0.008944078720088733
6.3721757907499175,5.766796805065587,0.6053789856843306
4.927253685157205,4.643559242042491,0.28369444311471437
6.042300236810477,6.101345956635301,-0.05904571982482398
6.096567529606991,6.189641112650008,-0.09307358304301694
4.795790545596741,5.085419627795339,-0.28962908219859784
5.1084876942637605,4.985846026894528,0.12264166736923254
6.9133098238954656,7.318198878399196,-0.40488905450373025
5.3471075307174685,5.353136991127267,-0.006029460409798126
3.6375861597263857,3.8909392377162124,-0.25335307798982676
4.8247072417081895,5.4402284607646285,-0.615521219056439
5.755742213586912,5.598828184304159,0.15691402928275355
5.391352232515226,5.298033382721224,0.09331884979400229
5.512581613255652,5.908379867414508,-0.39579825415885583
5.93436495506741,5.907860320460845,0.026504634606564714
5.638354669333745,5.441739405024599,0.19661526430914655
4.0943445622221,4.220344216193409,-0.1259996539713084
5.375278407684165,5.309518825315885,0.06575958236828061
4.770684624465665,4.9314100148645315,-0.16072539039886635
5.272999558563747,5.273764251621975,-0.0007646930582279055
6.835184586147301,7.042903560878584,-0.2077189747312831
5.940828931139402,6.145356824874382,-0.20452789373497993
4.74493212836325,4.93095295455643,-0.18602082619317972
4.584967478670572,5.11161831138719,-0.5266508327166175
5.367516883349041,5.206143988392632,0.1613728949564095
5.59285091394892,5.622181295957056,-0.029330382008135203
5.150397236471415,4.843928006343546,0.30646923012786864
5.093750200806762,4.987703027978813,0.10604717282794951
5.583496308781699,5.941491245808704,-0.357994937027005
5.796057750765372,5.788754257568838,0.0073034931965336725
6.408528791059498,6.270146002732809,0.13838278832668927
5.153291594497779,5.2552291366936545,-0.10193754219587525
6.2166061010848646,5.142572375367878,1.074033725716987
5.332718793265369,5.1650135434594455,0.16770524980592327
5.712643103088397,5.824356839192621,-0.11171373610422375
5.744060321154771,5.691077422700063,0.05298289845470805
4.276666119016055,4.390043183439961,-0.11337706442390605
4.119037174812473,4.011067531665809,0.10796964314666369
6.745236349484363,6.651473932425772,0.09376241705859023
5.476463551931511,5.492677675754972,-0.016214123823460547
5.382980154426746,5.26569497107696,0.11728518334978588
6.028278520230698,6.15275466753335,-0.12447614730265233
5.176149732573829,5.035342526380054,0.14080720619377463
5.480638923341991,4.976568547675608,0.5040703756663829
5.4961431098779565,5.394403111691415,0.10173999818654167
5.541263545158426,5.536025280345277,0.0052382648131485965
5.266362195306486,5.126897316752659,0.1394648785538264
4.564348191467836,4.463097279862679,0.10125091160515698
4.406719247264253,4.44888090942231,-0.0421616621580565
4.189654742026425,4.299368930338472,-0.10971418831204716
5.718999440461062,5.971277645838057,-0.25227820537699586
4.06474409244581,4.366956838266008,-0.3022127458201975
5.354224998486333,5.2340409017521585,0.12018409673417452
4.908971640319756,4.830140248953535,0.07883139136622042
4.948759890378168,5.0183061042706765,-0.06954621389250804
4.7535901911063645,4.453823498679232,0.2997666924271325
5.483426700544313,5.423788142643817,0.0596385579004961
5.202687135532787,5.328245846106795,-0.12555871057400836
4.795790545596741,4.783060491851137,0.012730053745604764
5.612215281130711,5.506273104421149,0.10594217670956141
4.143134726391533,4.063460334791522,0.07967439160001089
5.44673737166631,5.481233462805818,-0.034496091139508245
5.58116276110829,5.523125625697998,0.05803713541029243
5.288267030694535,5.027329375818902,0.26093765487563303
5.318119993844216,5.471866021802377,-0.15374602795816106
5.4510384535657,5.436163662932076,0.01487479063362418
4.0943445622221,4.060855474935084,0.03348908728701616
7.126890808898808,6.311249451610257,0.815641357288551
5.161924741642482,5.244788943777698,-0.08286420213521684
5.033700567027251,5.0182904718034,0.015410095223851172
5.358941988364472,5.596488445323294,-0.23754645695882193
4.276666119016055,4.659133835089529,-0.3824677160734735
4.955827057601261,5.280293720803187,-0.3244666632019264
5.407171771460119,5.735836845937793,-0.3286650744776738
5.455321115357702,5.420666381906169,0.034654733451533026
4.843478173822073,4.86948682240902,-0.026008648586946848
4.672828834461906,4.8776510251994365,-0.20482219073753072
4.060443010546419,4.044794084071472,0.01564892647494709
6.437751649736401,6.212563650193758,0.22518799954264335
6.205567353770043,6.179958804596069,0.025608549173973927
5.1328529268205045,4.944684590929177,0.1881683358913273
4.430816798843313,4.455671504515147,-0.024854705671833344
5.5073619934827445,5.651140986509805,-0.14377899302706076
4.543294782270004,5.133602990767194,-0.5903082084971905
5.235750234279208,5.181368254619137,0.054381979660070634
4.276666119016055,4.1091541029671035,0.16751201604895183
3.871201010907891,4.016333225167163,-0.14513221425927147
5.680172609017068,5.514315929249176,0.16585667976789153
5.818598149084783,5.9615995755500055,-0.14300142646522218
5.135798437050262,4.952701787680709,0.18309664936955272
6.715383386334681,6.610355658351426,0.10502772798325477
5.960489742808552,5.943357900452432,0.017131842356119975
4.926818808003145,4.30042907282445,0.6263897351786953
5.232444622397328,5.269556318326276,-0.0371116959289477
6.108513980410614,6.623755704241002,-0.5152417238303872
6.148468295917647,6.407954336887439,-0.2594860409697919
5.303304908059076,5.290596799321425,0.012708108737650825
3.5225296668296804,4.744169045187803,-1.2216393783581228
5.345916345347316,5.391810166590361,-0.04589382124304464
5.339123360940291,5.568597516953227,-0.22947415601293653
6.075346031088684,5.701302953834274,0.3740430772544103
4.934473933130692,4.932772225212,0.0017017079186922857
6.010654241501123,5.972680398260893,0.03797384324022968
5.582593645864985,5.721827607223744,-0.13923396135875965
6.90875477931522,6.012162572448879,0.896592206866341
7.225814386792591,7.285733929775095,-0.059919542982504126
5.75890177387728,5.846177781850319,-0.08727600797303836
4.983606621708336,5.060192877219149,-0.07658625551081233
4.814214812922799,4.484483193978871,0.3297316189439279
5.703782474656201,5.677987766497036,0.025794708159164514
3.8501476017100575,3.7360039992302196,0.1141436024798379
5.075173815233827,5.474142253480523,-0.3989684382466967
7.021307153666252,7.120287426803537,-0.09898027313728441
4.290459441148391,4.490239150275137,-0.19977970912674614
4.718498871295094,4.665014033221577,0.05348483807351734
4.983606621708336,5.0261400602501,-0.0425334385417635
5.147494476813453,5.219692999639981,-0.07219852282652806
6.675406993788242,6.595464868497131,0.07994212529111078
5.3612921657094255,5.494534613868643,-0.13324244815921737
5.926926025970411,5.860700104783221,0.06622592118718984
5.14166355650266,5.192911641873855,-0.05124808537119474
5.303304908059076,5.587303366275797,-0.283998458216721
4.859812404361672,5.49268241209659,-0.6328700077349181
7.158319425872339,7.081634267404224,0.07668515846811452
4.158883083359672,4.108430760041486,0.05045232331818639
5.5093883366279774,5.6533871138202,-0.14399877719222243
5.184588601219693,5.096907628125037,0.08768097309465617
6.870572487854421,6.897943130509449,-0.0273706426550282
6.451985860964225,6.5360485475115855,-0.0840626865473606
4.948759890378168,4.827204293661741,0.12155559671642724
5.472270673671475,5.597984987207893,-0.1257143135364176
4.276666119016055,4.198915459082297,0.07775065993375829
6.46302945692067,6.31644881419295,0.1465806427277201
5.3981627015177525,5.257988681920655,0.1401740195970973
5.575949103146316,5.457972550688511,0.11797655245780536
4.912654885736052,5.092075943316396,-0.17942105758034366
5.017279836814924,4.802414655673531,0.21486518114139308
5.297316866214453,5.344233170801189,-0.04691630458673579
5.351858133476067,5.324196204606743,0.027661928869323837
4.736198448394496,4.773994183252583,-0.03779573485808729
5.056245805348308,4.992386470828362,0.06385933451994585
4.3694478524670215,4.424782001695795,-0.055334149228773555
4.356708826689592,4.356343384330899,0.0003654423586922917
4.68213122712422,4.693044085388203,-0.010912858263982805
5.720311776607412,5.917490493700156,-0.19717871709274437
4.143134726391533,4.173915734675107,-0.030781008283573996
5.198497031265826,5.315800043032398,-0.11730301176657232
5.303304908059076,5.590780967464863,-0.2874760594057877
5.676753802268282,6.011642595662692,-0.33488879339441
5.941486177301741,5.86340535542245,0.07808082187929077
3.9318256327243257,4.789445256723241,-0.8576196239989149
5.980150787207709,6.04700663111553,-0.06685584390782129
5.6501355354254255,5.477741163218309,0.1723943722071164
5.814130531825066,5.735787996371344,0.07834253545372238
4.394449154672439,4.656836716465548,-0.2623875617931093
5.746203190540153,5.739970707290913,0.006232483249239529
6.1092475827643655,6.156050967467211,-0.046803384702845285
5.384495062789089,5.261899807103975,0.12259525568511354
5.752572638825633,5.709787432946966,0.0427852058786673
5.0466457316192885,4.862080096342978,0.18456563527631076
5.393627546352362,6.223660110701527,-0.8300325643491648
6.090744111199806,6.111527707805507,-0.020783596605701504
4.465908118654584,4.430420833098951,0.0354872855556323
5.11625577595994,5.100638936578639,0.015616839381300984
6.030685260261263,6.3183301760706945,-0.2876449158094312
4.916324614625014,4.850106168745836,0.06621844587917813
6.735780014242327,6.559505663553654,0.17627435068867303
4.598447640227264,5.157028959099649,-0.5585813188723847
4.925803358579558,5.083982003594206,-0.1581786450146474
5.574053367981417,5.179208626844286,0.3948447411371312
5.081404364984463,5.041293833518425,0.04011053146603771
4.663439094112067,4.687269273098289,-0.02383017898622164
4.460144413937834,4.4603522611923925,-0.00020784725455857966
5.600272098286537,5.566742349013872,0.033529749272664944
5.452410901885437,5.235350033730241,0.21706086815519576
3.995076560563432,4.127428119677571,-0.13235155911413887
4.543294782270004,4.548952899014873,-0.005658116744869268
4.983606621708336,5.140599975349607,-0.15699335364127087
5.564520407322694,5.598912903128275,-0.034392495805581014
4.48863636973214,4.478619705404165,0.010016664327974212
5.371985956473237,5.473013228352283,-0.1010272718790457
4.257171777528256,3.9185076463559825,0.3386641311722731
5.262690188904886,5.013602376243858,0.24908781266102764
4.564348191467836,4.885750689153071,-0.3214024976852352
4.816241156068032,4.877655706508974,-0.061414550440941795
4.02535169073515,4.186296382947203,-0.16094469221205365
5.757323241584231,5.704903056703521,0.05242018488071043
5.876334239854351,5.919148414766236,-0.042814174911884884
4.465908118654584,4.466956436766558,-0.0010483181119740337
4.663439094112067,4.720137821183355,-0.056698727071288424
4.624972813284271,4.511308175290888,0.11366463799338256
4.532599493153256,4.507412303120912,0.025187190032344375
4.812184355372417,5.220181142781706,-0.4079967874092887
6.565673337346305,6.125119209831961,0.44055412751434364
6.029482614295503,5.874513266312977,0.15496934798252582
3.3843902633457743,3.5929680963625206,-0.20857783301674626
4.663439094112067,4.556944779812338,0.106494314299729
4.127134385045092,4.362450295809702,-0.23531591076461034
6.598509028614515,6.469283434439955,0.12922559417456014
4.647558952479878,4.517110552535885,0.13044839994399293
5.83773044716594,5.892028128090132,-0.05429768092419174
5.495116942522644,5.251245187905393,0.24387175461725086
5.480638923341991,5.573220037833892,-0.09258111449190043
5.0238805208462765,5.088822538288303,-0.06494201744202677
4.394449154672439,4.405100712686692,-0.010651558014252771
5.713732805509369,5.676639489318543,0.03709331619082601
4.842216642471293,4.417431287255495,0.4247853552157981
5.872117789475416,5.942320712338714,-0.07020292286329788
4.787491742782046,4.596066906292757,0.19142483648928899
5.241747015059643,4.9765767494035495,0.26517026565609303
6.811398551738031,6.689245015730048,0.12215353600798284
4.197201947661808,4.343507210244733,-0.1463052625829251
4.663439094112067,4.493616077118314,0.16982301699375313
5.494089721066114,5.609031887583206,-0.11494216651709177
4.7535901911063645,4.762527344891749,-0.008937153785384844
6.236369590203704,6.19047059486037,0.04589899534333419
5.363168338867653,5.602369756589528,-0.2392014177218753
5.173887288169859,5.063383269770628,0.11050401839923119
4.709530201312334,4.7607265069642954,-0.05119630565196154
4.158883083359672,4.550608134875372,-0.39172505151569936
5.570251082031678,5.514901663578763,0.05534941845291552
4.406719247264253,4.915763685840908,-0.5090444385766544
4.5591262474866845,4.810324119342028,-0.2511978718553438
4.356708826689592,4.305421489320869,0.051287337368722596
4.48863636973214,4.638510715100933,-0.14987434536879363
5.14865659199363,4.198641772347653,0.9500148196459772
6.390727125906268,5.777900511889138,0.6128266140171297
6.642486801367256,6.92958080908007,-0.2870940077128141
5.7745515455444085,5.728249939373915,0.04630160617049395
5.32544603393629,5.328809920668387,-0.003363886732097754
5.033700567027251,5.41114513469811,-0.37744456767085843
4.418840607796598,4.422523269162925,-0.003682661366326556
4.553876891600541,5.078068326332269,-0.524191434731728
6.219595639933231,6.191028454101572,0.02856718583165918
4.795790545596741,4.9096624131913975,-0.11387186759465617
5.303304908059076,5.3208115055285345,-0.017506597469458818
5.187385805840755,5.302308017244072,-0.11492221140331704
6.137014056983638,6.277649299303676,-0.14063524232003832
3.951243718581428,3.9772060885978195,-0.025962370016391567
5.153291594497779,4.836008680017514,0.31728291448026535
4.68213122712422,4.653987652654396,0.02814357446982374
4.806722311058825,4.965812176695477,-0.15908986563665195
3.835789699428557,4.24729050234511,-0.411500802916553
7.225814386792591,7.184467885157532,0.04134650163505871
5.627261336748458,5.635678034524461,-0.008416697776002735
5.954541193003384,6.136479377681555,-0.18193818467817113
3.7932394694381792,4.38807867623978,-0.5948392068016006
4.406719247264253,4.531005200937288,-0.1242859536730343
5.652489180268651,5.740004990587611,-0.08751581031896016
7.155396301896734,6.651056743344918,0.5043395585518162
4.794301834710595,4.922448497840708,-0.12814666313011358
4.787491742782046,4.694479661749128,0.09301208103291803
6.378086567414666,6.444083324945512,-0.06599675753084622
3.725693427236653,3.618547199372066,0.10714622786458694
5.707110264748875,5.880732419300154,-0.17362215455127838
6.672032945461067,6.061066827359787,0.6109661181012802
5.990213765206329,5.868723784212699,0.12148998099362984
4.783316371371566,4.107484766119786,0.6758316052517799
5.442417710521793,5.358359261902804,0.08405844861898881
5.455321115357702,5.230492680166705,0.2248284351909966
3.80666248977032,4.263812199929153,-0.4571497101588329
4.499809670330265,4.6085857906585765,-0.10877612032831152
5.093750200806762,4.89920314953059,0.19454705127617267
5.570746197537003,5.520820739200887,0.04992545833611661
6.492239835020471,6.519168536840994,-0.026928701820523315
5.005890723065499,4.8859992763411375,0.11989144672436147
5.552959584921617,5.313670593390495,0.23928899153112226
4.791649752930709,4.8340695696323515,-0.04241981670164208
5.207133661125419,5.238864352023459,-0.031730690898039704
5.147494476813453,5.120177518528185,0.027316958285267923
4.804021044733257,4.985942441480887,-0.1819213967476303
7.225814386792591,6.800974501713731,0.4248398850788595
5.484796933490655,5.442328559025865,0.04246837446478935
5.418320158942733,5.080858743782442,0.33746141516029127
6.048553514092109,5.730379950559884,0.31817356353222515
6.907755278982137,5.928142123846907,0.9796131551352296
4.158883083359672,4.224014555698158,-0.06513147233848571
5.111987788356544,5.102675609133959,0.00931217922258476
5.691473698188603,5.672949808524148,0.018523889664455062
5.056245805348308,5.052712554824935,0.003533250523372722
4.990432586778736,5.090190724760654,-0.0997581379819179
4.299595660694722,4.6445301589531125,-0.3449344982583904
3.881563797943437,3.818117376936545,0.0634464210068919
5.641907070938114,5.632986005609177,0.008921065328936884
4.51085950651685,4.687965173444964,-0.17710566692811458
4.0098754055956505,4.231738314088307,-0.22186290849265689
4.189654742026425,4.440770519891071,-0.251115777864646
6.1224928095143865,5.704149809744023,0.4183429997703634
5.525452939131784,5.619590610563868,-0.09413767143208407
5.25227342804663,5.079170857525621,0.1731025705210092
5.158882870556459,5.657536954895964,-0.4986540843395053
5.954541193003384,5.750105168399823,0.20443602460356036
6.583865549560847,6.265357430821844,0.3185081187390031
3.497718948652777,3.7656935889050374,-0.26797464025226025
5.0238805208462765,5.156867426564616,-0.13298690571833927
5.942799375126701,5.846767163178178,0.09603221194852285
5.429345628954441,5.759319494029621,-0.32997386507518023
4.700480365792417,4.880398590663668,-0.1799182248712512
4.406719247264253,4.31442194799742,0.09229729926683294
4.722953221644475,5.053277654108941,-0.3303244324644661
5.281171207713066,5.786155030706123,-0.504983822993057
4.907124917726591,4.915888382946566,-0.00876346521997462
5.455321115357702,5.452944087159238,0.0023770281984640818
4.158883083359672,4.141262399621199,0.017620683738473808
4.77912349311153,4.808263363255423,-0.02913987014389363
5.945420608606575,5.904554334881796,0.040866273724779134
4.875197323201151,4.870296085448916,0.004901237752235055
4.174387269895637,4.687564386659791,-0.5131771167641546
5.442417710521793,5.417817128296731,0.02460058222506234
5.486869473092628,5.6758669519699545,-0.18899747887732676
5.6240175061873385,5.465365644634667,0.15865186155267175
4.997212273764115,4.891181039750888,0.10603123401322634
5.7698822763607245,5.862654643561896,-0.09277236720117177
4.5503971601408,4.595653561176932,-0.0452564010361316
4.334672938290411,4.40630203952062,-0.07162910123020882
5.966146739123692,6.0081306322336285,-0.04198389310993633
5.525452939131784,5.489327894927882,0.03612504420390206
5.557792847109637,5.448954885204759,0.10883796190487782
5.457455587886334,5.465834750680763,-0.008379162794429185
6.514223682438503,6.649705969055738,-0.1354822866172345
4.663439094112067,4.72275267795859,-0.05931358384652352
5.707110264748875,5.486922574042558,0.22018769070631716
4.974455286641499,5.071839174698368,-0.0973838880568696
4.7535901911063645,4.573373229463466,0.18021696164289835
5.231108616854587,5.104624993107071,0.1264836237475162
6.209092917734082,5.834311168445673,0.3747817492884087
4.923623917106626,4.741412971750059,0.18221094535656768
5.117993812416755,5.0961889071238,0.021804905292955645
4.262679877041316,4.624092755488511,-0.3614128784471946
6.03667688992953,6.2326807193372415,-0.19600382940771155
6.101663339406057,6.052512112294964,0.049151227111093654
5.332718793265369,5.337481843185327,-0.004763049919958462
5.545177444479562,5.541061974562971,0.004115469916591508
5.384495062789089,5.5238202426730885,-0.13932517988399962
5.70949943498543,5.905962627161525,-0.1964631921760951
4.4810798007570405,4.574878041671906,-0.09379824091486544
4.941642422609304,4.576621953305912,0.36502046930339205
7.016609683894219,6.930368976815563,0.08624070707865616
7.090909822079984,6.623050856788192,0.4678589652917928
5.637179601988253,5.505413378457207,0.13176622353104595
4.382026634673881,4.346633629149867,0.03539300552401414
6.189290290437902,6.245551262810042,-0.05626097237214012
4.373616367313912,4.6412207590953845,-0.26760439178147255
5.117993812416755,5.162064483248359,-0.04407067083160321
4.553876891600541,4.532053215558075,0.021823676042465934
5.2327116094500425,5.442852365568576,-0.2101407561185331
4.879006851617819,5.054899729655479,-0.17589287803765963
5.777652323222656,5.804780028998363,-0.027127705775706445
4.477336814478207,4.6442534054445685,-0.1669165909663617
4.0943445622221,4.425287989530151,-0.3309434273080507
6.568077911411976,6.644491580868255,-0.07641366945627937
6.682108597449809,6.55335206598114,0.12875653146866917
5.455321115357702,5.761373152072502,-0.3060520367148003
6.349138991379798,5.883506340380821,0.46563265099897677
4.499809670330265,4.542734903607171,-0.04292523327690567
4.406719247264253,4.49845981117475,-0.09174056391049668
5.763622475012218,5.635408282544898,0.12821419246732013
5.111987788356544,5.367061818323427,-0.25507402996688366
5.19295685089021,5.317832278812223,-0.12487542792201278
5.857933154483459,6.151493171081813,-0.29356001659835407
4.980382250925235,5.41973368628115,-0.43935143535591514
6.447305862541213,6.2409929995992695,0.2063128629419433
5.093750200806762,5.150147648865719,-0.056397448058956634
5.071416766356115,5.327258757074612,-0.25584199071849767
4.394449154672439,4.4233173765866685,-0.02886822191422933
5.796452809497509,5.742844976135941,0.0536078333615686
5.017279836814924,5.365162527389206,-0.34788269057428156
5.786897381366708,5.727607490203857,0.05928989116285077
6.625631066307701,6.641572404473762,-0.015941338166061136
5.4397301194983605,4.915494734041938,0.5242353854564223
4.5217885770490405,4.453260100091407,0.06852847695763309
5.525452939131784,5.416773860464807,0.10867907866697735
5.918893854273146,5.298472938457268,0.6204209158158784
4.912654885736052,5.249522105400404,-0.3368672196643514
6.568077911411976,6.3633416935873495,0.20473621782462637
4.634728988229636,4.613642159316992,0.021086828912643796
5.360117767453484,5.388944145342677,-0.02882637788919329
6.235273098865775,6.209575754368117,0.025697344497658037
4.736198448394496,4.598787649419342,0.13741079897515363
4.976733742420574,5.105504285924554,-0.12877054350397987
5.298317366548036,5.301941961694816,-0.0036245951467792636
4.895374075983382,4.825565205921237,0.06980887006214509
4.705467907303455,4.681400559867632,0.02406734743582284
3.970291913552122,4.018906969498587,-0.04861505594646465
5.07829394257007,5.104843455445605,-0.026549512875534198
4.945207488773801,5.4052081708821795,-0.46000068210837863
4.276666119016055,4.362391426770425,-0.0857253077543696
4.499809670330265,4.109500706243165,0.39030896408710003
5.602118820879701,5.694907819933909,-0.0927889990542079
4.795790545596741,4.871112309104612,-0.0753217635078709
7.225814386792591,6.845775319001646,0.38003906779094443
5.566816619583044,5.4286900682000425,0.13812655138300123
5.470167623474696,5.368280390944164,0.10188723253053222
4.564348191467836,4.487961561843792,0.07638662962404386
5.37989735354046,4.358684788075244,1.0212125654652153
4.709530201312334,4.730186476395511,-0.020656275083177356
6.385194398997726,5.729864566570458,0.6553298324272676
5.711519136027923,5.551702530983636,0.15981660504428685
5.857933154483459,5.855744281822478,0.0021888726609811116
4.3295484280286765,4.381721401151806,-0.052172973123129296
4.700480365792417,4.562974410643165,0.13750595514925124
5.552959584921617,4.857046647562127,0.6959129373594903
4.570578741218473,4.7107678504639035,-0.14018910924543082
4.574710978503383,4.963782796391524,-0.3890718178881416
5.391352232515226,5.429746618400274,-0.03839438588504773
5.707110264748875,5.634187616833422,0.072922647915453
4.74493212836325,4.511651444997065,0.23328068336618557
5.468060141135132,5.4772890940006675,-0.009228952865535156
6.307497167884594,6.515283441753153,-0.2077862738685594
4.532599493153256,4.663294773736727,-0.13069528058347046
6.003887067106539,6.039565470989176,-0.03567840388263743
4.406719247264253,5.016387826703254,-0.6096685794390009
3.713572066704308,3.949968824276754,-0.23639675757244616
4.02535169073515,4.113682104315154,-0.08833041358000404
3.957569820384117,4.086281025841635,-0.12871120545751813
5.589119566336061,5.513671385707482,0.0754481806285785
5.391352232515226,5.37965994960635,0.011692282908875917
5.081404364984463,5.25786180266475,-0.17645743768028677
4.762173934797756,4.948035292163842,-0.1858613573660861
5.198497031265826,5.17534350347476,0.02315352779106572
5.156177599386914,5.073037081641097,0.0831405177458171
6.957497370876951,6.949451774972953,0.008045595903998226
4.343805421853684,4.301582562595796,0.04222285925788771
4.80949782304466,4.9900508696175825,-0.18055304657292215
3.4011973816621555,4.214064847324661,-0.8128674656625052
5.932245187448011,5.946458460952801,-0.01421327350479018
4.829433110570218,5.048256543179124,-0.21882343260890647
4.927253685157205,5.084086707174586,-0.15683302201738059
5.583195511667084,5.808784698813679,-0.22558918714659537
4.68213122712422,4.677791961311598,0.004339265812621562
5.715381610499553,5.617158046460139,0.09822356403941424
5.5093883366279774,5.516361456910932,-0.0069731202829546035
4.634728988229636,4.58061717165179,0.05411181657784603
4.060443010546419,4.01908452665296,0.04135848389345931
4.74493212836325,4.769162415659011,-0.02423028729576071
5.449191254982164,5.326657783237708,0.12253347174445572
5.375278407684165,5.204765280961907,0.17051312672225816
4.564348191467836,4.478750519868732,0.08559767159910425
5.404927101606295,5.2986265250556315,0.10630057655066327
5.298317366548036,5.13706058863439,0.16125677791364623
6.517671272912275,6.869447608682434,-0.3517763357701593
5.891644211825772,5.015997334836252,0.8756468769895207
5.386007679675025,5.36585923549872,0.020148444176305347
6.205567353770043,5.547975271513681,0.6575920822563619
5.061011501421323,5.020492586085231,0.040518915336091865
6.875232087276577,6.621625510789476,0.2536065764871003
5.358941988364472,5.689668817668122,-0.33072682930365005
4.634728988229636,4.705002511521753,-0.07027352329211745
5.290789100127245,5.233558624941677,0.057230475185568785
6.647688373563329,6.522009609163323,0.12567876440000614
4.910225466497217,4.795987977616069,0.11423748888114815
6.197461939587221,6.279871987917959,-0.08241004833073795
4.02535169073515,4.032720188756143,-0.007368498020992931
5.832849751258659,5.808402549401976,0.02444720185668281
5.993961427306569,4.375930299291967,1.6180311280146027
5.415211118019536,5.18770815850045,0.22750295951908583
4.994980054485683,5.022624513758026,-0.02764445927234327
4.663439094112067,4.625440238336639,0.037998855775428275
4.836281906951478,4.796133522645525,0.04014838430595269
5.243491524264258,5.103743813757893,0.13974771050636559
6.048954850311007,5.970575629808791,0.07837922050221557
4.262679877041316,4.200592551552305,0.062087325489011747
6.2533479267381225,6.2505825760051295,0.0027653507329929994
5.627621113690637,5.888273343656609,-0.2606522299659719
5.1647859739235145,5.150856060661857,0.01392991326165749
6.815914075316557,6.853168539824371,-0.03725446450781433
5.2327116094500425,5.402494839758625,-0.16978323030858267
4.663439094112067,4.694858173570651,-0.03141907945858424
4.0943445622221,4.150082811150405,-0.05573824892830448
5.739792912179234,5.76354133609373,-0.02374842391449583
3.828641396489095,3.9807670491619893,-0.15212565267289424
6.903867732254945,6.421507520612494,0.482360211642451
5.525452939131784,5.576917743532605,-0.051464804400820796
5.285738584341177,5.3383755480334,-0.05263696369222348
6.026228227044273,5.966858680396157,0.059369546648115445
5.536191882462241,5.579362038188226,-0.04317015572598493
6.343880434126331,6.476030257912751,-0.13214982378642048
4.795790545596741,4.482304466836943,0.31348607875979795
4.6443908991413725,4.36225823067939,0.2821326684619825
4.069026754237811,3.965090573849532,0.10393618038827901
5.017279836814924,5.033152049929224,-0.015872213114299427
5.904953045160004,5.6418018605689735,0.26315118459103015
5.472270673671475,5.331226479098619,0.14104419457285644
4.897839799950911,4.890555580068316,0.007284219882595089
5.1647859739235145,5.168258791994311,-0.0034728180707963574
5.817884670250782,5.839654235353921,-0.021769565103138433
5.2574953720277815,5.171079456309797,0.08641591571798468
4.634728988229636,4.606041741969969,0.028687246259666566
3.991203803302587,3.827490104285345,0.1637136990172423
5.384495062789089,5.219897654236816,0.16459740855227256
4.48863636973214,4.463474508672552,0.025161861059587842
4.661077817926388,4.566906476094415,0.09417134183197273
4.820281565605037,4.902704458312384,-0.08242289270734737
5.955837369464831,5.886516823215104,0.06932054624972661
5.108366782589591,5.125890468424661,-0.017523685835070246
5.384495062789089,5.592463638625408,-0.20796857583631922
5.4359030295006,5.419266361698629,0.01663666780197115
5.153291594497779,4.839077199264539,0.3142143952332406
4.795790545596741,4.852053548510703,-0.05626300291396191
5.673323267171493,5.6507873392408605,0.022535927930632305
5.068904202220232,5.259798251620285,-0.19089404940005217
5.405690854816366,5.492527249653586,-0.08683639483721972
4.02535169073515,4.015356129295302,0.009995561439847478
4.430816798843313,4.5292442230319265,-0.09842742418861317
6.300785794663244,6.131624259508152,0.1691615351550917
5.5093883366279774,5.459618593889935,0.04976974273804213
5.062595033026967,5.165582990569074,-0.10298795754210754
5.592478405097527,5.416273083287704,0.17620532180982273
4.158883083359672,4.137692047401422,0.02119103595825056
4.169915749069175,4.244927306313185,-0.07501155724400999
4.276666119016055,4.537339287590208,-0.26067316857415257
5.7745515455444085,5.661265053591519,0.11328649195288953
5.5093883366279774,5.8167943830251,-0.3074060463971229
4.882801922586371,4.880761882734623,0.0020400398517477214
4.442651256490317,4.571882844518926,-0.12923158802860968
6.081076705797669,6.058883951985713,0.022192753811955512
4.687671407499835,4.7185215008518755,-0.03085009335204081
4.454347296253507,4.846992185771833,-0.39264488951832544
5.5909869805108565,5.576044723185902,0.014942257324954689
4.574710978503383,4.432480369172511,0.14223060933087162
5.342334251964811,5.4475418428798825,-0.10520759091507159
5.181783550292085,5.324748429389876,-0.1429648790977911
5.278114659230517,5.179781874037746,0.09833278519277044
5.2045559867335625,5.259398687937552,-0.05484270120398982
5.66988092298052,5.797109104830353,-0.12722818184983353
3.6560979645895566,3.7582029216257262,-0.10210495703616962
5.725217755376266,5.697570076729491,0.027647678646775198
5.068904202220232,5.0512085087725005,0.01769569344773192
4.967519003022628,5.130243408695269,-0.16272440567264113
6.126869184114185,6.136166267274709,-0.009297083160523911
6.154858094016418,5.567797291619081,0.5870608023973363
7.215975002651466,7.096536296951012,0.11943870570045423
7.055925252845201,7.088349676660111,-0.032424423814910064
5.545177444479562,5.380060415405163,0.1651170290743993
4.641212777335021,4.5807730601641286,0.06043971717089214
5.220355825078324,5.049851431591696,0.17050439348662838
4.61512051684126,4.686033032289159,-0.07091251544789934
5.62040086571715,5.609325210611686,0.011075655105463156
5.602118820879701,5.4704187527830905,0.1317000680966105
5.937536205082426,5.9621408511178275,-0.024604646035401245
5.545177444479562,5.521083832379559,0.02409361210000327
4.919980925828125,4.9240870801814545,-0.004106154353329394
5.598421958998375,5.621840003458969,-0.023418044460593812
5.570251082031678,5.375335099894229,0.19491598213744954
4.832305758571839,4.910960649777747,-0.0786548912059084
6.204052584482676,6.042755003184179,0.16129758129849758
5.493061443340548,5.535651724101349,-0.04259028076080096
3.49650756146648,3.5959642771697373,-0.09945671570325754
5.616771097666572,5.611546304310712,0.005224793355859347
5.384495062789089,5.387778422858077,-0.00328336006898855
6.313548046277095,5.423636870255246,0.8899111760218492
4.836281906951478,4.805269729127029,0.031012177824448983
7.225814386792591,5.428553125881254,1.7972612609113368
4.983606621708336,4.985214811623021,-0.001608189914684921
4.599152113662528,4.715956744483251,-0.1168046308207229
4.143134726391533,4.267649293456852,-0.1245145670653196
4.108576144468825,4.088474308148193,0.020101836320631783
5.62040086571715,5.645409396779845,-0.025008531062695738
4.905571030847647,4.844872165932652,0.0606988649149951
4.204692619390966,4.174451767662645,0.030240851728320806
6.721425700790643,6.475209163441247,0.24621653734939652
5.39666837289499,5.564157915317838,-0.16748954242284864
5.356586274672012,5.224773772880331,0.13181250179168114
3.5085558999826545,3.6006196091624516,-0.09206370917979712
5.857933154483459,5.950093549462321,-0.09216039497886186
5.743644008081332,6.035570559562003,-0.29192655148067104
4.564348191467836,4.5900079786957315,-0.025659787227895414
3.85925493988949,4.324152145892338,-0.4648972060028478
5.249652194566756,5.19797037934374,0.051681815223015626
5.695985490353976,5.631882908448797,0.06410258190517926
4.653960350157523,4.705908833923244,-0.05194848376572114
6.113682179832232,6.13463257300693,-0.020950393174698156
4.894101477840304,4.8715712616762055,0.022530216164098782
5.969985515430857,6.018870564339145,-0.04888504890828749
5.179927897047815,5.219272473920903,-0.03934457687308779
5.767289213689638,5.514816064493553,0.252473149196085
4.483002552013883,4.449900087204133,0.03310246480975021
5.300814246746624,5.326971099604604,-0.026156852857980084
5.558756702605943,5.563363395200007,-0.004606692594063766
5.972103322379354,5.857365759627112,0.114737562752242
4.783316371371566,4.951721942490135,-0.16840557111856924
6.289715570908998,6.247329956372145,0.042385614536852856
5.017279836814924,5.3006629847426945,-0.2833831479277702
5.962293169807702,6.068200669913212,-0.10590750010551009
5.358941988364472,5.278080048065492,0.08086194029897964
5.564520407322694,5.580685917315137,-0.016165509992442928
5.535363823031238,5.518785523902368,0.0165782991288701
6.219595639933231,5.721280421863219,0.49831521807001167
5.049856007249537,4.8181872754596125,0.23166873178992464
5.468060141135132,5.3078883648710224,0.16017177626410994
5.682456687941449,5.69952371125277,-0.017067023311320817
5.049856007249537,5.101869070132267,-0.05201306288272978
5.313205979041787,5.300614747608499,0.012591231433288108
5.181783550292085,5.140916690951545,0.04086685934054035
4.658710952916121,4.708236390142358,-0.04952543722623659
5.438079308923196,5.4182063999537755,0.019872908969420067
4.824305715904762,4.65971755721742,0.16458815868734167
7.215975002651466,6.312034016582899,0.9039409860685668
4.720282993088596,4.870086743491905,-0.14980375040330873
4.07753744390572,4.194698007161982,-0.11716056325626223
5.303304908059076,5.7785353076360275,-0.4752303995769518
7.225814386792591,7.221352419900553,0.004461966892037594
4.406719247264253,4.4913802645514265,-0.08466101728717312
5.075173815233827,5.565319174698187,-0.49014535946436055
4.927253685157205,4.934198798409268,-0.006945113252062818
5.081404364984463,5.054376279471929,0.02702808551253444
6.387888910563998,6.294738629909468,0.09315028065452946
4.224348908792687,4.160367799859467,0.06398110893322073
5.808472765763723,5.886841707863163,-0.07836894209944045
5.2949617427346745,5.233667475978497,0.06129426675617733
6.2766434893416445,6.264560852216649,0.012082637124995799
5.212214667494625,5.246398464493871,-0.034183796999245786
5.187385805840755,4.842036456226101,0.34534934961465424
5.10594547390058,5.149235668768596,-0.043290194868015774
5.472270673671475,5.2469164575497045,0.22535421612177053
4.641212777335021,5.084305269936969,-0.4430924926019486
6.71901315438526,6.465069453687437,0.2539437006978229
5.757860222186865,5.733129445029952,0.024730777156912964
5.486165291467522,5.414227050102672,0.07193824136485016
5.6937321388027,5.440639298761449,0.25309284004125043
6.021023349349527,6.220302982557338,-0.19927963320781128
5.824021750542496,5.812001576195604,0.012020174346892176
5.6185876285929695,5.745823247189959,-0.1272356185969894
5.099866427824199,5.02834213946478,0.07152428835941915
5.003946305945459,4.8457909794605785,0.15815532648488073
5.003946305945459,5.078840976456919,-0.07489467051146015
6.111467339502679,4.5805157584652525,1.5309515810374261
5.652489180268651,5.79196369003651,-0.1394745097678589
4.543294782270004,4.692661198090091,-0.14936641582008736
5.474369310328396,5.629177793144358,-0.1548084828159615
5.654837298473027,5.582149847354304,0.07268745111872299
6.486374180808572,7.138267780804381,-0.6518935999958089
4.499809670330265,4.788674426179231,-0.28886475584896587
5.94316676170023,5.826118757440543,0.11704800425968642
5.372960909543803,5.370054352396894,0.0029065571469084617
6.014521676683345,5.950972925425407,0.06354875125793846
5.251854492137696,5.317412407871628,-0.06555791573393233
4.290459441148391,4.349413183063374,-0.05895374191498348
5.159055299214529,5.3201112284295435,-0.16105592921501444
5.332718793265369,5.465464359028903,-0.13274556576353458
5.811140992976701,5.884245864005723,-0.07310487102902208
5.554895693948484,5.337640084221721,0.21725560972676305
3.555348061489413,3.8222134444957288,-0.2668653830063157
5.634789603169249,5.744448442929905,-0.10965883976065616
5.003946305945459,4.976615765493661,0.027330540451798058
5.525452939131784,5.44417811950207,0.08127481962971395
3.949896657856228,4.224762179438222,-0.27486552158199373
5.751524470641622,5.054670919539098,0.6968535511025244
4.836281906951478,4.780866092211329,0.055415814740149116
4.5217885770490405,4.4817083997926686,0.04008017725637192
6.477479926365239,6.487371747980257,-0.009891821615017449
4.382026634673881,4.3548928541942145,0.027133780479666747
6.240275845170769,6.172437161736099,0.0678386834346707
5.897703167293508,5.986484399624,-0.08878123233049173
5.31566600488265,5.7180961907708046,-0.4024301858881545
5.545177444479562,5.503039671011861,0.04213777346770087
7.225814386792591,7.208591417553593,0.0172229692389978
5.502604243011941,5.549052230950386,-0.04644798793844451
4.919980925828125,4.65499409593176,0.26498682989636535
4.628886712605407,4.471987830348051,0.15689888225735604
3.8823882002984553,4.058931322229384,-0.17654312193092858
6.147399348728742,6.053474215103526,0.09392513362521626
4.469694046425642,4.503019273623919,-0.033325227198277574
4.598044861045503,4.910789536256201,-0.3127446752106975
5.359741668535036,5.6173610189224235,-0.2576193503873876
3.8501476017100575,3.8768262709335737,-0.026678669223516138
4.901341125835779,4.807544667432809,0.09379645840297002
5.0271645960474665,4.843473900363944,0.1836906956835227
5.596234382812221,5.163597905386077,0.43263647742614353
5.459585514144159,5.282603554914859,0.17698195922930005
4.727387818712341,4.668136097991552,0.05925172072078855
7.225814386792591,7.131552471865651,0.09426191492693992
5.526249434594043,5.65009458308723,-0.12384514849318684
5.895779296973574,5.60714931675348,0.2886299802200938
4.463837009871448,4.580862304524361,-0.11702529465291267
3.828641396489095,4.267648278275309,-0.43900688178621383
4.51085950651685,4.876622538654596,-0.3657630321377461
5.922462747009742,6.206501204827921,-0.2840384578181787
4.0943445622221,4.059420485417949,0.03492407680415166
4.936845220125501,5.233038923796848,-0.29619370367134756
5.303304908059076,5.041335069715288,0.26196983834378784
5.1149953094204985,5.16038499045053,-0.0453896810300316
6.017375928892483,5.94845652169528,0.06891940719720324
4.406719247264253,4.534664526200335,-0.12794527893608176
5.4510384535657,5.602039900542241,-0.15100144697654105
5.666426688112432,4.495178113189953,1.1712485749224797
5.659482215759621,5.823268317386779,-0.16378610162715734
4.6443908991413725,4.021064240067909,0.6233266590734639
6.600686492730167,6.512133284840894,0.08855320788927301
6.016157159698354,6.474918020987756,-0.4587608612894023
6.94340230642828,6.89428374998827,0.04911855644000962
5.618224586294555,5.569039174469764,0.04918541182479075
6.663988013372059,6.542320258186538,0.12166775518552075
5.291544482260608,5.189666646408455,0.10187783585215371
5.289932310013596,5.316858922348651,-0.026926612335054223
4.700480365792417,4.608348935131161,0.09213143066125529
5.707774495925738,5.761469188624036,-0.05369469269829796
4.174387269895637,4.300926983866603,-0.12653971397096608
5.613128106388071,5.429653835112309,0.1834742712757622
4.574710978503383,4.304264458706066,0.27044651979731693
4.021415382199343,4.3947317116227484,-0.37331632942340587
5.017279836814924,4.863162520957639,0.1541173158572855
5.605287227907102,5.382830880406666,0.22245634750043575
5.335131339670753,5.5501554221603175,-0.21502408248956417
4.276666119016055,4.235954014462985,0.04071210455307028
5.860786223465865,5.064704164866399,0.7960820585994668
5.596234382812221,5.218469211226467,0.37776517158575373
5.310739886546594,5.17433452607832,0.13640536046827467
5.806850364254143,6.146868372700823,-0.3400180084466795
5.303304908059076,5.197225148046529,0.10607976001254649
4.394449154672439,4.113823272873805,0.2806258817986338
5.796057750765372,5.743168509577276,0.05288924118809568
5.518777320233045,5.5765584565240705,-0.05778113629102588
5.862693235870121,5.834164175631928,0.028529060238192905
6.368187186350492,4.2302351487669885,2.1379520375835037
5.749392985908253,5.664850011502693,0.08454297440555969
6.076357014125945,6.394612525636474,-0.31825551151052967
6.158397470585275,6.167031298739938,-0.008633828154663625
5.387106329362096,5.242235666550498,0.14487066281159766
5.564520407322694,5.7252506998523325,-0.16073029252963877
5.123963979403259,5.1788134280532265,-0.05484944864996777
5.382198850528739,5.387570547996563,-0.005371697467824177
5.27469043591688,5.269729232377501,0.0049612035393789
7.004155773268453,6.895386247815078,0.1087695254533747
5.752572638825633,5.72439645062504,0.02817618820059309
7.225814386792591,6.68964721865561,0.5361671681369806
4.079907514424331,3.634689781267343,0.445217733156988
5.153291594497779,5.113135508643883,0.04015608585389607
4.510639702141858,5.020338870831148,-0.5096991686892904
3.951243718581428,4.047012943474312,-0.09576922489288364
5.752572638825633,4.786935812107975,0.9656368267176578
6.408858226081421,6.105246630671099,0.303611595410322
4.8283137373023015,4.843747533998713,-0.015433796696411761
6.030685260261263,5.919894048633523,0.11079121162774008
5.6011958858811,5.590178271151075,0.011017614730024938
5.14166355650266,5.207495690949617,-0.06583213444695701
5.817111159963204,5.770059474879704,0.04705168508349988
4.836281906951478,5.294086220740715,-0.4578043137892367
6.069975312726496,5.439513379092212,0.630461933634284
4.762173934797756,4.667560443633492,0.09461349116426465
5.493061443340548,5.867649709325469,-0.37458826598492045
4.795790545596741,4.639147595494506,0.15664295010223572
6.082218910376446,6.195859533679681,-0.11364062330323499
4.745975062579112,4.435824553372489,0.3101505092066228
5.298317366548036,5.352904022360774,-0.054586655812737916
3.7612001156935615,3.7045550057706746,0.05664510992288685
5.477509030333064,5.445851410712574,0.031657619620489186
6.091309882077698,5.911587469278915,0.17972241279878265
4.143134726391533,4.383047466009648,-0.23991273961811554
5.942799375126701,5.917744003587987,0.02505537153871451
4.994980054485683,5.238308617914604,-0.24332856342892129
6.385194398997726,6.319774837970033,0.06541956102769309
3.871201010907891,3.9210296239704276,-0.0498286130625365
5.159055299214529,4.995362673476686,0.16369262573784304
4.965986542427374,4.881873802863648,0.084112739563726
6.907755278982137,5.293901615096335,1.613853663885802
5.442417710521793,5.243932201388247,0.19848550913354668
5.311973692995522,5.325160203771985,-0.013186510776463045
5.181783550292085,5.025748644515829,0.15603490577625578
5.950642552587727,6.005580112542048,-0.054937559954320925
4.976733742420574,4.855416150724585,0.12131759169598944
4.31748811353631,4.338956328340001,-0.021468214803690877
4.857250987196899,5.137628779830647,-0.2803777926337476
5.41164605185504,5.417846171093312,-0.006200119238271462
6.173702767096188,6.196095347006874,-0.02239257991068566
6.313548046277095,5.469701236000432,0.8438468102766628
5.5093883366279774,5.423573505900995,0.08581483072698237
4.976733742420574,5.0775151773900085,-0.10078143496943426
6.573680166960646,6.5935893247322985,-0.019909157771652808
6.210600077024653,6.13375505012163,0.07684502690302253
3.990834185852436,4.589421355616693,-0.5985871697642571
5.313205979041787,5.321283704012473,-0.008077724970686262
4.663439094112067,4.628173805717186,0.03526528839488119
5.814130531825066,5.6443179303548545,0.1698126014702117
5.247024072160486,5.237353907619444,0.00967016454104197
4.409520198982804,4.8791835815698485,-0.46966338258704443
4.844187086458591,5.006896330533372,-0.16270924407478038
7.173191742486599,6.7848941122745625,0.3882976302120369
5.87000287857079,5.839999124041431,0.030003754529358773
5.86064376317643,5.345266361593052,0.5153774015833781
5.6507332535663855,5.299971269168525,0.35076198439786044
5.5909869805108565,5.542214153281281,0.0487728272295751
5.25227342804663,5.1763064057736035,0.07596702227302643
3.94565118640813,4.165625815447851,-0.21997462903972087
5.471429984256681,5.469799857030826,0.0016301272258552046
4.406719247264253,4.470221651309539,-0.06350240404528584
5.634789603169249,5.652049761889359,-0.01726015872010933
5.700443573390687,5.643721775746795,0.05672179764389185
5.484796933490655,5.550843394545987,-0.06604646105533263
4.795790545596741,4.839188710576605,-0.043398164979863374
4.248495242049359,4.536504078856698,-0.2880088368073386
4.276666119016055,4.095291855641304,0.18137426337475127
3.481240089335692,4.296744527117642,-0.8155044377819505
6.039921322376176,6.044267143799028,-0.004345821422852225
5.744924417987376,5.597137063018987,0.14778735496838902
5.575570243509278,5.6040989517756215,-0.028528708266343017
5.327876168789581,5.314595544524134,0.013280624265447294
4.07753744390572,4.158736461084617,-0.08119901717889721
5.779971613013747,5.759206344293296,0.020765268720451147
4.980176086611547,4.944455162816737,0.035720923794810844
5.638354669333745,5.734399350429548,-0.09604468109580289
5.111987788356544,4.987504021907682,0.12448376644886139
5.075173815233827,5.623348193717861,-0.5481743784840347
4.727387818712341,5.9672972404391365,-1.2399094217267956
4.356708826689592,4.420272154202893,-0.06356332751330118
5.236441962829949,5.203128415813063,0.0333135470168866
5.849324779946859,5.726342826920629,0.1229819530262306
5.438079308923196,5.334591419378663,0.10348788954453259
4.812184355372417,4.766753494709956,0.04543086066246094
4.875197323201151,4.927115817674708,-0.0519184944735569
5.924255797414532,5.780987560723588,0.14326823669094413
5.596568390349052,5.591337766019383,0.00523062432966892
3.8179320820285514,4.090689896490375,-0.27275781446182323
5.096812990337308,5.397424137889275,-0.30061114755196705
4.718498871295094,4.7699331469759425,-0.05143427568084835
4.770684624465665,4.740101625216476,0.030582999249189058
6.769641976852503,6.743093217029394,0.026548759823109336
5.472270673671475,5.182916628959915,0.2893540447115601
5.889791668196679,5.829977721100567,0.059813947096111875
4.204692619390966,4.295872322180194,-0.09117970278922805
4.972102344379472,5.029918584363225,-0.05781623998375274
4.948759890378168,4.925954918142758,0.022804972235410226
7.225814386792591,6.904204047382236,0.32161033941035466
5.717027701406222,5.599924768264347,0.11710293314187492
5.321789722733179,5.269130707952078,0.05265901478110102
5.552959584921617,5.5622382674217645,-0.009278682500147184
5.049856007249537,5.05110203972649,-0.001246032476952763
4.983606621708336,5.045354064985315,-0.06174744327697823
5.87493073085203,5.8474781584141775,0.02745257243785293
5.58724865840025,5.500259811202953,0.08698884719729705
6.2166061010848646,5.8379371391676935,0.37866896191717103
5.970419648512232,6.229641738249351,-0.25922208973711935
4.990432586778736,4.665142403751224,0.3252901830275121
7.203405521083095,6.845468742509562,0.35793677857353323
6.02058636068,5.748270315846683,0.2723160448333175
3.6635616461296463,3.69769671123772,-0.034135065108073626
5.594711379601839,5.614731511218243,-0.020020131616403702
5.924255797414532,5.857816153871836,0.06643964354269638
3.8918202981106265,4.53217497216406,-0.6403546740534334
4.340162430575183,4.4915064422223825,-0.15134401164719957
4.173001695045377,4.410867288910398,-0.23786559386502137
4.480740107609915,4.572751764660787,-0.09201165705087266
6.111467339502679,5.72578182064455,0.3856855188581285
5.43079195094741,5.36098589065754,0.0698060602898698
5.616771097666572,5.651538719372747,-0.03476762170617498
4.624972813284271,4.554203771475497,0.07076904180877364
6.575354741730978,6.776070586983703,-0.20071584525272534
5.017279836814924,4.930313684699144,0.08696615211577985
5.8544986920348245,5.641852665384561,0.21264602665026366
5.594711379601839,5.490419961819641,0.10429141778219808
4.658710952916121,4.760590893944258,-0.10187994102813658
5.840641657373398,5.832298580617256,0.008343076756141876
5.1089711948171175,4.994337223835353,0.11463397098176475
5.033700567027251,5.184964867242296,-0.15126430021504422
3.9318256327243257,3.997667314749195,-0.06584168202486929
5.614331761266853,5.483350085295251,0.13098167597160248
5.413875707182309,5.386293385917925,0.027582321264383758
4.709530201312334,4.428981904203327,0.2805482971090072
4.411828125910671,4.5066456292495,-0.09481750333882921
5.9165793499161925,5.85024756524914,0.06633178466705214
5.6522084391101535,5.140065620293957,0.512142818816196
5.600272098286537,5.561125002523489,0.03914709576304798
5.508578292031233,5.387383992073805,0.12119429995742781
5.420534999272286,5.5235494495926405,-0.10301445032035428
5.375278407684165,5.437275055825105,-0.06199664814093975
5.54907608489522,5.439889999986868,0.10918608490835169
6.304448802421981,6.121061651226037,0.1833871511959444
6.196953163183471,6.0594580438017385,0.13749511938173242
4.532599493153256,4.661032759684377,-0.12843326653112097
3.610917912644224,3.636516037294999,-0.025598124650775045
4.783316371371566,4.6225894578450415,0.16072691352652413
5.895779296973574,5.958954471854004,-0.06317517488043034
6.0764947962925575,6.325357024176162,-0.24886222788360435
5.304547916298673,5.297096793621164,0.0074511226775086925
5.568344503761097,5.531391428640904,0.0369530751201923
6.083359811812238,6.06228892132522,0.02107089048701738
5.938591057500914,5.720456768691676,0.2181342888092379
5.647212123167807,5.749299955216341,-0.10208783204853411
5.746203190540153,5.619608795208914,0.12659439533123873
4.0943445622221,4.090210100984531,0.004134461237569553
5.8805329864007,5.856290567700845,0.024242418699855328
4.8283137373023015,4.757478645688161,0.07083509161414092
6.336825731146441,6.339696924528666,-0.002871193382224746
5.262690188904886,5.217521140253057,0.0451690486518288
6.175347384468889,6.063889290966419,0.11145809350247049
4.143134726391533,4.753902913010918,-0.610768186619385
6.61472560020376,6.731741497733998,-0.117015897530238
6.3400065078165255,6.345123632572082,-0.005117124755556368
4.7535901911063645,4.906204169301265,-0.15261397819490075
4.605170185988092,4.613534721725958,-0.008364535737865886
3.828641396489095,4.02284625820713,-0.19420486171803475
4.1217975890034015,4.204406380498077,-0.08260879149467559
4.110873864173311,4.513145137133683,-0.40227127296037146
4.290459441148391,4.520731057050493,-0.23027161590210188
5.5621421024692514,5.700742397384516,-0.13860029491526493
5.393627546352362,5.448852444647217,-0.05522489829485533
5.049856007249537,4.994108648793187,0.05574735845635015
5.255775143282362,5.247068048452104,0.008707094830257667
7.225814386792591,4.498595980151654,2.7272184066409366
3.5263605246161616,3.5854693051128956,-0.05910878049673407
5.111987788356544,5.05967518587697,0.05231260247957348
5.288014473552139,4.466593470037997,0.8214210035141427
4.448516375942715,4.431383398348791,0.01713297759392418
4.330733340286331,4.42582768359166,-0.09509434330532862
3.970291913552122,3.941814976777872,0.028476936774250117
5.712411801354255,5.554131747643699,0.15828005371055642
5.272999558563747,5.367411712525624,-0.09441215396187719
5.068904202220232,5.189023542219774,-0.12011933999954127
5.407171771460119,4.81582295140852,0.5913488200515991
5.017279836814924,4.882138548653539,0.13514128816138538
5.519859636495273,5.749482603532584,-0.22962296703731155
5.040711761678725,4.9159954704995545,0.12471629117917082
5.877035256356946,5.916396956744626,-0.03936170038768072
5.170483995038151,5.424090805609452,-0.2536068105713003
4.51085950651685,4.656810400695568,-0.14595089417871865
4.4057431612911975,4.582570596940475,-0.17682743564927783
5.809642865355678,5.7979132644839915,0.011729600871686507
5.111987788356544,5.153377516983402,-0.04138972862685808
5.327876168789581,5.137214132909115,0.19066203588046626
5.926259136982707,5.831772697735427,0.09448643924728017
5.241747015059643,5.358479590786799,-0.11673257572715645
5.938854596835685,5.754676831191116,0.1841777656445691
4.48863636973214,4.555403085794099,-0.06676671606195939
7.065613363597717,5.958457786751875,1.1071555768458419
3.713572066704308,4.23764649605464,-0.5240744293503319
6.050511454398898,6.01165883207958,0.038852622319318186
5.073923033332174,5.076230952067412,-0.002307918735238168
5.247024072160486,5.176277865927521,0.07074620623296557
4.248923721667427,4.165078356645613,0.08384536502181383
4.553876891600541,4.442473333905406,0.11140355769513466
3.5263605246161616,3.3322440887591727,0.1941164358569889
5.318119993844216,5.182427668615242,0.13569232522897412
5.320567975482857,5.292052744618034,0.028515230864822882
3.610917912644224,4.283999888189646,-0.673081975545422
4.436751534363128,4.206213234011226,0.2305383003519017
4.125843229281472,5.07926196609603,-0.9534187368145579
4.77912349311153,4.893781648172108,-0.11465815506057808
5.521460917862246,5.400976760596383,0.12048415726586281
5.068904202220232,4.76596274117979,0.30294146104044284
6.220590170099739,5.789836142773276,0.4307540273264632
5.081404364984463,5.342580093902476,-0.2611757289180128
5.272999558563747,5.273868996520773,-0.0008694379570259869
5.551407994230199,5.675805516083055,-0.12439752185285613
5.017279836814924,5.078322562467179,-0.061042725652254326
5.556828061699537,5.495803520890734,0.06102454080880371
5.940171252720432,5.9786062800048985,-0.038435027284466905
4.069026754237811,4.52603236105675,-0.45700560681893876
5.529429087511423,5.485927820060577,0.04350126745084637
6.111467339502679,6.062444058603648,0.0490232808990303
5.3981627015177525,5.241778862409404,0.15638383910834808
5.10842724025413,5.05012688820874,0.05830035204539019
4.394449154672439,4.264186838366544,0.13026231630589535
6.3784261836515865,6.730153878657556,-0.35172769500596957
5.303304908059076,5.299475378664838,0.0038295293942374187
4.276666119016055,4.267335283580395,0.00933083543566049
5.100719722201566,5.193191710427859,-0.09247198822629343
4.22683374526818,4.447301273378692,-0.22046752811051196
5.096812990337308,5.055759481156326,0.041053509180982495
5.249652194566756,5.266415673819012,-0.01676347925225663
5.190175207928333,5.44163437022716,-0.2514591622988265
4.430816798843313,4.370882550781183,0.0599342480621301
6.300785794663244,6.317036313249142,-0.0162505185858981
6.0330862217988015,5.360345082278159,0.6727411395206424
4.574710978503383,5.255038196025989,-0.6803272175226063
4.350277936359301,4.21256571633913,0.13771222002017147
5.675040005790547,5.719345067740587,-0.04430506195004025
4.097672352314776,4.293379042697671,-0.19570669038289523
6.378918422414294,6.207308998207071,0.17160942420722325
5.898060050335743,5.895341093414546,0.0027189569211971687
5.3282159168939,5.332299049555716,-0.004083132661816258
5.680172609017068,5.611986050549395,0.06818655846767285
5.7899601708972535,5.628578369107318,0.16138180178993533
4.605170185988092,4.5373753800393795,0.06779480594871234
5.541263545158426,5.074774420266873,0.46648912489155236
4.330733340286331,4.219582598940962,0.1111507413453694
5.488937726156687,5.451590088178672,0.03734763797801488
6.230461762345359,6.668559862675794,-0.4380981003304347
3.9828541861887374,3.9607380381215167,0.02211614806722073
5.707110264748875,5.935094475547645,-0.22798421079876974
5.847882818629958,5.370742030219627,0.47714078841033114
5.382198850528739,5.323226995712153,0.05897185481658607
6.639248185916397,6.481617761816287,0.15763042410010986
5.520460417528663,5.509932893238803,0.010527524289860146
3.701301974112493,4.482928553986052,-0.7816265798735591
4.697475856772117,4.8911122934091145,-0.19363643663699737
4.085976312551584,3.961130344219925,0.1248459683316594
4.499809670330265,4.60829306679246,-0.10848339646219518
4.718498871295094,4.798626748134869,-0.08012787683977507
5.809642865355678,5.627570111220562,0.18207275413511592
4.824305715904762,4.842337883111365,-0.018032167206603056
5.757860222186865,5.698347589060423,0.059512633126442616
5.634789603169249,5.611198101854158,0.023591501315091357
4.50700593720086,4.563679368451233,-0.056673431250372275
4.441002839774179,4.559236923652169,-0.11823408387799006
3.49650756146648,3.4807882343849785,0.015719327081501255
5.929589143389895,5.873625150875429,0.05596399251446549
5.147494476813453,5.636597581933652,-0.48910310512019883
5.703782474656201,5.640832120794269,0.0629503538619316
7.225814386792591,6.944467114532727,0.2813472722598638
4.290459441148391,4.889914244905495,-0.5994548037571041
4.406719247264253,4.4034232015576,0.0032960457066533166
5.497168225293202,5.504840579115943,-0.007672353822741229
5.707110264748875,5.752496961321048,-0.04538669657217298
5.000584958242754,5.260148503487096,-0.2595635452443412
4.930870325627393,4.989280857481119,-0.0584105318537258
6.5998704992128365,6.337358862825064,0.26251163638777264
5.520460417528663,5.267321293732112,0.2531391237965508
5.332718793265369,5.27391639370692,0.05880239955844857
3.951243718581428,4.384798701702247,-0.4335549831208194
5.6937321388027,5.569000371814228,0.12473176698847155
5.720311776607412,5.74204471205439,-0.02173293544697774
4.927253685157205,5.161308397050166,-0.234054711892961
4.418840607796598,4.762093718805912,-0.34325311100931355
5.953243334287785,6.276674195856443,-0.3234308615686583
5.420534999272286,5.5014976997942115,-0.08096270052192533
5.513428746164983,5.720817735865937,-0.20738898970095399
5.933570568689079,5.828440836771556,0.10512973191752373
4.07753744390572,4.4711848671982235,-0.3936474232925038
5.225746673713202,5.106737805437739,0.11900886827546309
4.6491870714048655,4.750534854812594,-0.10134778340772854
4.741447804280639,5.049353131917,-0.3079053276363606
5.525452939131784,5.564805790488825,-0.03935285135704092
5.360352757467489,5.341110541491973,0.019242215975516785
4.189654742026425,4.249302324582957,-0.05964758255653191
5.5971989892534175,5.672789642146531,-0.07559065289311384
5.2574953720277815,5.32762864572042,-0.07013327369263855
5.181783550292085,5.21481700617292,-0.03303345588083495
6.282266746896006,6.437443746056704,-0.15517699916069816
5.053056009980208,5.003629574334044,0.049426435646164
5.198497031265826,5.231712115310425,-0.03321508404459905
5.458350709533451,5.192989962885828,0.2653607466476231
4.503469631161752,4.492129067061384,0.011340564100367878
5.311233591814583,5.513327007102242,-0.202093415287659
5.791488055075306,5.84262225055074,-0.05113419547543341
6.329720905522696,6.519218856453701,-0.1894979509310053
6.030685260261263,5.998442260883454,0.032242999377809056
5.860786223465865,5.399459234829121,0.4613269886367446
4.382026634673881,4.399161281103791,-0.017134646429910028
5.746203190540153,5.741573070292712,0.0046301202474410275
5.3471075307174685,5.317176962042936,0.029930568674532587
5.734958092124651,5.8560204579455535,-0.12106236582090268
4.355040769588895,4.402495580920356,-0.04745481133146168
4.727387818712341,4.86163819554005,-0.13425037682770924
5.614331761266853,5.621013134860434,-0.006681373593581341
3.992680908445601,4.6328791805624485,-0.6401982721168475
4.639571612705423,4.457500654368087,0.1820709583373361
4.219507705176107,4.32566234025687,-0.10615463508076317
6.777031370255453,6.987769738567661,-0.21073836831220838
5.799849943402434,5.753061559892233,0.04678838351020165
4.330733340286331,4.346750245935698,-0.016016905649366642
5.640132447579745,5.662478120585583,-0.02234567300583823
4.720282993088596,4.921990045768047,-0.20170705267945088
4.61512051684126,4.576755995884243,0.0383645209570167
4.532599493153256,4.835791816361978,-0.30319232320872214
5.814130531825066,5.995182593145096,-0.18105206132003016
5.342669124118538,5.408149474261615,-0.06548035014307718
5.876334239854351,5.714578570843418,0.1617556690109332
6.226536669287466,6.178482970058149,0.04805369922931657
6.684611727667927,4.4220325524984325,2.2625791751694946
5.966992535183494,5.7566414385628555,0.21035109662063878
3.970291913552122,3.874036772113295,0.09625514143882707
5.258744591428213,5.337825214499638,-0.07908062307142494
5.116015809554085,5.15763811921044,-0.04162230965635505
4.709530201312334,4.855337969147998,-0.14580776783566396
5.017279836814924,5.2981339609317795,-0.2808541241168552
5.950642552587727,6.000403273404674,-0.04976072081694749
5.049856007249537,5.4768338233362295,-0.4269778160866924
5.159055299214529,5.117026798784013,0.04202850043051587
4.578826210648489,4.710646873942643,-0.1318206632941541
4.189654742026425,4.3343998962337205,-0.14474515420729528
4.02535169073515,4.113031027821693,-0.08767933708654319
4.969813299576001,4.914251245401165,0.055562054174835396
4.465908118654584,4.786429406174653,-0.32052128752006936
4.663439094112067,4.732522633155184,-0.06908353904311682
5.881928660039675,5.914702398258702,-0.03277373821902696
6.293419278846481,6.396330054650621,-0.10291077580413965
5.299466705804558,5.254156784387434,0.04530992141712353
4.700480365792417,4.712450119082421,-0.01196975329000427
6.851713888098512,6.786901712125826,0.06481217597268607
4.795790545596741,4.423384491832697,0.37240605376404456
3.828641396489095,4.28558733003228,-0.45694593354318513
4.692997896353612,5.330880414077181,-0.6378825177235692
6.218600119691729,4.8176245170344005,1.4009756026573283
6.206575926724928,5.460040781507319,0.7465351452176092
4.48863636973214,4.555780131893816,-0.06714376216167661
6.0692585745480025,5.983610447704244,0.08564812684375855
4.394449154672439,4.317075116962141,0.07737403771029783
3.9889840465642745,4.074178441572156,-0.08519439500788106
5.403892859096676,4.518277878246018,0.8856149808506588
6.8220557683921,6.646830062255027,0.17522570613707256
5.68697535633982,5.7223082234697715,-0.03533286712995132
5.3981627015177525,5.378817502670682,0.019345198847070755
4.875197323201151,4.620032856049934,0.255164467151217
5.3471075307174685,5.285044438230793,0.06206309248667541
4.77912349311153,5.06848543557892,-0.2893619424673908
6.295266001439646,5.839968051467772,0.45529794997187434
5.82452409235233,5.850510989291159,-0.025986896938829496
5.003946305945459,5.043736927388654,-0.039790621443194674
5.123130298654681,5.180246569771158,-0.05711627111647655
4.8283137373023015,5.053307492566989,-0.22499375526468768
5.081404364984463,5.208724261178317,-0.1273198961938542
4.927253685157205,4.894612639813931,0.032641045343273944
5.514234872770507,6.1564261105223546,-0.6421912377518479
4.394449154672439,4.8892561754136405,-0.4948070207412014
5.87493073085203,5.9413628662599995,-0.0664321354079691
4.143134726391533,4.191829213712344,-0.0486944873208115
3.864302269216734,3.941701053386213,-0.07739878416947876
5.8888779583328805,5.833342570935662,0.055535387397218194
4.867534450455582,4.233162581780949,0.6343718686746334
5.5909869805108565,5.64887374963222,-0.05788676912136381
4.748404354073999,4.922156097314289,-0.17375174324028997
4.264930862797635,4.361046378128777,-0.09611551533114238
4.114963849424837,4.202465471913018,-0.0875016224881815
5.749392985908253,5.534423763529538,0.2149692223787154
5.9974466187855295,5.889481658467634,0.10796496031789538
7.129457792499943,7.013015146149443,0.11644264635050039
5.0325924614482975,5.498758048652807,-0.4661655872045092
5.629418059367339,5.704763540880785,-0.07534548151344644
4.021415382199343,4.320231680871483,-0.29881629867214077
6.157000171801804,6.198621993562764,-0.041621821760959854
5.303304908059076,5.480555440225534,-0.17725053216645836
6.811244378601294,6.5842737036180665,0.2269706749832272
5.869296913133774,5.803016795057054,0.06628011807671985
5.696119858320856,5.5081746831822676,0.1879451751385881
5.435162014275881,5.725091552877415,-0.2899295386015339
5.981414211254481,5.977019838222002,0.004394373032478249
4.836281906951478,4.720977010655458,0.1153048962960197
4.276666119016055,4.170089248639414,0.10657687037664143
3.7711504465467303,4.046813913899135,-0.275663467352405
6.034691647042082,5.797783311609702,0.23690833543237932
5.767539440458952,5.610368484806095,0.1571709556528571
5.700443573390687,5.630968527648182,0.06947504574250463
5.891644211825772,5.8657901904249625,0.025854021400809835
4.343805421853684,4.508328329832682,-0.1645229079789976
4.736198448394496,4.7432950651423065,-0.007096616747810813
5.356586274672012,5.095876040763096,0.2607102339089167
4.4961362649639565,5.034883075616462,-0.5387468106525057
5.147494476813453,5.000899878700506,0.14659459811294706
3.610917912644224,3.792646634981981,-0.18172872233775728
6.345285422063808,6.592339752930453,-0.24705433086664463
6.139884552226255,6.181245095694338,-0.041360543468083044
4.418840607796598,4.496219046444821,-0.07737843864822302
4.454347296253507,4.661145511142858,-0.2067982148893508
6.454254721835416,6.655453185456099,-0.20119846362068294
5.303304908059076,5.336627752379747,-0.03332284432067123
5.153291594497779,5.270229521801461,-0.11693792730368191
4.836281906951478,4.636346191522006,0.19993571542947208
6.202130576911079,6.629218616270235,-0.4270880393591554
4.014579593753238,3.9438495806559235,0.07073001309731453
4.110873864173311,4.320107079075193,-0.2092332149018814
4.736198448394496,4.7667885113171025,-0.030590062922606798
5.766256365911556,5.927888792778994,-0.1616324268674374
4.293878247897177,4.3691715104145725,-0.07529326251739565
4.955827057601261,5.331889976140655,-0.376062918539394
5.849324779946859,5.867144594005993,-0.01781981405913413
3.9318256327243257,3.878792137154351,0.05303349556997494
5.837088841964426,6.21933855383133,-0.38224971186690393
5.368309738368072,5.325655989185229,0.04265374918284248
6.903245123504251,6.385871715084569,0.5173734084196822
3.66714496196793,3.337141199124373,0.33000376284355726
5.82600010738045,5.787316078419735,0.038684028960714656
4.532599493153256,4.383376850679149,0.14922264247410766
6.559445251375032,5.5363032815093165,1.0231419698657156
6.012491914300058,5.919085142686207,0.09340677161385091
6.525029657843462,6.383615767143768,0.14141389069969446
5.368309738368072,5.415510306238639,-0.04720056787056759
6.577861357721047,5.668845679291768,0.9090156784292791
5.081404364984463,4.8315162116650905,0.24988815331937264
4.709530201312334,4.972698386718858,-0.2631681854065242
5.003946305945459,4.9822834982699185,0.02166280767554074
5.145574029282837,5.400862930691045,-0.2552889014082078
6.050912005751402,6.033158729291937,0.017753276459465006
5.732402324893387,5.869351806328695,-0.13694948143530805
6.806829360392176,6.540654503112038,0.2661748572801379
5.574053367981417,5.615614241437048,-0.041560873455630976
4.290459441148391,4.183932579745373,0.10652686140301793
5.625820933186489,5.637080101977102,-0.011259168790613394
5.043425116919247,5.0201509754507665,0.02327414146848028
4.840242308167575,4.873330048903761,-0.033087740736186255
5.583496308781699,5.642309324812161,-0.05881301603046207
3.970291913552122,4.2127171874031415,-0.24242527385101953
7.225814386792591,6.597287687315395,0.6285266994771952
5.111987788356544,5.2627482467964075,-0.15076045843986385
4.7664383335842135,4.7316608064791605,0.034777527105053
5.769975875724318,5.446032230691414,0.3239436450329034
3.93963817246112,4.461177519305241,-0.5215393468441207
4.462107803146254,4.262061885190157,0.20004591795609716
4.812184355372417,4.881401951495099,-0.06921759612268197
4.972102344379472,5.251917517728267,-0.279815173348795
6.3473892096560105,5.6547060359077586,0.692683173748252
5.723585101952381,5.729123190137878,-0.005538088185497614
4.6443908991413725,4.701441742743999,-0.057050843602626244
4.7472772026129215,4.853733373046968,-0.1064561704340461
6.195425279005418,6.164250843599436,0.031174435405982415
3.5675589188773804,3.5120219813962543,0.05553693748112609
5.7896237228676535,5.812041169552649,-0.022417446684995568
5.493061443340548,5.760045632819109,-0.26698418947856073
6.017789972275531,5.975017373956134,0.04277259831939695
4.394449154672439,4.664854287904836,-0.2704051332323969
4.867534450455582,4.680454376475906,0.18708007397967652
5.087596335232384,5.136185925794601,-0.048589590562217566
4.477336814478207,4.63149860719355,-0.15416179271534336
4.290459441148391,4.164215579198722,0.12624386194966863
4.8283137373023015,4.86645338239691,-0.0381396450946081
6.926577033222725,6.88830268084726,0.03827435237546517
5.035653057071544,4.962210849261615,0.07344220780992927
3.940221659786825,4.631797599969816,-0.6915759401829908
5.544200404831736,5.609336635683064,-0.06513623085132814
4.875197323201151,5.362239090347681,-0.4870417671465299
4.76473475565943,4.726620729494592,0.03811402616483761
6.150602768446279,6.2374967764280225,-0.0868940079817433
4.653960350157523,4.954027647198059,-0.3000672970405356
4.894101477840304,4.7027223704294,0.19137910741090458
5.466666765775108,5.670249303536333,-0.2035825377612248
5.733988316713267,5.82508419745197,-0.09109588073870256
5.263984687467532,5.2113721133565,0.052612574111031485
4.276666119016055,4.41917269755091,-0.1425065785348547
5.513428746164983,5.507155713978893,0.0062730321860904326
3.713572066704308,4.044506173295384,-0.33093410659107647
5.643430732271454,5.987420040781829,-0.3439893085103751
4.532599493153256,4.608936356397532,-0.07633686324427558
7.225814386792591,5.678941755141765,1.5468726316508254
4.143134726391533,4.181597793886994,-0.0384630674954618
6.481577129276431,6.633247937235446,-0.15167080795901455
6.51025834052315,6.235539767171205,0.2747185733519446
5.405690854816366,5.408869237820289,-0.0031783830039229244
5.351858133476067,5.306068084928649,0.04579004854741786
5.494993731647075,5.526279899965874,-0.0312861683187986
3.49650756146648,3.604509033417289,-0.10800147195080934
4.371597439183343,4.1027555841496985,0.2688418550336449
4.158883083359672,4.286157563716991,-0.12727448035731825
5.303304908059076,5.656697601410944,-0.35339269335186785
5.2832037287379885,5.097461848804478,0.1857418799335102
5.234312036572124,5.259099048254977,-0.0247870116828528
5.063860055333554,5.2792846098316835,-0.2154245544981297
5.41610040220442,5.3684848975891954,0.04761550461522468
4.670489652108734,4.7440615457788935,-0.07357189367015948
5.976350909297934,5.987979152361102,-0.011628243063167787
5.216727629508083,5.271003188577799,-0.05427555906971637
5.350292928138379,5.2781188777612895,0.07217405037708957
5.23750522715128,4.979316791498774,0.2581884356525057
5.1149953094204985,4.955926297273549,0.1590690121469498
5.848373318805697,5.893271058295457,-0.044897739489759836
5.093750200806762,5.427246175268914,-0.33349597446215196
6.431331081933479,6.7047741667967395,-0.27344308486326074
5.614441112631121,5.358792462374272,0.25564865025684824
5.705447753975262,5.783869702976308,-0.07842194900104626
5.308267697401205,5.332707413205942,-0.02443971580473736
4.02535169073515,3.928371478037544,0.0969802126976056
5.335131339670753,5.34240132100613,-0.007269981335376485
4.804021044733257,4.760553146101858,0.04346789863139833
5.707973679274669,5.734502177846816,-0.026528498572147008
4.440295542797857,4.27714900990854,0.1631465328893169
5.288267030694535,5.784418450392712,-0.4961514196981769
5.155197291953219,4.70687135303612,0.44832593891709926
4.553876891600541,4.513553420510969,0.04032347108957168
4.890349128221754,4.38107641925523,0.5092727089665239
6.851713888098512,6.650630982350756,0.20108290574775634
4.394449154672439,4.258700937876392,0.13574821679604732
6.042632833682381,6.0434574227396025,-0.000824589057221381
5.19295685089021,5.1782271746929975,0.014729676197212882
5.234685101303181,5.301152834216528,-0.06646773291334718
5.951501558536452,5.68749488086209,0.26400667767436214
4.071928522937768,4.095156828478445,-0.023228305540676786
4.31748811353631,4.3182129038056445,-0.0007247902693343633
7.003065458786462,5.177769499942825,1.8252959588436362
3.970291913552122,4.639595770581232,-0.6693038570291097
5.393627546352362,5.317352813889679,0.07627473246268313
4.605170185988092,4.7305606258160715,-0.1253904398279797
4.7664383335842135,4.791880729122216,-0.025442395538002316
4.6443908991413725,4.696904285262918,-0.05251338612154566
5.645446897643238,5.703941029829519,-0.05849413218628108
4.969813299576001,4.304706675592442,0.6651066239835588
5.865929668402136,5.689628241068524,0.17630142733361165
6.147762918992699,5.874394144884714,0.2733687741079853
3.8501476017100575,4.0587919670902215,-0.20864436538016395
5.484796933490655,5.468640584421284,0.016156349069370357
5.117993812416755,5.365126112698899,-0.24713230028214372
4.189654742026425,4.385840787501419,-0.19618604547499352
5.723585101952381,5.657638563695549,0.06594653825683139
6.515823185156557,6.43768631480897,0.07813687034758665
4.812184355372417,4.903385067122668,-0.09120071175025135
4.986001013137895,4.957817062081349,0.02818395105654581
5.159055299214529,5.05422493952967,0.10483035968485943
4.276666119016055,4.269569456886692,0.007096662129363551
4.976733742420574,4.566467561655787,0.41026618076478716
4.524935793277486,4.570771620447751,-0.04583582717026502
3.5956670723917576,3.7004504425525506,-0.10478337016079298
4.418840607796598,4.293298042744432,0.1255425650521662
6.348439446055712,5.278079043916274,1.0703604021394382
4.95955250386694,5.2319145118828905,-0.2723620080159508
5.493061443340548,5.3258793371443955,0.1671821061961527
4.418840607796598,4.468862761702209,-0.050022153905611155
4.709530201312334,4.568272422795148,0.14125777851718624
4.47745044438572,4.541223224558899,-0.06377278017317867
5.916471568066552,6.034756568139689,-0.11828500007313725
6.516681122609335,6.353910374662769,0.1627707479465661
5.538632636370566,5.492618280046408,0.04601435632415818
4.5217885770490405,4.641300506890483,-0.11951192984144221
5.602118820879701,5.623649237376315,-0.021530416496614357
3.9318256327243257,3.8330032150395796,0.09882241768474609
4.382026634673881,4.3874684563809145,-0.005441821707033334
5.528118705526313,5.4661903377395555,0.06192836778675748
4.691347882229144,4.668638464242425,0.02270941798671977
4.099166252501314,4.770745169247811,-0.6715789167464967
5.043425116919247,5.123482242562652,-0.08005712564340506
5.632644446822861,5.496225243945433,0.1364192028774287
4.532599493153256,4.449309679424703,0.0832898137285536
5.038574662785497,5.0884458672138875,-0.049871204428390215
4.927253685157205,4.790754843933239,0.1364988412239665
4.343805421853684,4.448295314783739,-0.10448989293005528
5.641907070938114,5.517414029926327,0.12449304101178704
5.14166355650266,4.803169166758823,0.33849438974383705
4.33729074083249,4.557748876228196,-0.22045813539570602
5.320567975482857,5.362154766432372,-0.04158679094951534
4.430816798843313,4.10677061469097,0.3240461841523432
4.90527477843843,4.810988940678759,0.0942858377596707
4.4942386252808095,4.536536673049615,-0.042298047768805525
6.997340008724225,4.439324853719945,2.5580151550042807
4.709530201312334,4.751909891646013,-0.0423796903336795
5.198497031265826,5.158035894290713,0.040461136975112666
6.056128060433704,5.507965678074582,0.5481623823591226
4.110873864173311,4.479192833486531,-0.3683189693132194
5.160950054755124,5.253625900989074,-0.09267584623395031
5.6507332535663855,5.809376985467382,-0.15864373190099634
5.37735957388799,5.13221019372611,0.24514938016187937
5.298317366548036,4.884754374580324,0.4135629919677122
5.703782474656201,5.9030342043517825,-0.19925172969558158
5.54907608489522,5.398883220225752,0.15019286466946813
4.727387818712341,4.793998729835136,-0.06661091112279482
4.934473933130692,5.01099116111846,-0.07651722798776728
5.025195445427586,4.534534195354884,0.49066125007270145
5.501258210544727,5.351391185975995,0.14986702456873235
5.697093486505405,5.563627595425713,0.13346589107969198
5.626433358228597,5.630314727722373,-0.0038813694937767096
4.394449154672439,4.749639126266072,-0.3551899715936333
5.017279836814924,4.902650300240792,0.11462953657413255
4.097672352314776,4.194703237063682,-0.09703088474890631
6.424334034795057,6.323266322042031,0.10106771275302595
5.1029105702054265,5.358331533886503,-0.25542096368107625
3.495294705041271,3.6407199653309394,-0.1454252602896684
4.983606621708336,5.188708461221011,-0.20510183951267447
4.066116540765546,3.9805306200139228,0.08558592075162341
5.497168225293202,5.490465902261312,0.00670232303188989
5.244389024522481,5.4061640579013215,-0.16177503337884058
5.771441123130016,5.967526392252178,-0.19608526912216195
4.859812404361672,4.806647086038997,0.05316531832267479
5.3981627015177525,5.263004097474742,0.13515860404301083
5.402677381872279,5.406262341697709,-0.0035849598254298343
6.059123195581797,5.9909473747413005,0.06817582084049612
6.467698726104354,5.994865604604723,0.4728331214996313
4.330733340286331,4.813087044763886,-0.4823537044775552
5.468060141135132,5.391632810813169,0.07642733032196336
4.174387269895637,4.110249494485483,0.06413777541015353
6.933423025730715,6.4883878834488184,0.44503514228189633
4.204692619390966,4.144749399400134,0.05994321999083141
5.0369526024136295,5.131410129329658,-0.09445752691602838
4.611847840741332,5.2448521446576475,-0.6330043039163158
6.943122422819428,5.7337865046418415,1.2093359181775867
5.4510384535657,5.332195730085068,0.11884272348063174
5.794536837924666,5.815993159177662,-0.021456321252996347
4.927253685157205,4.916722018170869,0.010531666986335786
5.209486152841421,4.9682390595635555,0.24124709327786586
4.584967478670572,4.784204506103356,-0.19923702743278326
4.232075457910378,4.593212083850755,-0.361136625940377
4.069026754237811,4.083084585067881,-0.01405783083006984
3.713572066704308,3.741114401595759,-0.02754233489145097
6.795336579512404,6.782736201715478,0.012600377796926132
4.7535901911063645,4.894854619164898,-0.14126442805853312
6.336117515819389,5.8854852627897385,0.45063225302965026
4.363098624788363,4.810894920678727,-0.44779629589036407
5.988961416889864,5.958302620739317,0.03065879615054712
4.897839799950911,4.980823686047196,-0.08298388609628482
4.448516375942715,4.599722322341026,-0.15120594639831086
6.313276270218893,6.004130369852929,0.309145900365964
5.575949103146316,5.457356858258002,0.11859224488831366
4.220830359494875,4.28648704834249,-0.06565668884761511
5.394536224288579,5.529148583517148,-0.1346123592285684
6.51471269087253,6.358502725479191,0.1562099653933391
4.442651256490317,4.360744401332558,0.08190685515775886
3.49650756146648,5.0166169423950775,-1.5201093809285977
4.07753744390572,4.451798741260155,-0.37426129735443503
5.484796933490655,5.5149058756915075,-0.030108942200852695
5.41610040220442,5.2146622931262,0.2014381090782198
5.159055299214529,5.305503724286982,-0.14644842507245315
6.359573868672378,6.245995292591498,0.1135785760808794
4.610257225036649,4.406305422133178,0.2039518029034708
5.324423613632516,5.481553738169274,-0.15713012453675823
5.1149953094204985,5.0071432995319425,0.10785200988855603
5.113612973052288,5.1273414921192275,-0.013728519066939171
5.699607103245721,5.810285440405103,-0.11067833715938225
4.812184355372417,4.821936902829646,-0.009752547457228644
5.395897694886901,5.315955112869361,0.0799425820175399
5.402677381872279,5.233294459294919,0.16938292257735998
5.480638923341991,5.439434423597202,0.041204499744789125
5.249652194566756,5.247412474073618,0.002239720493137476
6.90875477931522,5.519085446035059,1.3896693332801613
4.343805421853684,4.431076570817149,-0.087271148963465
4.7535901911063645,4.734953013512079,0.01863717759428507
5.793013608384144,5.835469183251661,-0.04245557486751661
5.126045145607083,5.016834143208603,0.1092110023984798
6.016157159698354,5.978522303391101,0.03763485630725327
5.21057845224003,5.130278586130435,0.08029986610959483
5.150397236471415,4.990236690157194,0.16016054631422083
5.723585101952381,5.707755937879509,0.015829164072871826
6.115892125483034,6.337201645824605,-0.22130952034157048
4.672828834461906,4.745159452494725,-0.0723306180328196
5.349960599699875,5.722105539313655,-0.37214493961378015
5.916202062607435,6.0964708262734995,-0.18026876366606448
5.293304824724492,5.029772264125557,0.26353256059893493
3.970291913552122,3.9721558211856056,-0.0018639076334836524
5.480638923341991,5.810494995337976,-0.32985607199598466
4.810557015713042,4.8520304584842195,-0.041473442771177815
5.278114659230517,5.258837202474996,0.019277456755521172
5.214935757608986,4.651635466853096,0.5633002907558895
5.217649463480582,5.13355443467595,0.08409502880463204
5.652489180268651,5.664025671376038,-0.011536491107387192
3.862622655133019,3.8529870161949917,0.009635638938027213
4.548599834499697,4.579896237659232,-0.031296403159534414
5.043425116919247,4.922559017586983,0.12086609933226367
3.586292865338835,3.643367736611102,-0.05707487127226685
5.10594547390058,5.0180684500270365,0.08787702387354379
3.8501476017100575,4.00602920169545,-0.15588159998539286
5.876334239854351,5.912454265396649,-0.03612002554229754
4.430816798843313,4.483784480161829,-0.052967681318516036
5.117993812416755,5.0486519050425125,0.06934190737424295
4.534747721691546,4.880079975887908,-0.3453322541963617
3.523709956137547,3.780837769550483,-0.2571278134129358
4.68213122712422,4.760364117365169,-0.07823289024094926
4.262679877041316,4.145358828924774,0.11732104811654231
5.351858133476067,5.393669780536152,-0.041811647060085555
5.25227342804663,5.397112947544906,-0.14483951949827567
3.828641396489095,3.9958778452384767,-0.1672364487493816
4.212127597878484,4.630352060305328,-0.41822446242684386
5.993961427306569,6.001582261991034,-0.007620834684464839
6.775366090936392,6.767517083075951,0.007849007860440516
4.51085950651685,4.6758857180560085,-0.16502621153915875
3.828641396489095,3.6473607571980837,0.18128063929101135
5.707110264748875,5.4829425920260935,0.22416767272278193
3.8501476017100575,3.94721878830809,-0.09707118659803227
4.430816798843313,4.301644168183566,0.12917263065974716
4.994573660548905,4.884285836740447,0.11028782380845836
5.156177599386914,5.121888486809433,0.03428911257748091
4.387387240915977,4.845620942061226,-0.4582337011452484
5.197612662426405,5.255157820464142,-0.057545158037736854
5.499215308914927,5.558721308255693,-0.05950599934076628
5.4634503763587405,5.658059660593569,-0.19460928423482837
6.731733834736662,6.633036579825236,0.09869725491142578
4.110873864173311,4.1191443493414095,-0.00827048516809814
5.153291594497779,5.031013254058127,0.12227834043965213
5.293304824724492,5.359758053291723,-0.06645322856723102
6.164661265569378,6.412828707518611,-0.24816744194923324
5.162898479440301,5.091540231367077,0.07135824807322422
4.8283137373023015,4.869068516047968,-0.0407547787456668
3.9889840465642745,4.071690422571435,-0.08270637600716046
4.781892764381564,4.886967704783545,-0.1050749404019804
5.655991810819852,5.528541538483822,0.12745027233603068
4.007333185232471,4.150292713679145,-0.14295952844667426
5.58724865840025,5.5109173219942,0.07633133640604939
6.339777123711838,5.981637984105685,0.35813913960615285
3.3028492586443794,3.6002675806726026,-0.29741832202822316
5.595454597770573,5.0376296455853256,0.5578249521852472
5.871554250435424,5.678149986258772,0.19340426417665224
4.262679877041316,4.229565896556888,0.03311398048442804
5.0238805208462765,4.989982456813807,0.033898064032469755
5.761422254102616,5.880511614792413,-0.11908936068979692
5.918893854273146,5.8998284369678435,0.019065417305302645
4.875197323201151,5.19992040925764,-0.3247230860564887
6.90875477931522,6.75298533995926,0.15576943935596077
5.695414224985685,5.767103337254377,-0.07168911226869223
4.430816798843313,4.420915996816076,0.009900802027237532
5.66988092298052,5.621086821089933,0.04879410189058664
5.570898491464577,5.555325362200154,0.015573129264423002
5.68697535633982,5.78237217290192,-0.09539681656209975
5.10230248262208,5.013020353150702,0.08928212947137837
3.871201010907891,3.919014488307798,-0.04781347739990682
4.219507705176107,4.449701918120714,-0.23019421294460685
4.060443010546419,4.367370507662762,-0.3069274971163427
4.278054044290903,4.363879956603846,-0.08582591231294234
4.926818808003145,4.314299121300788,0.612519686702357
4.403054001865957,4.603293546219565,-0.20023954435360825
5.017279836814924,4.936249130934141,0.08103070588078332
4.262679877041316,4.392238040058016,-0.12955816301669998
4.983606621708336,5.2079707837629,-0.224364162054564
5.091969475151227,5.0944789098778225,-0.002509434726595039
5.081404364984463,5.125314966515699,-0.04391060153123583
5.392490536565286,5.530465407846616,-0.13797487128133046
5.3691019652659975,4.516786470634078,0.8523154946319194
4.276666119016055,4.2515671403382695,0.025098978677785766
6.230481447578482,6.432856927408313,-0.20237547982983095
6.625392368007956,6.491267718566417,0.13412464944153957
5.521460917862246,5.497481127546529,0.02397979031571662
4.555664766084252,4.537115340031625,0.018549426052627105
4.574710978503383,4.590200926191065,-0.015489947687681749
5.805134968916488,5.639265879613581,0.1658690893029071
4.640537329825382,5.045395321694789,-0.40485799186940685
4.663439094112067,4.42877536345324,0.23466373065882706
5.472270673671475,5.598638331448623,-0.12636765777714842
4.61015772749913,4.453544881096018,0.15661284640311202
5.139204394890964,4.909962400187949,0.2292419947030151
5.085557220613515,5.229370660393882,-0.14381343978036742
5.942799375126701,5.736388911800299,0.20641046332640212
4.327966357823938,4.379859044023781,-0.05189268619984322
4.9614450499054845,4.801402906427466,0.1600421434780186
5.529429087511423,5.503547675480544,0.02588141203087968
4.787491742782046,4.977146362524045,-0.18965461974199904
5.5350481913707625,5.538355991425522,-0.003307800054759724
4.740574822994295,4.976731661787695,-0.23615683879340033
4.483002552013883,4.795527689017211,-0.31252513700332774
5.259212646667276,5.338934024552808,-0.07972137788553191
5.093750200806762,4.986521911265165,0.10722828954159702
4.872981128797461,4.905707557776029,-0.03272642897856848
5.0271645960474665,5.090622257662572,-0.06345766161510547
6.035481432524756,5.953491648770622,0.08198978375413457
5.225746673713202,5.22824566903767,-0.0024989953244682894
4.454347296253507,5.128231634836951,-0.6738843385834441
4.691347882229144,4.823626330143451,-0.13227844791430687
6.198478716492308,6.075369478395257,0.12310923809705088
5.705680671939281,5.349409500913317,0.3562711710259645
4.694370831446394,4.790535921213999,-0.09616508976760496
5.733341276897746,5.665347674859023,0.06799360203872329
4.3694478524670215,4.383233138361708,-0.013785285894686083
5.564520407322694,5.891259947713923,-0.32673954039122943
5.811140992976701,5.788570654468919,0.022570338507781784
4.927253685157205,5.150345584990629,-0.22309189983342392
5.818092820833612,5.722451681134276,0.09564113969933619
5.3612921657094255,5.263219126233635,0.09807303947579005
4.762173934797756,4.733633423342845,0.028540511454910877
5.003946305945459,5.134507638203816,-0.13056133225835698
4.709530201312334,4.595072586979288,0.11445761433304558
4.454347296253507,4.518283087456906,-0.06393579120339865
4.110873864173311,4.174961592098873,-0.06408772792556139
4.6491870714048655,4.498446022758772,0.1507410486460934
6.0055400212125285,5.95735047802354,0.048189543188988715
5.332718793265369,5.548425624603307,-0.215706831337938
4.6443908991413725,4.594937861037943,0.04945303810342949
5.634789603169249,5.1621644312869694,0.4726251718822798
4.454347296253507,4.39163595830417,0.06271133794933714
5.017279836814924,5.069943715994245,-0.05266387917932036
5.062595033026967,5.059010728851414,0.0035843041755532212
5.3706380281276624,5.339131378777303,0.03150664935035952
3.951243718581428,3.836946103467054,0.1142976151143742
5.971261839790462,5.917067846079116,0.05419399371134581
4.74493212836325,4.6904642918332655,0.05446783652998466
5.66988092298052,5.674322880510668,-0.0044419575301484215
5.375278407684165,5.501197688055807,-0.12591928037164202
5.2832037287379885,5.1920496593495065,0.09115406938848203
4.339510497570803,4.328956131759098,0.010554365811705324
4.875197323201151,5.1123095270387315,-0.23711220383758036
6.714170529909472,6.4138188022837515,0.3003517276257206
2.4414770918606643,3.3583794583389786,-0.9169023664783142
5.992638857335751,5.502651400699097,0.489987456636654
5.969985515430857,6.074459948306347,-0.10447443287548985
5.831149070576642,5.782400863007623,0.04874820756901954
6.442540166468199,6.252143423567006,0.19039674290119368
4.418840607796598,4.850783706936783,-0.43194309914018447
4.742058438050213,4.712998338215013,0.02906009983519997
5.25227342804663,5.506654346519344,-0.25438091847271416
4.795790545596741,5.059184820321244,-0.2633942747245026
6.223567839793664,6.204215508085709,0.019352331707954917
4.736198448394496,4.709861460275975,0.02633698811852092
5.769351714420779,5.82658188801366,-0.05723017359288107
5.151382258424339,4.8318205563961225,0.3195617020282162
5.2961650519798935,5.518243916201588,-0.22207886422169487
4.653960350157523,4.6709365160802125,-0.016976165922689468
4.262679877041316,4.232935410024609,0.029744467016707077
4.373994462976618,4.550263008735818,-0.17626854575919992
4.309455941839047,4.052243381380817,0.25721256045822916
4.820281565605037,4.979129369891715,-0.15884780428667788
5.470883156893275,5.681631081918919,-0.2107479250256441
3.7297814454343614,4.013041430325468,-0.2832599848911066
6.162261618049983,6.047501550080289,0.1147600679696934
4.5217885770490405,4.584127604344628,-0.06233902729558771
5.788429948716486,5.803001268957628,-0.01457132024114216
5.736572297479192,5.885674359742334,-0.14910206226314227
4.07753744390572,4.001022589211232,0.07651485469448804
4.276666119016055,4.10109286291666,0.175573256099395
4.738389029774314,4.89751579302585,-0.1591267632515354
5.198497031265826,5.660640930137488,-0.46214389887166174
5.564520407322694,5.589586617538683,-0.025066210215989315
6.171700597410915,5.956842208404495,0.21485838900641951
6.466144724237619,6.682291093431349,-0.21614636919372998
7.225814386792591,7.158979058830927,0.06683532796166336
5.945420608606575,5.958953154377333,-0.01353254577075802
5.293304824724492,5.277498222448875,0.015806602275617365
5.396351106819402,5.365686978889147,0.030664127930255525
5.531411248715415,5.567113046085157,-0.035701797369742216
5.262690188904886,5.399913275747248,-0.13722308684236229
5.47084108086188,5.58421214453416,-0.11337106367227978
5.359647621699643,5.388669886120231,-0.029022264420587973
4.875197323201151,4.855932650803056,0.01926467239809515
5.805134968916488,5.669622248563098,0.13551272035339057
5.351858133476067,5.3457759969775775,0.006082136498489099
5.41756599436603,5.472913612792495,-0.05534761842646496
5.682218296740361,5.491126648538303,0.19109164820205837
6.340059435138503,5.756714789845044,0.583344645293459
6.349138991379798,5.883506340380821,0.46563265099897677
5.459585514144159,5.293220473478213,0.16636504066594604
4.553876891600541,4.511612061975606,0.042264829624934386
4.44500143383527,4.651374364366443,-0.206372930531173
5.692890033489777,5.726625102459429,-0.033735068969651394
5.717027701406222,5.732830282134884,-0.015802580728662363
5.293304824724492,5.274708719257829,0.01859610546666346
5.189227683960333,5.095651103191433,0.0935765807688993
5.421994111241634,5.488068942884227,-0.06607483164259254
6.113682179832232,6.012408520888252,0.10127365894397933
5.471850417308912,5.437611552002178,0.034238865306734034
4.343805421853684,4.427516448556089,-0.08371102670240482
5.247024072160486,4.8727441692906615,0.3742799028698247
4.316821224548606,5.150151857903889,-0.833330633355283
4.941642422609304,5.153242726592144,-0.21160030398284047
5.028278729268851,5.026055747933937,0.0022229813349134986
5.525452939131784,5.485278020299752,0.04017491883203217
6.227721737567575,6.264335510671867,-0.0366137731042917
3.707455839686872,3.6175942085737454,0.08986163111312662
5.5053315359323625,5.463030828594666,0.04230070733769686
5.448890225027411,5.4510894520496525,-0.002199227022241068
5.793013608384144,5.2609728921671985,0.5320407162169456
3.713572066704308,4.09155909145013,-0.37798702474582235
5.442417710521793,5.4113776008373415,0.0310401096844517
6.0330862217988015,5.877017698084487,0.1560685237143149
5.372960909543803,5.84699467890671,-0.4740337693629071
5.6185876285929695,5.483603050846024,0.1349845777469456
5.3612921657094255,5.219573213472363,0.14171895223706255
5.968707559985366,5.969260006684436,-0.0005524466990705079
4.976733742420574,5.102159133569063,-0.1254253911484886
5.184588601219693,5.212643886787787,-0.02805528556809378
5.278114659230517,5.335399915551312,-0.057285256320795064
4.924859517074852,5.055085758237666,-0.13022624116281367
4.04305126783455,4.3525853597274295,-0.3095340918928793
3.751854253275325,3.95591734499866,-0.20406309172333525
5.260667419096131,5.229102720980099,0.03156469811603202
5.472270673671475,5.55882604677226,-0.08655537310078465
5.520140045894831,5.507457884710585,0.012682161184245366
3.951243718581428,4.076151081883488,-0.12490736330205987
6.022236205774735,5.9421024352636325,0.08013377051110293
4.658710952916121,4.607509667292554,0.051201285623567294
5.517452896464707,5.423550349929231,0.09390254653547636
4.330733340286331,4.407833451794924,-0.0771001115085932
4.248495242049359,4.07236098885081,0.17613425319854947
5.940171252720432,5.122914584303289,0.8172566684171425
4.352469082431556,4.382172234899764,-0.029703152468208316
4.430816798843313,4.470077745652339,-0.039260946809025477
6.584791392385716,6.676299757292249,-0.09150836490653269
3.970291913552122,4.283545603851292,-0.31325369029916983
5.07698467463779,5.107833813171032,-0.03084913853324256
5.0401940963378005,5.355262420323934,-0.31506832398613316
5.846438775057725,5.918400214358675,-0.07196143930095023
4.890349128221754,5.210047298145917,-0.31969816992416344
4.219507705176107,4.278025376849665,-0.058517671673557814
5.799092654460526,5.913415073784713,-0.11432241932418741
6.102558594613569,5.736250108614854,0.3663084859987151
5.375278407684165,5.377152359298477,-0.0018739516143115864
6.209253789660266,5.89603625064246,0.31321753901780625
3.9318256327243257,3.919844412586597,0.01198122013772851
3.728100167267218,3.985809466469301,-0.2577092992020833
4.034240638152395,3.8503591001798037,0.18388153797259177
5.723585101952381,5.613034399137025,0.11055070281535606
4.553455750301413,5.123781680546795,-0.5703259302453825
5.638354669333745,5.506285411094299,0.13206925823944626
4.958639998977875,5.043270524250462,-0.08463052527258697
5.846438775057725,5.584138627250902,0.26230014780682254
4.859812404361672,4.772065937795009,0.08774646656666274
4.442651256490317,4.44058395136092,0.0020673051293966793
6.211804171089457,6.247609684249792,-0.035805513160334534
4.803693122120054,4.585245081573592,0.21844804054646172
4.380775852772229,4.887464276400366,-0.5066884236281375
5.010635294096256,4.993574051141099,0.01706124295515732
4.973763819320351,5.044986706378052,-0.07122288705770075
5.017279836814924,4.989879027912377,0.027400808902547702
5.272999558563747,5.279265647502045,-0.0062660889382986085
6.156978985585555,6.165807885154167,-0.008828899568611881
5.438079308923196,5.403039268572237,0.035040040350958535
5.659482215759621,5.745889196196705,-0.08640698043708372
3.871201010907891,3.827632739606152,0.04356827130173935
3.0996417369445024,2.9133389073836202,0.18630282956088218
4.3694478524670215,4.564770257684238,-0.19532240521721622
6.302618975744905,5.709730404755974,0.5928885709889311
4.330733340286331,4.5411567038339005,-0.2104233635475694
5.150397236471415,5.429812064912025,-0.2794148284406104
6.258299572046617,6.2208455864436045,0.03745398560301272
5.337538079701318,4.838563277662612,0.49897480203870614
6.108135853911675,6.302310020713263,-0.19417416680158883
6.643789733147672,6.651997597659708,-0.008207864512035812
5.4510384535657,5.267869258972528,0.18316919459317216
5.611667185748395,5.3437779989202685,0.26788918682812657
5.204006687076795,5.184592199360624,0.019414487716170825
5.4875731591948895,5.231536444128375,0.2560367150665144
6.8485040885768464,5.524297331431086,1.3242067571457605
5.673323267171493,6.028727780138149,-0.35540451296665587
3.828641396489095,3.9304728882630324,-0.10183149177393735
5.003946305945459,4.7472532729247074,0.25669303302075175
5.66988092298052,5.570460781118374,0.09942014186214543
5.815323849389109,5.430658476942027,0.3846653724470812
5.713732805509369,5.681621972530608,0.03211083297876094
5.898060050335743,5.863324443764832,0.03473560657091035
6.3835066348840055,5.734559210953868,0.6489474239301378
4.219507705176107,4.231874194934519,-0.012366489758411703
4.51085950651685,4.816351228983742,-0.3054917224668925
5.34094572860366,5.482912025325584,-0.1419662967219244
5.984565805416826,5.963316064182185,0.02124974123464085
5.351858133476067,5.133682954925352,0.21817517855071422
4.04305126783455,4.049840454532832,-0.006789186698282101
7.225814386792591,6.602407562838087,0.6234068239545039
6.871983013093988,6.817156252547721,0.05482676054626712
3.9318256327243257,3.9566966031712587,-0.024870970446932983
6.180016653652572,6.255725636986803,-0.0757089833342306
4.356708826689592,4.342575639874405,0.014133186815186605
5.424950017481403,5.476194291322677,-0.051244273841273724
5.43153621033426,5.444694674262259,-0.013158463927998909
5.459585514144159,5.480844003318258,-0.021258489174099005
4.75074130930731,4.994337534267723,-0.2435962249604131
5.327779076697656,5.475394404865376,-0.1476153281677206
6.363028103540465,6.328798716895034,0.03422938664543107
5.8522024797744745,5.914759113861302,-0.06255663408682732
5.158077810133449,4.996295744142258,0.16178206599119083
4.356708826689592,4.435389802908729,-0.07868097621913694
6.000176487710004,6.010679861169142,-0.01050337345913821
6.580819426163694,6.6921842819476085,-0.11136485578391486
5.128418329752639,4.967704695383799,0.16071363436884045
4.127134385045092,4.389558913367787,-0.26242452832269514
6.023278087070297,6.08428079939683,-0.06100271232653309
4.400603020246817,4.847086712848005,-0.4464836926011877
4.680834089909081,4.714474407219323,-0.033640317310242196
5.393627546352362,5.373850523436381,0.019777022915980602
4.754710253257667,4.7003328549502195,0.054377398307447145
5.327876168789581,5.414673075183152,-0.08679690639357052
5.516126716271544,5.570432836930396,-0.05430612065885221
5.5053315359323625,5.549783032923072,-0.044451496990709494
6.819142620625533,6.2396717684059935,0.5794708522195391
7.225814386792591,6.595501065847625,0.6303133209449658
5.679045694423787,5.470264599536548,0.2087810948872395
5.170483995038151,5.385986958504691,-0.2155029634665393
6.447305862541213,6.517745824940006,-0.07043996239879302
4.837947186270539,4.8949874208959425,-0.05704023462540331
6.270856097960778,6.324348853670494,-0.05349275570971557
6.349138991379798,5.769683692580505,0.5794552987992931
5.654242029096065,5.67331726255994,-0.019075233463874852
4.5205922095127935,4.7758073916379,-0.25521518212510674
5.786897381366708,5.696168732933141,0.09072864843356676
5.422744944923089,5.489412043886314,-0.06666709896322498
5.721393158915862,5.50679759201809,0.21459556689777148
6.577861357721047,6.267355699469589,0.3105056582514578
4.709530201312334,4.80766597097592,-0.09813576966358628
5.335613151291733,5.3759080236201005,-0.04029487232836715
4.364371699435161,4.455808850479733,-0.0914371510445724
4.110873864173311,4.284368841729434,-0.17349497755612298
4.644487048365042,5.1887757542986686,-0.544288705933627
4.127134385045092,4.148787672954676,-0.021653287909584762
5.855071922202427,5.832996167292916,0.02207575490951097
4.7535901911063645,4.6975442004182,0.056045990688164515
4.276666119016055,4.212283056187256,0.06438306282879935
6.410174881966167,4.850175020107053,1.5599998618591142
5.0238805208462765,5.068283758802743,-0.044403237956466945
3.8918202981106265,3.776732644394755,0.1150876537158716
4.394449154672439,4.3474369292466415,0.04701222542579764
4.663439094112067,4.749596863837548,-0.08615776972548073
5.802118375377063,5.977031036214497,-0.1749126608374345
5.923587124704897,5.5867387904603145,0.33684833424458205
4.442651256490317,4.5142673257042745,-0.0716160692139578
5.153291594497779,4.6384588370525135,0.5148327574452658
5.003946305945459,5.278651774006953,-0.27470546806149354
4.663439094112067,4.831247330067044,-0.1678082359549773
5.172357239419832,5.15457050834234,0.017786731077491957
5.402677381872279,5.209022245553698,0.193655136318581
5.2548878086207,5.476123855631552,-0.22123604701085142
4.442651256490317,4.466596347046025,-0.02394509055570815
4.31748811353631,4.313885245762904,0.0036028677734059045
5.365976015021851,5.3391299185117935,0.02684609651005765
4.353369925424077,4.463155773245178,-0.1097858478211009
5.815115121584316,5.637600555906656,0.17751456567766066
4.757719584448376,4.963300221161339,-0.20558063671296356
5.525452939131784,5.7832318127741384,-0.2577788736423541
6.042632833682381,6.004156582871414,0.03847625081096684
5.969985515430857,5.8858762573317955,0.08410925809906189
4.976733742420574,4.928871260370868,0.04786248204970622
6.355239228161937,6.30003512056096,0.055204107600977714
3.80666248977032,3.644608674419511,0.16205381535080887
5.167639042905921,5.347659143152715,-0.18002010024679382
4.382026634673881,4.377566671470185,0.004459963203696127
4.611847840741332,4.480584786281931,0.13126305445940112
5.5093883366279774,5.654086490554494,-0.14469815392651686
4.663439094112067,4.720398972076043,-0.05695987796397617
7.048386408721883,6.102614648235818,0.9457717604860649
5.310739886546594,5.138870024363632,0.1718698621829624
5.438079308923196,5.441278267171916,-0.003198958248720629
3.951243718581428,3.833819227483327,0.11742449109810105
5.278114659230517,5.3834729203314176,-0.10535826110090074
4.857250987196899,4.7756994285428656,0.08155155865403341
4.709530201312334,4.866811020327258,-0.1572808190149244
4.460144413937834,4.8154101870728345,-0.35526577313500063
4.890349128221754,4.898203997454541,-0.00785486923278711
4.832305758571839,4.874320726991151,-0.04201496841931185
5.831882477283517,5.928829269850536,-0.0969467925670191
5.983104700763502,5.943128462294097,0.039976238469405345
6.584791392385716,6.2369340316344255,0.3478573607512905
4.669739956637391,4.65459030495309,0.015149651684301269
6.661854740545311,6.630980050633184,0.030874689912127273
4.621338767149675,4.697175734660248,-0.07583696751057278
4.991792206294776,5.28956485113174,-0.29777264483696353
4.189654742026425,4.191937762699958,-0.0022830206735324765
4.918520005188451,4.941353952251327,-0.022833947062876447
5.613128106388071,5.1472677853877755,0.46586032100029584
4.8794630213208565,5.316550185915236,-0.4370871645943799
5.10594547390058,5.085269792296361,0.020675681604219065
4.875197323201151,4.785457221191179,0.08974010200997196
4.455160918661383,4.902770032587387,-0.44760911392600455
4.430816798843313,4.544623654946347,-0.1138068561030332
6.396929655216146,6.356294706548442,0.04063494866770423
6.932447891572509,6.289037835435867,0.6434100561366423
5.298317366548036,5.237597671501225,0.06071969504681096
7.090909822079984,6.8851615623940186,0.20574825968596588
6.598059336237399,6.60385222352291,-0.005792887285511306
5.14166355650266,5.0592547503898375,0.08240880611282275
5.726847747587197,5.6295001993305505,0.09734754825664638
5.41164605185504,5.358159474898572,0.053486576956468745
4.5591262474866845,4.683914682336455,-0.12478843484977009
4.9467010348001645,5.178693981762651,-0.23199294696248618
6.476972362889683,6.631539233093205,-0.15456687020352256
6.249337973609879,6.1147572342586045,0.13458073935127413
4.3694478524670215,4.442483938223222,-0.07303608575620046
4.499809670330265,4.451879052436523,0.04793061789374242
6.07993319509559,6.148036422882306,-0.0681032277867164
6.405228458030842,6.278351793272682,0.12687666475815984
5.393627546352362,5.396236072568465,-0.0026085262161030798
5.6937321388027,5.90442398150568,-0.21069184270298003
4.110873864173311,4.003849412116434,0.10702445205687727
5.166669912482037,5.262706498692284,-0.09603658621024636
3.974058396347599,4.204167642360397,-0.2301092460127978
3.9318256327243257,3.9169262017035846,0.014899431020741094
4.248495242049359,4.228452183877567,0.020043058171792083
4.365261888341151,4.2718718887012885,0.09338999963986261
6.008813185442595,5.91731405791473,0.09149912752786449
5.4638318050256105,5.3995792370928175,0.06425256793279299
5.153291594497779,5.263128683471517,-0.10983708897373745
4.473579765600494,4.638193769871141,-0.1646140042706472
5.049856007249537,5.013978793951473,0.035877213298063815
5.937536205082426,5.982008163043891,-0.044471957961464526
5.991464547107982,5.636446153431442,0.35501839367653965
6.2878585601617845,6.1706098062413615,0.117248753920423
4.0943445622221,4.19940652037567,-0.10506195815356989
3.997833661841257,4.052157013721366,-0.05432335188010873
5.577841251298354,5.489764857450661,0.08807639384769317
4.852030263919617,4.970321745151842,-0.11829148123222488
5.017279836814924,5.112850716835148,-0.09557088002022329
4.882801922586371,4.825868482948368,0.05693343963800235
5.484796933490655,5.242002621374185,0.2427943121164695
4.276666119016055,4.313774202769475,-0.03710808375342012
5.1647859739235145,4.813993310745986,0.3507926631775282
4.824305715904762,4.9423513037267774,-0.11804558782201546
4.679070993827626,5.2131291853891275,-0.5340581915615017
5.135798437050262,5.092236820552699,0.04356161649756274
6.073044534100405,6.0996160778217465,-0.026571543721341406
6.042632833682381,5.977784968417459,0.06484786526492226
6.522092798170152,6.687376289085085,-0.16528349091493322
5.453182077108952,5.41709844568977,0.03608363141918236
4.795790545596741,5.016786504986262,-0.220995959389521
5.442417710521793,5.365418034116147,0.07699967640564598
4.6245805795079145,4.711049397224592,-0.08646881771667747
3.9828541861887374,4.180711464785821,-0.19785727859708357
4.7535901911063645,4.243106522637319,0.5104836684690452
5.066826573745998,5.264622604366508,-0.19779603062051
5.099866427824199,5.278313866724208,-0.17844743890000903
5.111987788356544,5.179818289009348,-0.06783050065280438
4.470495282661489,4.4463851636854805,0.0241101189760089
5.214935757608986,5.174400429219878,0.040535328389108116
5.462432521400004,5.873217690399052,-0.41078516899904827
4.276666119016055,4.73942496102314,-0.4627588420070845
4.934473933130692,5.086728222620996,-0.15225428949030384
3.766997233377889,3.8858563619760877,-0.1188591285981988
6.11257537285704,6.2430755757022665,-0.13050020284522645
4.564348191467836,4.55872396712834,0.0056242243394963864
4.61015772749913,4.861738225838368,-0.251580498339238
5.53022242353082,5.39081953183102,0.1394028916998007
4.770684624465665,4.6099758183613195,0.16070880610434557
5.792007004367292,5.232256241989378,0.5597507623779139
4.927253685157205,5.159245558534282,-0.23199187337707716
5.103943471229908,5.081762823826872,0.022180647403035714
4.48863636973214,4.433275270694195,0.055361099037944506
5.214935757608986,5.231519742828251,-0.016583985219265074
4.68213122712422,4.663159196482163,0.01897203064205666
6.183468246980797,6.188154567010243,-0.004686320029446023
4.430816798843313,4.34894879439269,0.08186800445062303
6.190991406821195,6.2081012104105655,-0.017109803589370642
6.19644412779452,6.163803535322457,0.03264059247206319
4.418840607796598,4.316532701148824,0.10230790664777434
6.2166061010848646,5.371329419091133,0.8452766819937318
4.356708826689592,4.578746313461629,-0.22203748677203716
7.225814386792591,7.098685650701782,0.12712873609080866
3.624340932976365,3.801680460216572,-0.17733952724020696
6.364750756851911,6.090717137377589,0.2740336194743218
3.9318256327243257,4.074299099510273,-0.14247346678594708
4.948759890378168,5.295466342096449,-0.34670645171828074
4.61512051684126,4.5067514557675254,0.10836906107373423
5.929589143389895,5.9857035652967125,-0.056114421906817924
4.782479200958502,5.220504963312077,-0.4380257623535755
3.9318256327243257,3.922131755191341,0.009693877532984896
6.68586094706836,6.162572071127072,0.5232888759412875
5.4510384535657,5.426147156774145,0.024891296791555106
4.836281906951478,4.872592838200797,-0.036310931249318834
5.793013608384144,5.857748272642371,-0.06473466425822672
4.04305126783455,3.9994914849289662,0.043559782905584044
3.4011973816621555,3.921664960855446,-0.5204675791932907
6.894376176604508,7.031968107597158,-0.13759193099264966
4.276666119016055,4.544756042099323,-0.2680899230832674
3.624874124138024,4.146189957447141,-0.5213158333091168
5.554392666097221,5.673309383004719,-0.11891671690749828
4.885827643502908,5.0708053705824785,-0.18497772707957072
6.83087423464618,6.09187207893769,0.7390021557084907
5.720311776607412,5.798139642226426,-0.07782786561901389
5.301163312997955,4.815957981730517,0.48520533126743803
4.64333264708244,4.848352470075409,-0.20501982299296895
4.127134385045092,5.17468727566468,-1.0475528906195883
5.393627546352362,5.447905056084288,-0.05427750973192591
3.8262472284067424,3.8422107617636363,-0.015963533356893933
5.303304908059076,5.268373759457585,0.03493114860149049
5.043425116919247,5.083562477554241,-0.0401373606349944
4.68213122712422,4.548070708997388,0.13406051812683195
4.90527477843843,4.933862375420687,-0.028587596982257324
4.927253685157205,4.994497417414419,-0.06724373225721436
5.955837369464831,5.861861782990862,0.09397558647396931
6.3772880149608575,6.526653128564701,-0.1493651136038432
4.3694478524670215,5.408492075884563,-1.0390442234175419
5.8888779583328805,5.789146133315344,0.0997318250175363
4.758406161886949,4.686160601121495,0.07224556076545419
5.32544603393629,5.417177610425244,-0.09173157648895458
5.861412807747708,5.749719942991133,0.11169286475657536
6.195934833156571,6.313122082003816,-0.1171872488472454
5.250963670164566,5.715839221228799,-0.4648755510642326
5.992713766508414,5.991295382690741,0.001418383817672897
6.461468176353717,6.243034359686754,0.2184338166669635
6.136430317358168,6.004872100410082,0.13155821694808623
4.099995233730915,4.342239014596503,-0.2422437808655875
5.293304824724492,5.132090425465614,0.1612143992588786
5.303304908059076,4.874055157142562,0.4292497509165134
6.836259277277067,6.459871243767014,0.3763880335100529
4.709530201312334,4.541671276135222,0.16785892517711165
4.68213122712422,4.83077859014649,-0.14864736302227044
5.552959584921617,5.449708326822442,0.10325125809917512
4.605170185988092,4.647689384500126,-0.042519198512033896
5.876334239854351,5.879983508690858,-0.003649268836506181
3.957569820384117,4.50488442590365,-0.5473146055195328
3.9889840465642745,4.023812975244618,-0.034828928680343374
5.707110264748875,5.658233666197802,0.048876598551073513
4.90527477843843,4.932232398118775,-0.0269576196803456
5.806639860095909,5.835392139641428,-0.028752279545519066
6.650279048587422,6.784802789463243,-0.13452374087582086
5.6507332535663855,5.686940407709656,-0.03620715414327069
5.111987788356544,5.226121175565199,-0.11413338720865518
5.426270730858498,5.50440544501588,-0.07813471415738249
5.521460917862246,5.482092510271657,0.03936840759058935
5.62040086571715,5.534662736673721,0.08573812904342848
3.901972669574645,4.235740062827145,-0.33376739325250027
4.6443908991413725,4.641496334892078,0.0028945642492947954
4.406719247264253,4.373952825657173,0.03276642160708043
4.948759890378168,5.029038900031574,-0.08027900965340518
4.736198448394496,4.642764070130184,0.09343437826431167
4.709530201312334,4.820237495506636,-0.11070729419430236
5.598421958998375,5.5669905183677715,0.03143144063060355
4.174387269895637,4.47714787279341,-0.3027606028977736
4.330733340286331,4.860581769849941,-0.5298484295636099
6.854354502255021,6.830456226110946,0.02389827614407558
5.3612921657094255,5.322240624471844,0.03905154123758159
6.161207321695077,6.192433005483397,-0.031225683788320246
5.703782474656201,5.619041456834136,0.08474101782206489
4.882801922586371,5.024468916253511,-0.14166699366714042
5.717027701406222,5.758426808612963,-0.04139910720674145
6.230481447578482,5.874106221192427,0.3563752263860547
6.0063531596017325,5.407723502715851,0.5986296568858815
6.066108090103747,5.932223413600571,0.13388467650317626
5.275304592238964,4.690327107363539,0.5849774848754246
6.3409411450072914,5.9268529367491825,0.414088208258109
4.3694478524670215,4.400596459338305,-0.031148606871283846
6.71295620067707,6.282473149015163,0.4304830516619065
5.135151168793823,5.232762362303057,-0.09761119350923408
6.021023349349527,5.782789427851953,0.2382339214975735
5.540714374784133,5.622848549541077,-0.08213417475694396
6.772702729985675,6.705425487527713,0.06727724245796196
5.324472324024888,5.540631966771599,-0.21615964274671118
5.438079308923196,5.526517315539007,-0.08843800661581103
5.056245805348308,5.114967345180057,-0.058721539831749325
5.056245805348308,4.979128267744542,0.07711753760376538
5.8522024797744745,5.829040460821472,0.02316201895300285
5.238195743206656,5.220860655516722,0.017335087689934525
5.170483995038151,5.502368954352469,-0.3318849593143174
5.82600010738045,5.713128697135916,0.11287141024453362
5.631211781821365,5.703437509995999,-0.07222572817463391
5.717027701406222,5.520791020171743,0.19623668123447846
6.299867942373015,6.267639893254757,0.03222804911825783
4.363098624788363,4.265945491735881,0.09715313305248241
6.012491914300058,5.811908667136797,0.20058324716326048
5.093750200806762,5.438164416817805,-0.3444142160110424
3.858622228701031,4.458875117936233,-0.6002528892352021
4.564348191467836,4.611151077141141,-0.04680288567330493
5.003946305945459,5.05071733636661,-0.046771030421150606
5.117993812416755,5.012792223485988,0.10520158893076736
5.495116942522644,5.476109663081607,0.01900727944103764
3.737669618283368,3.645724663970849,0.09194495431251903
6.643529282566697,6.392927331854964,0.25060195071173297
6.045005314036012,5.764170355678968,0.280834958357044
5.525452939131784,5.575062640479574,-0.04960970134778986
5.449964916157176,5.427595681380168,0.022369234777008806
5.3230099791384085,5.161782950104874,0.16122702903353403
5.84354441703136,5.933202910370333,-0.08965849333897324
4.68213122712422,4.352352138196117,0.3297790889281025
5.102484947726135,5.555892517096034,-0.45340756936989823
5.657389435086491,5.535396783025433,0.12199265206105725
5.719491768361381,5.563953802868283,0.15553796549309862
4.61512051684126,4.821176236694011,-0.20605571985275173
5.910796644040527,5.866002972922469,0.04479367111805832
5.3320422359496575,5.740705470347211,-0.4086632343975536
7.064981225326323,7.0901954146769,-0.025214189350577065
3.822754537669964,3.512869796175299,0.30988474149466505
6.51025834052315,6.437281401241011,0.07297693928213889
5.395580184168247,5.143402779678095,0.25217740449015213
5.214935757608986,4.699588117794458,0.5153476398145278
5.049856007249537,5.259414836919407,-0.20955882966987005
5.123963979403259,5.046939188369265,0.07702479103399362
4.624972813284271,5.129027782572872,-0.5040549692886014
5.662995201755366,5.666637961302289,-0.00364275954692328
6.803505257608338,6.024422587470954,0.7790826701373836
4.584967478670572,4.482797064277706,0.1021704143928659
5.889348761615045,6.0036783778417355,-0.11432961622669069
5.363636832668679,5.577257107338533,-0.21362027466985367
4.709530201312334,4.769455974000471,-0.05992577268813726
4.525369115784536,4.954280959286603,-0.4289118435020667
5.909440711629391,5.790316586616594,0.11912412501279679
5.955837369464831,6.318439170339814,-0.36260180087498295
4.518195171973685,4.696728878676821,-0.17853370670313673
4.127134385045092,4.024975308467796,0.10215907657729595
4.7535901911063645,4.580718508119489,0.17287168298687572
3.713572066704308,4.2066241412558005,-0.4930520745514926
4.430816798843313,4.6708954085959675,-0.24007860975265416
5.355406333532164,5.620229966942698,-0.2648236334105336
5.525452939131784,5.495105697642397,0.0303472414893875
7.0208250021899214,6.7722326362437,0.24859236594622125
4.622813621160686,4.905531243443292,-0.2827176222826058
6.03667688992953,5.954580512585542,0.082096377343988
4.927253685157205,5.4546208752746645,-0.5273671901174595
4.473579765600494,4.754568497006944,-0.28098873140644987
5.703782474656201,5.794172680572298,-0.09039020591609681
5.481055503227208,5.505332293618765,-0.024276790391557057
4.922168312773925,4.970842132113182,-0.04867381933925685
4.682501528924415,4.431063405833205,0.2514381230912095
5.754158681981268,5.694423762241664,0.05973491973960421
5.524137333065655,5.0880294279467915,0.4361079051188632
4.499809670330265,4.454336940908638,0.04547272942162728
4.394449154672439,4.423675489681148,-0.029226335008709192
5.6240175061873385,5.408973413110554,0.2150440930767843
4.056988775678332,4.170109820426432,-0.11312104474809992
4.238877712954399,4.5446395234604156,-0.3057618105060165
5.715381610499553,5.481766088395211,0.23361552210434233
5.5053315359323625,5.465389007919362,0.039942528013000356
4.816241156068032,4.721897660856119,0.09434349521191265
6.010040932680917,5.971281350705838,0.03875958197507945
5.527840524826286,5.832510886656816,-0.30467036183052976
5.7630885805536085,5.8430429806159045,-0.07995440006229604
6.022648242088235,5.9815706554787935,0.0410775866094415
6.630683385642372,6.773925846065087,-0.14324246042271493
4.691347882229144,4.640423419840051,0.05092446238909343
5.731170637975067,5.816283569311117,-0.08511293133604969
5.181783550292085,5.209677416086902,-0.027893865794816897
3.9318256327243257,3.9452336292327956,-0.01340799650846991
6.336825731146441,6.276536094885025,0.060289636261416035
5.484796933490655,5.594850966304184,-0.11005403281352955
5.31483027492225,5.367989046349521,-0.05315877142727121
4.948759890378168,4.666097997807796,0.28266189257037233
4.158883083359672,4.036905320740313,0.121977762619359
5.225746673713202,5.184856842049249,0.04088983166395277
5.198497031265826,5.109276167719223,0.08922086354660319
5.83813852715528,6.021276217561852,-0.18313769040657224
5.308267697401205,5.386655399751512,-0.07838770235030701
5.308267697401205,5.3718913944091655,-0.06362369700796044
5.964863865310803,5.950230121001198,0.014633744309604957
4.674696248636701,4.526558883198902,0.14813736543779932
4.158883083359672,4.414057132583804,-0.25517404922413167
3.728100167267218,4.050426488496784,-0.3223263212295664
5.061011501421323,5.230844860751491,-0.16983335933016797
5.420534999272286,5.635657132818241,-0.21512213354595477
5.54907608489522,5.473125102592147,0.07595098230307329
5.14166355650266,5.077591642616773,0.06407191388588718
5.065754593317335,5.1747381190069515,-0.10898352568961656
4.499809670330265,4.909190128840013,-0.409380458509748
5.603335792246684,5.589838422931934,0.013497369314749541
5.564520407322694,5.569410856566719,-0.0048904492440255964
5.093750200806762,5.313966716086519,-0.2202165152797564
5.920693309550761,5.799951373414371,0.1207419361363904
4.975353479951616,4.978283271230041,-0.0029297912784249647
5.281679725395013,5.266122540954186,0.01555718444082732
5.298317366548036,5.33902214608509,-0.040704779537053426
4.663439094112067,4.634908594695544,0.028530499416523192
5.3691019652659975,5.378402288252535,-0.009300322986537601
6.452048954437226,6.301828202653263,0.1502207517839631
4.158883083359672,4.452514680829808,-0.293631597470136
5.43153621033426,5.416486971449277,0.01504923888498233
4.2408950047047895,4.41467661177254,-0.1737816070677507
4.330733340286331,4.5206610916997825,-0.18992775141345142
3.8471644330796497,3.940041439060287,-0.09287700598063742
5.079850363117729,5.167411082185951,-0.08756071906822172
5.579729825986222,5.5915008649957825,-0.011771039009560447
4.855928904335275,4.645551840336068,0.21037706399920708
6.740519359606223,6.6874963532366,0.05302300636962265
4.356708826689592,4.5035252015868075,-0.14681637489721577
5.248338996741795,5.009531566759278,0.23880742998251758
3.713572066704308,3.831544217478821,-0.11797215077451284
5.976350909297934,5.32095277986421,0.6553981294337241
4.927253685157205,5.173091372838,-0.24583768768079484
5.444493476705638,5.556921551980133,-0.11242807527449461
5.198497031265826,5.3107607860522945,-0.11226375478646844
4.262679877041316,4.045819826931537,0.21686005010977905
5.813921554767002,5.7383937204505555,0.07552783431644627
4.143134726391533,4.146686091692755,-0.0035513653012220203
4.751691838650858,4.735786162431359,0.01590567621949912
5.2264990787575645,5.31754440806826,-0.09104532931069542
5.115595729732743,5.208093031259636,-0.09249730152689306
5.151382258424339,4.9868174599425314,0.16456479848180727
4.189654742026425,4.152009798250271,0.03764494377615435
4.8727515867328695,4.772339194259487,0.10041239247338218
3.7612001156935615,4.303489930827776,-0.5422898151342141
4.564348191467836,5.132893620847903,-0.5685454293800669
5.389071729816501,5.406095452511669,-0.01702372269516772
3.784189633918261,3.938948199577629,-0.15475856565936796
6.241250029368613,6.223174752434972,0.01807527693364097
5.886104031450156,5.840615875055242,0.04548815639491366
5.147494476813453,5.112390994760971,0.035103482052481816
6.182084906716632,6.067326345795989,0.1147585609206434
5.189227683960333,4.8155894086729125,0.3736382752874201
5.438079308923196,5.63925799893653,-0.2011786900133341
4.653960350157523,4.783781129625492,-0.12982077946796888
4.762173934797756,4.745740321279628,0.016433613518128
6.184148890937483,6.075801316602225,0.10834757433525866
3.7954891891721942,3.738751188920679,0.05673800025151543
4.189654742026425,4.192875743864093,-0.003221001837667714
4.48863636973214,4.597374107391627,-0.1087377376594878
6.608000625296087,6.663560347858063,-0.055559722561976166
4.564348191467836,4.702012609065554,-0.1376644175977182
5.652489180268651,5.935541340100181,-0.28305215983152987
5.170483995038151,5.208622923960876,-0.038138928922724524
5.616771097666572,5.512867334114694,0.10390376355187758
6.682947844181225,5.779599492052849,0.9033483521283756
3.894266283838887,4.524410800000843,-0.6301445161619559
4.262679877041316,4.469943733070574,-0.20726385602925745
6.726640993143247,6.2866909175547425,0.43995007558850485
5.013231919943522,5.2545704332565055,-0.24133851331298395
5.508051410952312,5.495709338178325,0.012342072773987134
5.147494476813453,4.8779931070843885,0.26950136972906424
5.5626028611934215,5.554788876973568,0.007813984219853687
5.457455587886334,5.40611183760398,0.05134375028235372
5.471429984256681,5.587662820164433,-0.11623283590775202
5.727922088842681,5.62957810819926,0.09834398064342142
4.61512051684126,4.616364148446525,-0.0012436316052655272
4.858726543710496,4.906818008738595,-0.04809146502809902
5.201255653704905,5.137304486965085,0.06395116673982049
5.364432768754897,5.311172017623626,0.05326075113127082
4.836281906951478,4.898408281375839,-0.062126374424360975
4.51085950651685,4.191238310453618,0.319621196063232
6.21194455433595,6.10507812078868,0.10686643354727021
5.5093883366279774,5.38560618742845,0.12378214919952768
4.875197323201151,4.784726018413974,0.0904713047871768
6.7816250018379245,6.399264516000929,0.3823604858369958
4.483002552013883,4.464278646788452,0.018723905225431103
5.4823042026610525,5.937433096257388,-0.4551288935963358
5.958424693029782,5.914794299468049,0.043630393561732816
6.523077607204158,6.549607364360361,-0.026529757156203537
5.14865659199363,5.529689515999105,-0.38103292400547506
5.771441123130016,5.191957783540078,0.5794833395899381
4.07753744390572,4.035202226410957,0.0423352174947631
4.404277243608702,4.670843941898996,-0.2665666982902941
6.090653558146974,5.607706629904937,0.4829469282420362
6.42648845745769,6.4603060016974,-0.033817544239709285
5.44673737166631,5.61414856593434,-0.16741119426803053
5.598421958998375,5.464152985479576,0.1342689735187994
3.828641396489095,3.766143662194678,0.06249773429441685
5.442417710521793,5.267807724137433,0.1746099863843602
5.413875707182309,5.259855416583824,0.15402029059848488
4.503469631161752,4.3575760920565,0.14589353910525205
5.477300022076476,5.141752187830707,0.3355478342457694
4.564348191467836,4.517993557102074,0.046354634365761704
4.465908118654584,4.426683940014518,0.03922417864006533
5.278114659230517,5.536420396635974,-0.2583057374054576
3.80666248977032,3.979227554718959,-0.172565064948639
4.912654885736052,4.463128334187171,0.44952655154888177
4.838580849658078,5.258417267015042,-0.4198364173569633
6.384637751686887,6.49879806324042,-0.11416031155353323
5.525452939131784,5.579869524219672,-0.05441658508788727
5.32884657158286,5.302892135292552,0.02595443629030747
4.262679877041316,5.015370250817534,-0.7526903737762174
5.37989735354046,5.420390145317984,-0.04049279177752396
4.607467545036775,4.657462980277382,-0.04999543524060712
5.139966210392662,5.142716855619626,-0.00275064522696411
4.219507705176107,4.321466049836612,-0.10195834466050524
4.114310574862978,4.200926740513871,-0.08661616565089236
5.243491524264258,5.046731765160781,0.1967597591034771
4.875197323201151,5.345563958715546,-0.47036663551439517
4.394449154672439,4.540225444172745,-0.14577628950030608
5.059425458265688,5.137377895973629,-0.07795243770794169
5.375278407684165,5.3128927710767275,0.06238563660743779
5.409545633233746,5.115691265984574,0.293854367249172
4.31748811353631,4.3209087197677265,-0.0034206062314163788
5.480638923341991,5.235711762559616,0.24492716078237553
5.929589143389895,5.97270497283183,-0.043115829441935816
5.391671088281245,5.726769395341175,-0.3350983070599298
4.350277936359301,4.525192496299926,-0.17491455994062477
3.965563772356176,4.212714026456239,-0.2471502541000632
6.13880638500591,6.116635800304911,0.022170584700998752
4.454347296253507,4.363869892653072,0.09047740360043566
5.247024072160486,5.359055704507683,-0.11203163234719682
4.941642422609304,4.681599470795657,0.2600429518136469
5.27469043591688,5.326825770992316,-0.05213533507543566
5.011967739330034,4.899916873419918,0.11205086591011604
6.10105858873528,5.741796549659742,0.35926203907553855
6.587550014824796,6.522628665131919,0.06492134969287644
7.050556077613808,7.103474407928354,-0.052918330314545514
5.675040005790547,5.610273756307235,0.06476624948331189
5.092215281088679,5.126897888459242,-0.034682607370562835
5.653506206781466,5.3286520001074775,0.32485420667398834
4.677490847567717,4.6755332884248775,0.001957559142839571
6.250940027669582,6.325090747121585,-0.07415071945200324
4.499809670330265,4.491447320317794,0.008362350012471431
5.3471075307174685,5.250254041942717,0.09685348877475164
4.934473933130692,5.025066740647201,-0.09059280751650878
5.308267697401205,5.334504728194716,-0.026237030793510918
5.560681631015528,5.431558241530603,0.1291233894849242
5.359741668535036,5.172815125846689,0.1869265426883473
4.983606621708336,4.825389770941371,0.15821685076696568
4.30406509320417,4.332774880679272,-0.02870978747510211
5.943324171780047,5.9633255090613275,-0.02000133728128084
4.477336814478207,4.625597865114375,-0.1482610506361679
5.009968405108552,5.092608512267955,-0.08264010715940362
4.820281565605037,5.07305731841004,-0.252775752805003
4.069026754237811,4.027982382434591,0.041044371803219626
5.780743515792329,5.821613453884966,-0.04086993809263717
6.028278520230698,5.916808674561327,0.11146984566937057
5.030437921392435,5.1335013807578065,-0.1030634593653712
5.44673737166631,5.410224068593491,0.03651330307281864
5.860786223465865,5.833180024905421,0.027606198560444106
5.475081844675453,5.398846028742973,0.07623581593247941
5.135798437050262,5.251946349227568,-0.11614791217730591
5.6240175061873385,5.563360804648022,0.06065670153931624
6.779546837142169,6.634344547942764,0.14520228919940514
5.4638318050256105,5.503668362982167,-0.03983655795655672
4.152613470346076,4.16916106157281,-0.016547591226733438
5.150397236471415,5.223977012083513,-0.07357977561209861
5.883322388488279,6.05270902103966,-0.1693866325513813
6.408116844606711,6.408730746714164,-0.0006139021074522688
4.859812404361672,4.830756026943016,0.029056377418656076
4.532599493153256,4.585667597987565,-0.053068104834308905
4.974455286641499,5.009181313087437,-0.03472602644593792
4.356708826689592,4.21549621125677,0.1412126154328215
5.83773044716594,6.030459765950423,-0.1927293187844823
5.1647859739235145,5.56662194894044,-0.40183597501692514
5.231108616854587,4.897127200062548,0.33398141679203874
5.247024072160486,5.120528873758586,0.1264951984019005
5.19184512203752,5.608391440307901,-0.416546318270381
5.1647859739235145,5.455233514789255,-0.2904475408657401
4.61512051684126,4.576636871060921,0.038483645780338804
6.195629131824389,6.591906525765138,-0.3962773939407489
3.829727762701316,4.17474019729388,-0.3450124345925638
3.8501476017100575,4.553399733496671,-0.7032521317866136
4.578518154990665,4.641551155261721,-0.06303300027105596
4.499809670330265,4.591622496295249,-0.09181282596498441
6.558197802812269,6.558338835931048,-0.00014103311877899927
4.23410650459726,4.5039062132330345,-0.26979970863577485
4.61512051684126,4.796999552170648,-0.18187903532938865
4.679070993827626,4.7514730627587,-0.07240206893107448
4.092342559551428,4.349402020679724,-0.25705946112829636
5.225746673713202,5.474734068192028,-0.24898739447882612
5.60947179518496,5.486032248079278,0.12343954710568195
6.143477228759367,6.127968681030844,0.015508547728522615
5.776103136235827,5.728230377879617,0.047872758356209744
5.272999558563747,5.1994721517784965,0.07352740678525027
4.875197323201151,4.914528578284656,-0.03933125508350521
3.284663565406204,3.9750722840542463,-0.6904087186480421
5.272999558563747,5.296571632927765,-0.02357207436401776
6.226536669287466,6.057786582796899,0.1687500864905669
4.52720864451838,4.808704942957412,-0.28149629843903234
5.378375458718616,5.317044077688986,0.061331381029630094
5.0796014985609785,4.8331255143333705,0.24647598422760808
3.610917912644224,3.6939296470010476,-0.08301173435682374
5.420534999272286,5.386246872569545,0.03428812670274084
4.912654885736052,5.119036374135859,-0.2063814883998063
5.4638318050256105,5.29784771717215,0.16598408785346042
5.272999558563747,5.062629007150963,0.21037055141278405
5.111987788356544,4.624413865336806,0.48757392301973734
4.51085950651685,4.627372913132304,-0.1165134066154545
4.436751534363128,4.616809247519141,-0.18005771315601304
4.179451348852659,4.206305665577886,-0.026854316725226646
4.895374075983382,4.892852904325517,0.002521171657864585
4.8283137373023015,4.820260147624306,0.008053589677995632
4.5217885770490405,4.848398653736172,-0.3266100766871318
4.662495252607361,5.0735813906699,-0.41108613806253924
4.492337377713747,4.493234719145174,-0.0008973414314263906
6.630683385642372,6.5165646439978335,0.11411874164453817
4.51085950651685,4.387660236752057,0.12319926976479234
4.584967478670572,4.505738484754831,0.07922899391574134
4.219507705176107,4.365872992460673,-0.14636528728456621
6.667974086514904,6.5333334727810595,0.13464061373384428
5.017279836814924,4.945441747090728,0.07183808972419659
5.310739886546594,5.488057764495618,-0.1773178779490241
5.579918487433815,5.628994521477018,-0.04907603404320238
4.678327706605818,4.3721610272213,0.3061666793845177
4.836281906951478,4.81656878085624,0.019713126095237676
5.161924741642482,5.229860282309813,-0.06793554066733165
4.199755076629969,4.31436980711323,-0.11461473048326098
4.836281906951478,4.836325052443435,-4.314549195694184e-05
5.971261839790462,6.0969964872926825,-0.1257346475022203
6.140810847220484,6.178334885994385,-0.03752403877390087
5.3471075307174685,5.54103338164852,-0.19392585093105197
3.927896354584436,3.8914820740067446,0.03641428057769147
6.830777037698087,6.75917790145217,0.07159913624591674
5.45933016239574,5.2687788669851265,0.19055129541061344
5.7630885805536085,5.687421003076218,0.0756675774773905
4.020698022053802,4.91916549820675,-0.8984674761529483
5.6222108209623896,5.737391788340433,-0.11518096737804306
5.5909869805108565,5.632885517268538,-0.041898536757681626
4.897839799950911,4.862307996427414,0.035531803523497274
4.051784947803305,4.1692368185204325,-0.1174518707171277
4.060443010546419,4.029125229362662,0.031317781183757276
5.293304824724492,4.92236257942042,0.3709422453040725
3.993234260852969,3.986211925486942,0.007022335366027033
6.2166061010848646,6.222643394059628,-0.006037292974763631
5.228967288413243,4.997481527760559,0.2314857606526841
5.334311726771412,5.369034196311102,-0.03472246953968927
4.219507705176107,4.248772932851478,-0.029265227675370653
5.2832037287379885,5.539448645748767,-0.2562449170107781
4.934473933130692,5.5114130122032785,-0.5769390790725861
6.298029706561264,4.948330713626509,1.349698992934755
4.978180970542646,4.685524338218513,0.2926566323241335
5.4359030295006,5.481915679800799,-0.04601265030019874
6.121395716700013,5.736500709318916,0.38489500738109683
5.438079308923196,4.9496273051297095,0.4884520037934861
5.981414211254481,6.02070368614072,-0.039289474886239795
5.065754593317335,5.1649952052592765,-0.09924061194194156
6.309008773843676,6.431557684321884,-0.12254891047820848
5.68697535633982,5.625157616276931,0.06181774006288965
6.031886461606898,6.119791509842189,-0.08790504823529144
4.966335035199676,4.862875282274133,0.10345975292554321
4.276666119016055,4.329688074125823,-0.05302195510976748
6.603035553168237,6.3464006075855535,0.2566349455826833
5.860786223465865,6.103418457808701,-0.24263223434283532
5.161351511474879,5.152289784066963,0.00906172740791611
4.6443908991413725,4.202481856051794,0.4419090430895789
4.3694478524670215,4.493840937695491,-0.12439308522846915
5.583496308781699,5.940557438986656,-0.3570611302049569
4.343805421853684,4.549011000999651,-0.20520557914596704
5.278114659230517,5.521264905476217,-0.24315024624570025
5.6993392849588265,5.743397185376405,-0.04405790041757829
2.4997952622817508,3.321388479943484,-0.8215932176617331
6.2373475853916815,6.177138098107723,0.060209487283958474
6.099197246910864,6.193315385095992,-0.09411813818512726
3.8179320820285514,3.9500735496664863,-0.13214146763793488
6.803505257608338,6.265286592427787,0.5382186651805503
5.61633463879589,5.534184778392291,0.08214986040359928
4.948759890378168,5.264471139792338,-0.3157112494141696
5.017279836814924,4.757057061841993,0.2602227749729309
5.233778845410465,5.219151654690462,0.014627190720003291
5.721393158915862,5.525615049789118,0.19577810912674387
6.571219040312837,5.921355204148821,0.6498638361640161
5.459585514144159,5.603585427483266,-0.14399991333910744
5.220950242971594,5.173445899058506,0.04750434391308822
6.640751267516083,6.810656985750967,-0.16990571823488398
5.117993812416755,5.192380765317858,-0.07438695290110253
4.836281906951478,5.1294390666829255,-0.2931571597314475
4.642465970731788,4.219935202830284,0.42253076790150423
4.430816798843313,4.467415809201255,-0.036599010357941886
4.23410650459726,4.4778942647853635,-0.24378776018810377
5.021970803760001,5.162612826157334,-0.1406420223973326
5.733341276897746,5.653620221417766,0.07972105547997987
5.3706380281276624,5.409806660976479,-0.039168632848817
5.010635294096256,5.058661037202062,-0.04802574310580532
3.9889840465642745,4.071939824201704,-0.08295577763742923
5.731721843345443,5.80660617317688,-0.07488432983143767
4.787491742782046,4.579684659633222,0.20780708314882368
4.808111029984782,4.772782547112172,0.035328482872610145
5.183635766464422,5.326990721631503,-0.14335495516708097
4.721796997919811,5.036074375719463,-0.3142773777996517
6.602818530447819,6.538938283855153,0.06388024659266645
5.167639042905921,5.302365633670501,-0.13472659076458005
5.483426700544313,5.545096320868288,-0.061669620323975494
5.564520407322694,5.615263681070886,-0.050743273748191875
6.278521424165844,6.367902378783049,-0.08938095461720508
3.737669618283368,3.8297916927902937,-0.09212207450692578
5.14166355650266,5.243867325524138,-0.10220376902147787
4.418840607796598,4.504126043832079,-0.08528543603548044
5.096812990337308,4.903808944440058,0.19300404589724973
5.056245805348308,5.048569473055047,0.007676332293260479
6.280395838960195,6.3095080681230185,-0.02911222916282341
7.121656248929415,6.938391562892507,0.1832646860369076
4.219507705176107,4.276056319155068,-0.05654861397896127
5.303304908059076,5.322359250493308,-0.01905434243423265
4.843162940152507,4.982243204626377,-0.13908026447386934
4.607168188650764,4.8960080728867315,-0.2888398842359674
5.303304908059076,4.927401321821802,0.37590358623727393
4.653960350157523,4.5550525210518895,0.09890782910563356
6.003887067106539,6.026133280568303,-0.022246213461764697
5.021509290648134,4.52151454248004,0.49999474816809375
4.394449154672439,4.2821594444787445,0.1122897101936946
5.926926025970411,5.79716991122841,0.12975611474200033
5.508051410952312,5.585835638394417,-0.07778422744210456
4.912654885736052,4.881085591214038,0.03156929452201407
4.471638793363569,4.6869912333631865,-0.2153524399996174
5.529429087511423,5.247551753350613,0.28187733416081073
5.72772683989966,5.832266784382588,-0.10453994448292825
4.653960350157523,4.480686062674273,0.1732742874832498
5.860786223465865,5.738670877085938,0.12211534637992738
5.1149953094204985,5.765018585693714,-0.6500232762732159
6.8656512129593255,6.8771252794197135,-0.011474066460388066
3.8501476017100575,3.825957767853552,0.024189833856505416
6.040254711277414,5.822124492355981,0.21813021892143247
6.07073772800249,5.876799069617559,0.19393865838493074
4.07753744390572,4.288221685665605,-0.21068424175988554
5.303304908059076,4.491155180401087,0.8121497276579888
4.184642200202881,4.514788120639414,-0.3301459204365331
4.442651256490317,4.347277488597192,0.09537376789312457
3.9318256327243257,3.833298218297049,0.09852741442727675
5.225746673713202,5.2214647502391145,0.004281923474087179
3.9889840465642745,3.977704459332248,0.0112795872320266
6.008813185442595,6.001653351845959,0.007159833596635856
4.51085950651685,4.574113292351599,-0.06325378583474883
5.375278407684165,5.562100196213657,-0.1868217885294916
5.732693818150621,5.7516957269177835,-0.019001908767162234
4.691347882229144,4.683803186666287,0.0075446955628573065
5.25227342804663,5.128078864243893,0.12419456380273708
4.02535169073515,4.235815583547547,-0.2104638928123972
5.799092654460526,5.741987393579819,0.05710526088070633
4.276666119016055,4.245353216837331,0.0313129021787244
6.2904574107056295,6.035570559562003,0.25488685114362664
4.04305126783455,3.885310008933329,0.15774125890122148
3.80666248977032,3.7784860178787287,0.028176471891591337
5.793013608384144,5.974614861040072,-0.18160125265592786
5.158307893539698,5.116709265618978,0.04159862792072033
6.15006957728462,5.866453385076104,0.2836161922085161
4.672828834461906,4.731708602724848,-0.05887976826294228
6.039611647413304,6.206919873752313,-0.1673082263390091
3.966700566718842,3.816356051927439,0.15034451479140287
4.700480365792417,4.6528226450679355,0.047657720724481045
6.003887067106539,5.80246596504879,0.20142110205774877
3.935934825474459,4.215572984820239,-0.2796381593457795
5.438079308923196,4.454904023221987,0.9831752857012086
5.43153621033426,5.542997667880483,-0.11146145754622339
5.438079308923196,5.533623763821765,-0.09554445489856978
6.692083742506628,6.593735176940345,0.09834856556628324
5.796057750765372,5.675777835889015,0.12027991487635692
5.717027701406222,5.652918200927372,0.06410950047884967
5.480638923341991,5.503553137676071,-0.022914214334079475
4.356708826689592,4.40792447877198,-0.0512156520823881
6.061456918928017,5.88871235530627,0.17274456362174728
6.484635235635252,6.790737635028247,-0.3061023993929952
3.555348061489413,3.696534854394331,-0.14118679290491798
4.143134726391533,4.209720876792381,-0.06658615040084825
6.099197246910864,6.161888824658523,-0.06269157774765866
6.601230118728877,6.4208545142412135,0.1803756044876632
5.577198322546748,5.569502113711828,0.0076962088349192825
4.727387818712341,4.682383610817192,0.045004207895148696
4.709530201312334,4.477864572322196,0.23166562899013776
5.652489180268651,5.7091825340958415,-0.05669335382719076
6.212846547802531,6.285830404472179,-0.0729838566696479
5.465948207931988,5.516030769251848,-0.050082561319859664
6.153434575987372,6.078364955140856,0.07506962084651647
4.709530201312334,4.68418594276123,0.02534425855110367
5.940697430054329,6.142159823208298,-0.2014623931539692
4.04305126783455,4.3086369816945895,-0.26558571386003926
6.03667688992953,5.751064757058116,0.28561213287141385
5.470167623474696,5.365270050106099,0.10489757336859729
5.638354669333745,5.970495236643704,-0.3321405673099589
4.897839799950911,4.954382426158056,-0.05654262620714512
4.934473933130692,4.829163501297968,0.10531043183272448
5.531411248715415,5.695770734989309,-0.16435948627389418
5.847882818629958,5.715085312443478,0.13279750618647945
6.028278520230698,5.867293710447023,0.1609848097836748
5.6937321388027,5.741854947335894,-0.048122808533194394
5.671603576291966,5.584021598099443,0.08758197819252356
5.726847747587197,5.50032522643641,0.22652252115078664
3.9581429410416993,3.9659523521289217,-0.00780941108722244
5.304945352838257,5.338032958395244,-0.033087605556986865
4.867534450455582,4.251545197289784,0.6159892531657984
5.006627272698717,3.959420338100366,1.0472069345983508
5.716369590161673,5.788558971979934,-0.07218938181826129
4.204692619390966,4.221794388514429,-0.01710176912346295
4.729950902885397,5.284595745878487,-0.5546448429930901
5.220355825078324,5.047471018636237,0.17288480644208715
5.942799375126701,5.980969071348029,-0.0381696962213276
4.709530201312334,4.485232494656368,0.2242977066559657
6.5641375742000525,6.44081813696483,0.12331943723522265
4.709530201312334,4.784026720343089,-0.07449651903075516
4.0943445622221,4.004053614975475,0.09029094724662556
5.932245187448011,5.926149259851526,0.00609592759648514
4.330733340286331,4.437623127071053,-0.10688978678472161
5.197667958398107,5.609418726203738,-0.41175076780563113
5.332718793265369,5.4973023646283385,-0.16458357136296975
4.8060681283549815,4.835705932823382,-0.029637804468400475
5.655991810819852,5.857608858694645,-0.20161704787479273
5.760635286248984,5.827700906150683,-0.06706561990169835
6.327222242791327,6.497454035103023,-0.1702317923116956
5.0701612734102826,5.511839103808769,-0.4416778303984863
4.276666119016055,4.280989481488649,-0.004323362472593573
5.130490255904535,5.153104306405899,-0.02261405050136389
5.441811466186766,5.549480710903947,-0.1076692447171812
5.3230099791384085,5.512399081292624,-0.18938910215421512
4.844187086458591,4.80537134580743,0.038815740651161335
4.30406509320417,4.289218771514682,0.014846321689487851
3.9318256327243257,4.185904354563084,-0.2540787218387579
4.477336814478207,4.482882861384279,-0.005546046906071744
2.716018370751387,3.5063279817078437,-0.7903096109564567
5.963579343618446,5.896369544734859,0.06720979888358691
4.6443908991413725,4.618861809883739,0.025529089257633863
5.10594547390058,5.0896502813342455,0.016295192566334826
5.5909869805108565,5.737829732858932,-0.14684275234807576
7.225814386792591,6.831220380131181,0.39459400666140976
5.929589143389895,5.882574268571971,0.04701487481792377
4.841585279495541,4.7024280054420124,0.1391572740535283
3.8501476017100575,4.287257707216784,-0.4371101055067266
6.92951677076365,6.723133409795558,0.20638336096809162
4.290459441148391,4.335201048645227,-0.04474160749683609
5.696119858320856,5.746691680984032,-0.05057182266317639
3.995076560563432,4.186860397448403,-0.19178383688497114
4.276666119016055,4.339426863457096,-0.0627607444410403
7.225814386792591,7.432978109952636,-0.20716372316004517
6.051406583074516,5.726971764465264,0.3244348186092516
5.1298987149230735,5.343249444489823,-0.2133507295667494
5.970164298937279,6.12289785929742,-0.15273356036014096
4.7535901911063645,4.939079103664645,-0.18548891255828082
5.929589143389895,5.856127332711024,0.0734618106788707
4.418840607796598,4.45624220537811,-0.0374015975815114
3.3697067145707846,3.4719177970219484,-0.10221108245116373
5.777652323222656,5.780501174144863,-0.0028488509222066583
4.110873864173311,4.08511567731172,0.025758186861591703
3.4732079176384274,3.513806900914708,-0.04059898327628053
4.35939751661352,4.237166492238486,0.12223102437503464
4.02535169073515,4.852413097152963,-0.8270614064178137
5.818598149084783,5.891681010088561,-0.07308286100377792
5.491001710377538,5.471938405914572,0.019063304462966002
4.911624943763156,4.6358359926203905,0.2757889511427658
4.258021154702763,4.313015745920193,-0.05499459121743033
5.717027701406222,5.443763884041164,0.27326381736505745
6.230481447578482,6.4894312803702245,-0.25894983279174255
4.532599493153256,4.472948781389064,0.05965071176419201
4.923623917106626,4.944451591664511,-0.020827674557884812
4.672828834461906,5.139580154181406,-0.4667513197195001
4.394449154672439,4.599239589300686,-0.2047904346282472
4.475744638547633,4.495321775654884,-0.01957713710725084
3.917010546939185,4.124608575494753,-0.20759802855556764
6.152200638293575,6.183750307521577,-0.03154966922800195
6.078398837793205,5.486269309299123,0.5921295284940813
5.841600499862562,6.188237079246813,-0.34663657938425096
5.143591521344882,5.209910814870129,-0.06631929352524768
5.71132065769449,5.5688741420930175,0.14244651560147226
6.522827822091521,6.471583173418292,0.05124464867322853
5.153291594497779,5.243321865341558,-0.09003027084377901
5.196007747723467,5.077204248815816,0.11880349890765096
6.23539063760472,6.239706750062518,-0.004316112457797949
4.5503971601408,4.409821634491912,0.1405755256488881
4.186619838331271,4.419547296921005,-0.2329274585897334
4.382026634673881,4.391372927033962,-0.009346292360080888
4.0943445622221,4.1339977672777035,-0.0396532050556031
5.2574953720277815,5.129045960115065,0.1284494119127162
2.316487998163037,3.024999899145477,-0.7085119009824399
4.356708826689592,4.435892238030826,-0.07918341134123441
5.800485623222845,6.482435568616658,-0.6819499453938134
6.525029657843462,6.561371358623935,-0.03634170078047294
5.021707108063305,4.804521531780527,0.21718557628277768
5.82600010738045,5.582417327597135,0.24358277978331522
5.5093883366279774,5.7142371130965115,-0.20484877646853406
5.225746673713202,5.3472347134107165,-0.12148803969751487
4.993489135261285,4.879986800171821,0.11350233508946417
4.74493212836325,4.740390532004839,0.004541596358411226
3.8780524858569927,4.395082448181174,-0.5170299623241816
5.344723739362192,5.214174177593013,0.13054956176917898
5.525452939131784,5.576905629878742,-0.051452690746957686
4.430816798843313,4.348133509682383,0.08268328916093015
4.826311734631628,4.945895690316484,-0.11958395568485614
4.122445992332976,4.229961238556807,-0.10751524622383091
5.303304908059076,5.077688766824639,0.22561614123443707
4.969813299576001,4.762480142448146,0.20733315712785494
4.241326752570746,4.434031048444267,-0.19270429587352123
5.634789603169249,5.617698148144308,0.017091455024941027
5.3981627015177525,5.421869215738648,-0.02370651422089587
4.983606621708336,5.125217943581945,-0.1416113218736088
4.543294782270004,4.511137253277759,0.032157528992244444
5.187385805840755,5.318271036943016,-0.13088523110226102
5.442417710521793,5.463122967469903,-0.02070525694810943
6.20455776256869,6.055876240734542,0.14868152183414818
4.820281565605037,4.851473942432639,-0.031192376827601898
5.089631300322754,5.147654840865715,-0.058023540542960994
6.316261752148692,6.400371700892963,-0.08410994874427136
4.112020747235043,4.216665491370122,-0.10464474413507929
3.713572066704308,3.743891400072004,-0.0303193333676961
4.3694478524670215,4.480879120904134,-0.11143126843711215
5.344723739362192,5.465032508343547,-0.12030876898135467
6.711265829913208,6.532453269198386,0.17881256071482277
5.678464666671911,5.687333228036486,-0.008868561364574923
6.698761150772347,7.263579243077267,-0.56481809230492
7.051361994647979,6.903347049805434,0.1480149448425454
5.017279836814924,5.1844149674135656,-0.16713513059864127
5.598421958998375,5.914727901905767,-0.316305942907392
3.8918202981106265,3.9872152382441994,-0.09539494013357297
4.308514638737202,4.438610788218407,-0.1300961494812043
5.198497031265826,4.96858687431495,0.2299101569508757
3.58351893845611,3.8328570819801673,-0.24933814352405737
6.042632833682381,6.035735297795279,0.00689753588710218
6.367620988354806,6.148984750204524,0.21863623815028177
4.605170185988092,4.559461436962334,0.045708749025758166
5.0072963928307415,5.2737251820616935,-0.26642878923095203
5.320567975482857,5.335527350574681,-0.014959375091824434
5.207681246288592,5.508117492072824,-0.30043624578423156
5.993961427306569,5.9938509652550644,0.0001104620515048893
5.082025290182929,5.083072733504537,-0.0010474433216076662
5.600900366688672,5.606512302683573,-0.005611935994901174
4.916178083743369,5.102835654329791,-0.18665757058642196
5.764407096472636,5.779428956722034,-0.01502186024939789
5.914394500030922,5.928950334198867,-0.014555834167945036
6.178980920779041,6.0738133615165255,0.1051675592625152
4.7155480934577,4.858844180973838,-0.14329608751613776
5.824228627732068,5.99250381589817,-0.16827518816610176
5.529429087511423,5.590240284344959,-0.06081119683353542
5.4359030295006,5.9182391172363245,-0.48233608773572456
5.099866427824199,5.219142643587089,-0.11927621576289038
4.962844630259907,5.102844954358476,-0.140000324098569
5.666565086839385,5.615846151760643,0.050718935078742255
3.8501476017100575,4.369751445670335,-0.5196038439602777
5.926045638543103,5.793067030069071,0.13297860847403165
6.727431724850855,6.74589127545494,-0.018459550604084995
4.174387269895637,4.182136985951815,-0.007749716056178357
5.638176717558207,5.6047183524273825,0.033458365130824674
4.406719247264253,4.354228750735489,0.052490496528764474
4.02535169073515,4.311002482439786,-0.2856507917046365
4.7535901911063645,4.644792454319339,0.1087977367870252
6.282266746896006,6.167865879958986,0.11440086693702067
5.936216072877503,5.816887155902228,0.1193289169752747
5.575949103146316,5.544979667835804,0.030969435310511884
5.600900366688672,5.492593763661969,0.10830660302670303
5.564520407322694,5.4613794942107505,0.10314091311194318
4.7318028369214575,4.350352632781267,0.38145020414019015
6.3999251641959445,6.578246699951506,-0.1783215357555612
5.225208894727398,5.278935796568847,-0.05372690184144879
5.003946305945459,5.14658212010028,-0.14263581415482118
5.247024072160486,5.271188028752819,-0.024163956592333058
4.394449154672439,4.277474481596981,0.11697467307545839
5.442417710521793,5.2867984657835265,0.15561924473826672
5.517452896464707,5.3336463483745575,0.18380654809014985
5.170483995038151,5.0909215597847535,0.0795624352533979
5.707110264748875,4.913785056929304,0.7933252078195716
6.580639137284949,6.69386734354273,-0.11322820625778096
6.207583483485228,6.273735316437203,-0.06615183295197458
5.211287807574934,5.3788399325742375,-0.16755212499930394
4.07753744390572,4.06295318280688,0.01458426109883959
4.158883083359672,4.2511661150679645,-0.09228303170829211
5.858647185217117,5.788562411808088,0.07008477340902886
6.309572763997895,6.411186795732408,-0.10161403173451244
5.014892884348897,5.273968377956174,-0.259075493607277
4.663439094112067,4.74739807110913,-0.08395897699706278
6.580639137284949,5.549883859334704,1.0307552779502451
4.7535901911063645,4.636277470255213,0.1173127208511513
6.018593214496234,5.897326332234296,0.12126688226193849
5.662335284742028,5.633520931736716,0.028814353005311766
5.53338948872752,5.513269168159302,0.020120320568218553
4.5591262474866845,4.601706805892423,-0.0425805584057386
5.794323725415676,5.5157754895804905,0.27854823583518584
5.766444235780912,5.922228733475731,-0.15578449769481928
4.465908118654584,4.791018095489379,-0.3251099768347956
5.010635294096256,5.330034196493267,-0.31939890239701096
4.418840607796598,4.568061440263858,-0.14922083246726014
5.453182077108952,5.572236462887671,-0.11905438577871852
5.741399338227508,5.6584692021636664,0.08293013606384125
6.104793232414985,6.09943474160714,0.005358490807845229
6.302618975744905,6.233022552740125,0.0695964230047803
5.491867315015168,5.91035623967825,-0.4184889246630821
5.014627315365793,5.964603196486677,-0.949975881120884
5.528118705526313,5.641328202271879,-0.11320949674556591
4.952299717083292,4.930882730361738,0.021416986721554565
4.61512051684126,4.7138578021895805,-0.09873728534832082
6.221583712158617,5.589562080304621,0.6320216318539966
4.707275408925245,4.795976130276708,-0.08870072135146323
5.831882477283517,5.841197258390554,-0.009314781107036652
5.297316866214453,5.258894418521174,0.038422447693279516
4.021415382199343,4.428286920395871,-0.406871538196528
5.54907608489522,5.849849153242092,-0.3007730683468717
5.785362461648624,5.7557690404587785,0.02959342118984587
4.330733340286331,4.350413822543961,-0.019680482257629528
4.499809670330265,4.477654312934786,0.022155357395479136
5.64470457271829,5.573537637098448,0.07116693561984189
5.82452409235233,5.8823171285094755,-0.05779303615714593
6.246106765481563,6.135047818919227,0.11105894656233595
6.243525918579576,6.37917696666847,-0.13565104808889394
5.043425116919247,4.294295374209716,0.7491297427095311
4.77912349311153,4.583884166792986,0.19523932631854368
5.538632636370566,5.402030042118235,0.1366025942523308
7.077498053569231,6.670001785178381,0.40749626839085007
5.298917186620004,5.343571269187061,-0.04465408256705672
5.267858159063328,5.158103108577411,0.1097550504859175
5.407171771460119,5.560793952096338,-0.15362218063621924
5.033700567027251,5.150230145679491,-0.11652957865223978
5.902633333401366,5.925364187858622,-0.0227308544572562
4.605170185988092,4.846842557505108,-0.2416723715170166
5.332718793265369,5.363387053273776,-0.030668260008407167
4.804021044733257,4.938851269423634,-0.13483022469037742
5.271305817301187,5.212178080982294,0.05912773631889223
4.812184355372417,4.863025422958424,-0.05084106758600715
5.480638923341991,5.450879066984722,0.029759856357268966
4.1956970564823886,4.104496310991839,0.0912007454905499
5.545177444479562,5.680896829784458,-0.13571938530489547
5.717027701406222,5.557403104659129,0.15962459674709262
4.8084375072975085,5.352668349578143,-0.5442308422806343
4.23410650459726,4.330779075734969,-0.09667257113770944
4.77912349311153,4.718019154612122,0.06110433849940744
4.875197323201151,5.003479443367577,-0.1282821201664257
6.619406317542652,6.550064618915386,0.06934169862726591
4.74493212836325,4.789348699171884,-0.04441657080863415
6.07073772800249,6.145443323232534,-0.07470559523004461
4.605170185988092,4.6408586811372325,-0.03568849514914074
5.788429948716486,5.6174352983680675,0.1709946503484181
5.06050424124939,5.224258001181649,-0.16375375993225916
5.351858133476067,5.588050396049633,-0.2361922625735664
5.228431239083871,5.144804605383759,0.08362663370011258
4.51085950651685,4.900670503054265,-0.389810996537415
4.745975062579112,4.862646968187024,-0.11667190560791152
4.997212273764115,5.000874031158365,-0.0036617573942505643
5.017279836814924,4.860043825227712,0.15723601158721223
5.638354669333745,5.665553948360028,-0.027199279026282497
6.297219811067135,6.695594557412042,-0.3983747463449063
5.25227342804663,5.189885826723871,0.06238760132275889
5.887408735509094,6.085548734243565,-0.19813999873447052
5.068904202220232,4.959241281919069,0.10966292030116342
5.272999558563747,5.341739981938079,-0.06874042337433206
4.110873864173311,4.031770760968866,0.07910310320444491
5.225746673713202,5.138723299158882,0.08702337455431941
6.678342114654332,6.241410792968039,0.4369313216862931
6.217603607401991,6.0200202521776065,0.19758335522438486
6.723026827940738,6.737565532692354,-0.014538704751616116
5.225746673713202,5.299347839578279,-0.07360116586507726
4.33729074083249,4.23988286280184,0.09740787803064954
5.2574953720277815,5.100432234603401,0.15706313742438027
5.655991810819852,5.8292156112286015,-0.17322380040874918
5.017279836814924,5.008247444754065,0.009032392060859706
4.93014804318357,4.965113261695541,-0.03496521851197176
4.404277243608702,4.536093700199233,-0.13181645659053132
4.388629785807454,4.7006596088728045,-0.3120298230653509
5.14865659199363,5.063867295422607,0.08478929657102263
5.41610040220442,5.484792050461739,-0.06869164825731922
5.798092154126943,5.884536715639908,-0.0864445615129652
5.698769932832657,5.808415933767933,-0.10964600093527643
7.068172000388042,6.490730246806418,0.5774417535816241
5.2832037287379885,5.462332554235523,-0.17912882549753473
5.032722890560261,5.12495273151743,-0.09222984095716935
5.236441962829949,4.74818362341145,0.4882583394184996
5.639315062101466,5.934559511781121,-0.2952444496796547
4.158883083359672,4.287541872074754,-0.1286587887150814
5.983936280687191,6.1545504117703995,-0.17061413108320878
4.5217885770490405,4.159986819338062,0.3618017577109782
4.79305954708551,4.74246575958996,0.05059378749554977
4.962844630259907,4.7494532427359495,0.21339138752395748
3.624874124138024,4.00181151586131,-0.3769373917232861
5.062531739884758,5.111836121992695,-0.04930438210793753
6.311734809152915,6.384089924451562,-0.07235511529864702
7.071573364211532,6.947769187528219,0.12380417668331312
3.784189633918261,3.9043046454897206,-0.12011501157145954
5.375278407684165,4.732379437150048,0.6428989705341177
5.799092654460526,5.868696200433295,-0.06960354597276908
5.298317366548036,5.627448685514668,-0.32913131896663206
4.993828175779875,5.151468051638889,-0.1576398758590143
4.532599493153256,4.524298829346672,0.008300663806584119
6.75891878714531,6.744058495622835,0.014860291522475144
5.204006687076795,5.010066835232307,0.1939398518444886
6.302307571952421,6.358273773660611,-0.055966201708189445
4.912654885736052,5.22165474143503,-0.3089998556989775
5.081963215009874,5.0174827006464335,0.06448051436344038
5.402677381872279,5.217929892225881,0.18474748964639787
4.402686737370185,4.57013544879454,-0.16744871142435525
5.6937321388027,5.712332613727448,-0.01860047492474859
4.454347296253507,4.410858382357897,0.043488913895610715
4.852030263919617,5.215027268842261,-0.36299700492264453
4.0547371076273215,4.02049322722326,0.03424388040406168
4.483002552013883,4.535517156704361,-0.05251460469047764
6.214608098422191,5.88840598546397,0.32620211295822177
4.95109758138006,5.399872989578245,-0.44877540819818496
6.68586094706836,6.702244457822428,-0.01638351075406863
4.553876891600541,4.5764631922746855,-0.022586300674144688
6.356107660695892,5.4368972049236275,0.9192104557722649
6.125776884715576,6.106696931761362,0.01907995295421383
5.249652194566756,5.3306549313445,-0.08100273677774439
5.043425116919247,5.2820092895422155,-0.23858417262296872
4.884315927417586,4.4566179536904915,0.4276979737270947
6.189290290437902,6.1892658558490075,2.4434588894450826e-05
5.746075386846452,5.166061949981854,0.5800134368645979
4.543294782270004,4.589261747710391,-0.04596696544038714
6.077642243349034,6.092291574200623,-0.014649330851589148
6.125776884715576,6.029429558123815,0.09634732659176048
3.58351893845611,3.6778413634390836,-0.09432242498297372
6.257667587882639,5.944912624224958,0.31275496365768074
5.5093883366279774,5.413944902673539,0.0954434339544381
3.78009033416732,4.325374603531838,-0.5452842693645179
6.368187186350492,6.396273791634291,-0.028086605283799138
5.015357460431585,5.628859663141046,-0.6135022027094612
5.602118820879701,5.666735959644167,-0.06461713876446584
6.0330862217988015,6.03424658301396,-0.0011603612151587228
5.455321115357702,5.387266592963907,0.06805452239379495
5.231108616854587,5.023752366148615,0.2073562507059714
4.189654742026425,4.176219366650791,0.013435375375633996
6.465631373210922,6.501847910996371,-0.03621653778544953
4.591071261608589,4.928455898735789,-0.3373846371272
5.184588601219693,5.265333338223459,-0.08074473700376572
6.061456918928017,6.057464511382298,0.003992407545719168
5.910796644040527,5.923512494293131,-0.012715850252604355
5.198497031265826,5.22153260178843,-0.02303557052260352
5.6240175061873385,5.621950871316947,0.002066634870391937
5.875857267776231,5.903360660531904,-0.027503392755672706
3.832113622199844,3.774058543289838,0.05805507891000605
3.361069590571376,4.351110446166881,-0.9900408555955047
5.356586274672012,5.167197898774172,0.18938837589784008
4.414856779264584,4.397325101429385,0.0175316778351986
4.6443908991413725,4.636591079850884,0.00779981929048823
5.135798437050262,4.822654904880317,0.3131435321699447
6.114787763139981,6.051504231833636,0.0632835313063449
5.056245805348308,4.951762026255407,0.10448377909290052
4.844187086458591,4.565642263054722,0.27854482340386877
6.64726026637432,6.6427834552967395,0.004476811077580578
4.474263916140292,4.546076340832122,-0.07181242469182969
5.160318868390746,5.59191880392242,-0.43159993553167375
5.202632116413628,5.393782604488259,-0.19115048807463086
5.3981627015177525,5.636298617865822,-0.2381359163480692
4.188290175064629,4.409369367073442,-0.22107919200881287
4.23410650459726,4.544912913099823,-0.3108064085025637
4.204692619390966,3.94938344330924,0.25530917608172565
6.416192921396992,6.399988649017028,0.016204272379964024
5.517452896464707,5.457564535096087,0.0598883613686203
5.543222409643759,5.500150286497635,0.043072123146123964
4.499809670330265,4.305751956384324,0.1940577139459414
4.418840607796598,4.4221605777810655,-0.0033199699844672637
4.274580612525034,4.072490060246479,0.20209055227855455
4.477336814478207,4.730305607273289,-0.2529687927950821
5.196672162785836,5.52195520763258,-0.32528304484674386
4.442651256490317,4.478441229893767,-0.03578997340345058
2.772588722239781,2.925557532694011,-0.15296881045422994
5.973809611869261,6.470504286116947,-0.4966946742476859
5.251382979358823,5.277440377985241,-0.02605739862641787
4.189654742026425,4.129602173258803,0.060052568767622105
5.254522206548366,5.11340840461742,0.14111380193094547
6.281013625618804,5.905353207185722,0.37566041843308184
6.173098367465439,6.302934150557,-0.1298357830915613
4.3694478524670215,4.455072442150646,-0.08562458968362474
3.8918202981106265,4.224839771493785,-0.3330194733831582
5.339123360940291,5.283317401266614,0.05580595967367685
5.948034989180646,5.954027299928371,-0.005992310747725327
3.653252276470785,3.6539569119274407,-0.0007046354566555557
4.248495242049359,4.412428881890028,-0.16393363984066855
5.409411414053624,5.346228669414435,0.06318274463918883
4.941642422609304,4.987869446157592,-0.04622702354828778
6.18353014285133,5.997426661794684,0.1861034810566462
5.303304908059076,5.146495297919009,0.15680961014006645
4.915591745409362,5.154274085912774,-0.23868234050341197
4.955827057601261,4.886823595341193,0.06900346226006793
5.536940488710632,5.65741338676975,-0.1204728980591172
6.608000625296087,6.962282367223159,-0.35428174192707207
3.3874364664121184,3.7312672497182513,-0.3438307833061329
5.429652599378058,5.534921011457397,-0.10526841207933835
5.96563378707346,5.943102431161536,0.02253135591192379
7.144588695022355,6.76675799910969,0.3778306959126647
5.608738925969307,5.507533091985436,0.10120583398387151
4.375757021660286,4.564840706589049,-0.1890836849287627
5.303304908059076,5.352330198203916,-0.04902529014484003
5.3734248390348425,5.194072976275714,0.17935186275912862
5.476463551931511,5.4319227123254885,0.04454083960602251
4.890349128221754,5.13706867928452,-0.24671955106276666
5.446133741242256,4.940410874849034,0.5057228663932216
4.663439094112067,4.53387809136466,0.12956100274740656
3.713572066704308,3.949008340258326,-0.23543627355401808
5.450823838262806,5.5836625711452275,-0.13283873288242187
5.075173815233827,5.029797928355192,0.045375886878634475
6.311734809152915,6.223923133846621,0.08781167530629386
5.671603576291966,5.929919677867631,-0.258316101575665
5.6577385361547945,5.640612689559173,0.01712584659562122
5.52110085304669,5.390186171942068,0.13091468110462223
6.918695219020472,5.7519043151571205,1.166790903863351
6.690842277418564,6.820453242181401,-0.12961096476283718
6.391917113392602,5.691536925105081,0.7003801882875216
6.240918913211988,6.283823403925607,-0.04290449071361824
5.47926297716206,5.4239842971600405,0.05527868000201952
5.103943471229908,5.139406625625144,-0.035463154395236174
5.033700567027251,5.136836231151223,-0.10313566412397179
4.592692664476979,5.268276896256356,-0.6755842317793777
5.5093883366279774,5.497149901731369,0.012238434896608474
5.293857435825943,5.431554950556806,-0.13769751473086256
3.743604353803183,3.6404294028797493,0.10317495092343387
3.871201010907891,3.8191815817978663,0.052019429110024884
3.784189633918261,4.188457592568705,-0.40426795865044385
5.236441962829949,5.220567407859716,0.01587455497023349
4.553876891600541,4.542103060222969,0.01177383137757193
4.736198448394496,4.861449188385048,-0.1252507399905527
6.214608098422191,6.597875188961051,-0.38326709053886
4.110873864173311,4.24922264746941,-0.1383487832960988
4.658710952916121,5.4704415582091075,-0.8117306052929862
5.611301621862036,5.5017104655330105,0.10959115632902527
4.941642422609304,4.483648929104718,0.45799349350458574
5.250544185076353,5.080801451259447,0.1697427338169062
5.8888779583328805,6.049536125695003,-0.16065816736212213
5.375278407684165,5.053393404540398,0.321885003143767
5.525452939131784,5.371411929351316,0.1540410097804683
5.958424693029782,5.936100183250261,0.02232450977952105
4.68213122712422,4.816597480302165,-0.13446625317794503
4.454347296253507,4.496204984708202,-0.0418576884546944
5.298317366548036,5.314426579127723,-0.01610921257968645
4.1444037620948375,4.364962228929651,-0.22055846683481306
5.625208132850098,5.603907191549941,0.021300941300157028
5.547128664610824,5.514044391550774,0.033084273060049796
4.962844630259907,5.010360627759958,-0.0475159975000512
5.25227342804663,5.187064209224849,0.06520921882178055
5.577198322546748,5.691201409958996,-0.1140030874122484
4.394449154672439,4.345172191549973,0.0492769631224661
4.762173934797756,4.486459756168701,0.27571417862905534
5.545177444479562,5.834973467752812,-0.28979602327324994
5.09252245356844,5.256608224955063,-0.16408577138662306
5.365976015021851,5.371805814109246,-0.0058297990873947825
5.151382258424339,5.323641656961052,-0.17225939853671335
5.84354441703136,5.53847777439948,0.3050666426318802
5.712081277470896,5.839871279435347,-0.12779000196445178
5.720311776607412,5.542304319674732,0.17800745693268016
4.30406509320417,4.210347209069675,0.09371788413449522
5.917548864157814,5.974047163869034,-0.05649829971121978
5.68697535633982,5.591220556229856,0.0957548001099644
4.532599493153256,4.434609237562139,0.0979902555911174
4.3694478524670215,4.578250603646351,-0.20880275117932978
4.085976312551584,4.461768947501842,-0.3757926349502574
5.308267697401205,5.34420699072867,-0.03593929332746448
3.7612001156935615,4.678456943061973,-0.9172568273684116
6.0473721790462776,5.3913967824991005,0.6559753965471771
6.717199917261079,6.578674218280184,0.13852569898089495
5.780743515792329,5.778680336287885,0.0020631795044439016
4.564348191467836,4.786858078078642,-0.22250988661080573
5.003946305945459,5.065449684934931,-0.06150337898947189
5.850764665004847,5.762336373452602,0.08842829155224496
4.787491742782046,4.831307087611683,-0.043815344829637226
6.957972995142755,6.558922990121579,0.3990500050211754
4.5301233116651805,4.287487651558638,0.2426356601065427
5.087596335232384,4.965831217804196,0.12176511742818796
5.8888779583328805,5.916304107108834,-0.027426148775953507
4.653960350157523,4.5796059941638045,0.07435435599371853
4.751432692966343,4.929639826745678,-0.17820713377933473
3.6262058595858777,4.0134876361105905,-0.38728177652471274
5.641907070938114,5.616718675235885,0.025188395702229194
5.517452896464707,5.192187759431766,0.32526513703294135
3.933784497209659,3.8411856541905434,0.09259884301911558
6.811684810231403,5.974894478985824,0.8367903312455791
5.262690188904886,5.119852977908765,0.14283721099612023
5.247024072160486,5.342167103449756,-0.09514303128927004
5.173320876373351,5.077743658984621,0.09557721738872971
4.343805421853684,4.324310925430463,0.01949449642322154
6.861836987037133,5.23055984376381,1.6312771432733228
4.94790846418795,5.052371129964498,-0.1044626657765475
5.613128106388071,5.192873432522401,0.4202546738656707
4.746148779247664,4.887576051850884,-0.1414272726032193
3.970291913552122,4.037013272178199,-0.06672135862607709
4.68213122712422,5.479897713333887,-0.7977664862096674
6.111467339502679,5.853243514012759,0.2582238254899192
4.499809670330265,4.670616147362079,-0.17080647703181384
6.029073384964899,6.1024156446810665,-0.07334225971616704
5.10594547390058,5.248197777678269,-0.14225230377768838
5.968528515824924,5.769506694072029,0.19902182175289518
5.148308099221328,5.166876702552604,-0.018568603331275746
5.01396308418893,5.133191639929246,-0.11922855574031566
5.629418059367339,5.592236377584244,0.03718168178309522
5.393627546352362,5.630513327522807,-0.2368857811704448
5.27556037942542,5.266588527389565,0.008971852035855044
5.950642552587727,6.046039505941473,-0.0953969533537462
5.808142489980444,5.737003902584352,0.07113858739609213
5.187385805840755,5.4898793564093635,-0.3024935505686086
5.863631175598097,5.6132605592936144,0.2503706163044823
4.882801922586371,4.929249561515469,-0.046447638929098645
4.382651439442724,4.7239176493162764,-0.3412662098735524
3.9889840465642745,4.353007345107444,-0.3640232985431693
5.802118375377063,5.736739946887925,0.06537842848913744
4.88635620469617,5.031828106092649,-0.14547190139647892
6.042632833682381,5.810841323590973,0.23179151009140853
4.276666119016055,4.296310640038394,-0.0196445210223386
5.537334267018537,5.481633463375247,0.055700803643289554
4.276666119016055,4.141429987640738,0.13523613137531765
6.22455842927536,5.920344595403273,0.3042138338720868
5.827473946998751,5.886283691712241,-0.0588097447134901
5.1911218349444805,5.242130708325434,-0.05100887338095372
6.271933165041461,6.0783813493436085,0.19355181569785262
6.306275286948016,6.349450079630571,-0.04317479268255475
4.912654885736052,4.819890268532159,0.09276461720389317
6.101663339406057,6.341737036428113,-0.24007369702205583
4.23410650459726,4.1997287222185244,0.03437778237873523
5.752572638825633,5.642464222858447,0.11010841596718635
5.186267862739414,5.128927721595519,0.05734014114389474
4.962844630259907,4.804869009591172,0.1579756206687346
5.505981731013787,5.676493455553751,-0.17051172453996433
5.363074613763315,5.312709758335779,0.05036485542753599
4.356708826689592,4.230900436131416,0.12580839055817528
6.231465215488615,5.779949580469522,0.45151563501909386
5.357859049256352,5.504554048312734,-0.14669499905638173
5.075173815233827,5.132412297588188,-0.057238482354361686
4.51085950651685,4.497771902644668,0.013087603872182108
4.707726774313183,4.679240311622111,0.028486462691072134
6.876780474682707,6.9609681695658026,-0.08418769488309596
4.787491742782046,4.733960471039951,0.05353127174209504
5.075173815233827,5.021976800931143,0.05319701430268342
5.424950017481403,5.492098920427868,-0.0671489029464647
5.66815529701305,5.677244733129251,-0.009089436116200389
5.3230099791384085,5.222830356840819,0.10017962229758925
4.454347296253507,4.446597168006302,0.007750128247205446
3.8918202981106265,4.410910510376725,-0.5190902122660987
5.420534999272286,5.2951471050395265,0.12538789423275976
5.655991810819852,5.7769964757944825,-0.12100466497463014
6.362286449272572,6.056125518109897,0.3061609311626752
5.938854596835685,5.975014565483258,-0.036159968647573315
5.633610336679198,5.61154969346897,0.022060643210227937
5.212705010472114,5.254426033509676,-0.04172102303756198
4.158883083359672,4.372284749906958,-0.21340166654728598
5.098829304832172,4.885635135208579,0.21319416962359306
5.2574953720277815,5.217678631524514,0.03981674050326767
3.949318790171843,3.7078387301992066,0.24148005997263633
5.081404364984463,5.139281254387291,-0.05787688940282809
6.8839542687961846,6.7418539361500525,0.1421003326461321
3.8918202981106265,3.8965145862415085,-0.004694288130882018
5.814130531825066,5.771205214115541,0.04292531770952479
5.767883400062725,5.7310950654947055,0.03678833456801911
6.40963197145903,6.6224251147651225,-0.21279314330609278
4.747103681876758,5.00795119351512,-0.26084751163836195
5.4510384535657,5.54456437487109,-0.09352592130538984
5.511410582008745,5.527589205484118,-0.01617862347537269
5.739792912179234,5.248870586763929,0.4909223254153048
5.54907608489522,5.734009475870713,-0.18493339097549288
5.176149732573829,5.0601225761767505,0.11602715639707828
4.890349128221754,4.7596566494559225,0.13069247876583123
5.582254937094834,5.469336938506974,0.11291799858785989
6.279140369540231,6.890166696375295,-0.6110263268350637
4.962844630259907,4.862150675954822,0.10069395430508532
6.067846717026788,5.875840315838084,0.1920064011887037
5.953243334287785,5.959367012571121,-0.006123678283336709
5.2832037287379885,5.2405887813478165,0.04261494739017202
4.30406509320417,4.4096981070470855,-0.10563301384291535
5.707110264748875,5.611408917922295,0.09570134682658082
5.536034209711707,5.605302437922711,-0.06926822821100487
4.617592705986649,4.628863954237204,-0.011271248250555033
4.941642422609304,5.055267778269341,-0.11362535566003729
4.992131822531696,5.1298985959062975,-0.13776677337460175
4.875197323201151,5.337338767672022,-0.4621414444708707
4.945207488773801,4.874283081443458,0.07092440733034255
6.212606095751519,6.093269945300833,0.11933615045068535
3.6375861597263857,3.7158850768419653,-0.07829891711557968
4.875197323201151,5.232804606508774,-0.3576072833076225
6.124683390894205,5.920355408853585,0.20432798204062053
5.871187779685555,5.872847126854752,-0.0016593471691965789
4.993149979755236,5.023706086102018,-0.030556106346781853
6.2166061010848646,6.127907485674311,0.08869861541055357
5.537334267018537,5.587978983061855,-0.050644716043318105
5.537334267018537,5.528358251077806,0.008976015940730164
5.081404364984463,5.03974591035244,0.041658454632023556
5.741399338227508,5.880619207162813,-0.1392198689353057
5.220355825078324,5.411997263657187,-0.19164143857886273
5.736572297479192,4.804102574127672,0.9324697233515202
4.709530201312334,4.664125751857406,0.04540444945492794
6.3080984415095305,6.4021887045039225,-0.09409026299439205
5.313205979041787,5.279374638491104,0.03383134055068293
5.017279836814924,5.014244936138513,0.003034900676411212
5.788429948716486,5.677419563451817,0.11101038526466844
5.522260598032811,5.422365938306935,0.09989465972587563
5.017279836814924,5.533203802059979,-0.5159239652450545
4.02535169073515,4.0194335475269645,0.005918143208185178
6.302618975744905,6.177235206413133,0.12538376933177187
5.428072889540573,5.555928417008955,-0.12785552746838214
5.568344503761097,5.589419989354854,-0.021075485593757826
4.174387269895637,4.096829949473691,0.07755732042194552
5.081404364984463,4.969488160030402,0.11191620495406074
5.525452939131784,5.001302389839041,0.5241505492927434
4.343805421853684,4.362403644968361,-0.01859822311467685
4.89320219720416,5.0031805737621635,-0.10997837655800335
3.828641396489095,4.052244482357181,-0.22360308586808575
5.602118820879701,5.979757557590595,-0.3776387367108942
4.262679877041316,4.080998245899584,0.18168163114173197
5.538632636370566,5.748643161885572,-0.2100105255150062
4.663439094112067,4.6500831372842555,0.013355956827811433
5.062595033026967,4.947492869290458,0.11510216373650906
5.214935757608986,5.19901360414766,0.015922153461326083
5.5053315359323625,5.466566389329758,0.03876514660260444
4.219507705176107,4.232939017936466,-0.013431312760358693
4.174387269895637,4.207464841529227,-0.03307757163358982
4.262679877041316,4.194380805682667,0.06829907135864932
4.934473933130692,4.923935890327074,0.010538042803618808
5.703782474656201,5.818291569498037,-0.11450909484183569
5.262690188904886,5.24742041513755,0.015269773767335515
4.276666119016055,4.357741146578758,-0.08107502756270257
4.283586561860629,4.432810404932021,-0.14922384307139236
7.225814386792591,7.318315785670833,-0.09250139887824282
4.663439094112067,4.846667957667362,-0.18322886355529544
3.821441627196908,3.8560409136637266,-0.03459928646681876
5.248759407699692,5.1333646023779735,0.11539480532171886
3.688879454113936,4.461633842753021,-0.7727543886390853
5.272999558563747,5.164799013087034,0.10820054547671276
4.6443908991413725,4.951418007996553,-0.3070271088551806
5.0701612734102826,4.502955305402164,0.5672059680081185
5.313205979041787,5.2125856317507155,0.10062034729107161
7.01301578963963,6.9127636681118,0.1002521215278307
5.770100661249359,5.241191761439759,0.5289088998095997
5.153291594497779,4.990990474120861,0.16230112037691846
5.351858133476067,5.512976188678542,-0.16111805520247557
5.402677381872279,5.46810357714286,-0.06542619527058058
4.584967478670572,4.571348856068179,0.013618622602392882
5.575949103146316,5.620433521774149,-0.04448441862783259
4.02535169073515,4.151783080590627,-0.12643138985547697
4.477336814478207,4.424940061757467,0.05239675272073985
5.7430031878094825,5.484532862088346,0.25847032572113626
5.455321115357702,5.354231476328705,0.10108963902899681
5.729969904409849,5.178892220303878,0.5510776841059712
5.6618139898337,5.807731156009956,-0.14591716617625572
5.842819516673411,5.871879980013405,-0.029060463339994236
4.060443010546419,4.101038839343088,-0.04059582879666923
3.780318514430718,3.923186916680436,-0.14286840224971797
4.189654742026425,5.065799260489415,-0.8761445184629899
5.891644211825772,5.957479073351443,-0.06583486152567097
4.411828125910671,4.759807649766164,-0.3479795238554928
5.411020856461121,5.338269882707487,0.07275097375363426
4.23410650459726,4.260397228947178,-0.026290724349918193
4.04305126783455,4.09593465557246,-0.05288338773790979
5.777652323222656,5.843805603603501,-0.06615328038084467
5.111987788356544,5.106571180790918,0.005416607565625675
5.407171771460119,5.444265546107706,-0.03709377464758745
6.654152520183219,6.556249993941015,0.09790252624220397
5.327876168789581,5.213661115235257,0.11421505355432426
5.176149732573829,4.565964690466819,0.6101850421070099
5.629777061345705,5.988915409430392,-0.35913834808468703
5.010635294096256,5.185796764493043,-0.17516147039678653
5.638354669333745,5.303596783975321,0.33475788535842455
5.394536224288579,5.306015265765392,0.08852095852318698
5.093750200806762,5.626680564391489,-0.5329303635847262
4.110873864173311,3.9638013902370774,0.1470724739362339
6.040254711277414,6.2561240936966,-0.21586938241918574
4.930870325627393,4.925752624986984,0.005117700640409062
4.867534450455582,4.948035292163842,-0.08050084170826022
5.311579040531222,5.2161495196153815,0.09542952091584045
5.988961416889864,5.822662633221817,0.1662987836680463
4.418840607796598,4.431342961439486,-0.012502353642887876
4.290459441148391,4.508032199777133,-0.2175727586287417
5.938854596835685,5.941562566849297,-0.0027079700136116713
5.600087238317436,5.58116310721642,0.018924131101016428
5.272999558563747,5.136985534022831,0.13601402454091538
5.929589143389895,5.755073957553662,0.17451518583623304
5.68890569542577,5.712230976442586,-0.023325281016815858
4.330733340286331,4.3150574836805715,0.01567585660575954
4.912654885736052,5.213693229599393,-0.3010383438633406
5.673323267171493,5.596148126793693,0.0771751403777996
4.799914262780603,4.87495387745895,-0.07503961467834674
6.701087749511253,6.281633232550973,0.4194545169602799
4.817616727753966,4.984442961786242,-0.1668262340322766
5.2548878086207,5.4676163464939815,-0.21272853787328128
6.591673732008658,6.070998651265931,0.520675080742727
5.796057750765372,5.638862016652382,0.1571957341129897
5.941486177301741,5.964380642733281,-0.02289446543154039
4.763881877142913,4.970747007284004,-0.2068651301410913
5.579729825986222,5.687358322952112,-0.10762849696588983
4.276666119016055,5.2046176810540015,-0.9279515620379462
6.803505257608338,5.845328450958744,0.9581768066495933
5.887491956725004,6.044399100176119,-0.15690714345111534
5.535363823031238,5.5204479515851865,0.014915871446051554
6.143756357450241,5.865444570957636,0.2783117864926048
6.212606095751519,6.305571078303038,-0.09296498255151953
5.3899389335952606,4.199894056527376,1.1900448770678844
5.768320995793772,5.383282225648813,0.38503877014495913
6.3894013887953545,6.318599402604151,0.0708019861912037
5.204006687076795,5.056465015850995,0.14754167122579975
4.356708826689592,4.180831167926127,0.17587765876346495
5.501258210544727,5.499285097020431,0.0019731135242961884
5.755742213586912,5.737458307492459,0.018283906094453073
5.07310918535161,5.233041552878277,-0.15993236752666729
5.583496308781699,5.487858678098803,0.0956376306828961
5.212214667494625,5.453034884588355,-0.24082021709372992
4.945207488773801,4.98316399203264,-0.03795650325883937
5.049856007249537,4.952762329233712,0.09709367801582491
6.071314928595715,5.747080104210175,0.32423482438553997
5.873243915720551,5.933764306441167,-0.060520390720615325
5.442417710521793,5.335557953499983,0.10685975702181061
5.225746673713202,5.381619295852608,-0.15587262213940623
5.337538079701318,5.269011502502349,0.06852657719896893
5.043425116919247,5.149097719351073,-0.10567260243182641
5.707110264748875,5.469769214221951,0.23734105052692467
4.07753744390572,4.039247155162964,0.03829028874275586
5.534692986630964,5.522948400027595,0.011744586603369633
5.035588035451832,4.919111989921003,0.11647604553082935
4.624972813284271,4.656012054728231,-0.03103924144396064
5.629777061345705,5.705223657575246,-0.07544659622954075
3.970291913552122,4.402188065373192,-0.43189615182107
4.840242308167575,4.848206345999738,-0.007964037832163484
4.099995233730915,4.7415118194657015,-0.6415165857347862
5.501258210544727,6.121029086159061,-0.6197708756143339
4.343805421853684,4.286885989090633,0.05691943276305089
4.871373226762748,4.969017774634088,-0.09764454787133925
5.564520407322694,5.335338655067332,0.22918175225536164
5.695985490353976,5.6035413623740915,0.09244412797988488
6.31644240430346,6.260913494285139,0.05552891001832094
5.582254937094834,5.698944028562656,-0.11668909146782269
3.610917912644224,3.8778232365824836,-0.2669053239382597
5.394127421394012,5.327864338269041,0.06626308312497109
5.043425116919247,4.940651059769063,0.1027740571501834
5.488937726156687,5.559801429457055,-0.07086370330036829
4.0943445622221,4.114644981244815,-0.020300419022714955
5.568344503761097,5.509535205249638,0.05880929851145833
4.696563614417302,4.885991809905514,-0.18942819548821177
5.68697535633982,5.448809837950654,0.23816551838916578
5.2548878086207,5.178139053264621,0.07674875535607928
3.843101559961725,4.129787552346048,-0.28668599238432346
4.927253685157205,4.894076625563198,0.0331770595940073
5.198497031265826,5.3991805130274635,-0.20068348176163742
4.816241156068032,4.955865769712724,-0.13962461364469192
4.8342958089798485,4.898132968973943,-0.06383715999409478
5.181109165642496,5.391296327269046,-0.21018716162654982
4.248495242049359,4.135868276623503,0.11262696542585626
4.700480365792417,4.371400753988738,0.32907961180367895
5.1328529268205045,5.0091011912929,0.12375173552760454
5.953243334287785,5.940387977217791,0.01285535706999319
5.112409386218662,5.258584252953169,-0.14617486673450664
5.993961427306569,5.715113287966891,0.27884813933967845
5.442417710521793,5.181207328583031,0.26121038193876256
5.459883342129427,5.344671295094077,0.11521204703534949
4.705467907303455,4.431616131527628,0.2738517757758272
4.219507705176107,4.2575821025556495,-0.038074397379542546
5.25227342804663,5.130875264219579,0.12139816382705071
4.259859000699674,4.325405788719478,-0.0655467880198044
5.096812990337308,5.059655432937407,0.03715755739990101
5.951501558536452,5.873022531242224,0.07847902729422795
5.419073755183819,5.422948874009525,-0.0038751188257064584
5.298317366548036,5.019518881062745,0.2787984854852912
4.04305126783455,4.214901192687584,-0.17184992485303408
6.307497167884594,6.147493892213178,0.16000327567141603
5.220896219579452,5.1183637381357485,0.10253248144370364
5.337538079701318,5.128897788260134,0.208640291441184
3.717709835781813,4.517735899807206,-0.8000260640253929
5.484796933490655,5.382630655168182,0.10216627832247305
5.225746673713202,5.602240290290854,-0.376493616577652
5.760477818332746,5.799534581050409,-0.039056762717662785
6.154858094016418,6.120135328140158,0.034722765876259665
4.603168183317418,4.3007449870327195,0.3024231962846988
4.700480365792417,4.516576081923274,0.18390428386914248
5.983936280687191,5.958606675522742,0.025329605164448488
5.645446897643238,5.358113224840454,0.28733367280278355
5.8822075611710325,6.486044690640871,-0.6038371294698388
5.3981627015177525,5.504319747776022,-0.10615704625826972
6.118097198041348,6.425209462656246,-0.30711226461489805
5.017279836814924,4.771402501604068,0.24587733521085653
4.727387818712341,4.257757201764504,0.46963061694783725
4.110873864173311,4.535159110117468,-0.42428524594415684
4.727387818712341,4.680889935881246,0.046497882831094905
3.828641396489095,4.179704846988961,-0.35106345049986576
4.963823172310452,5.114660214129157,-0.15083704181870505
5.8664680569332965,5.857694649167023,0.008773407766273777
4.212127597878484,4.487616519647064,-0.27548892176857986
6.301391116006464,6.320976239308292,-0.01958512330182849
3.828641396489095,3.940525351790405,-0.11188395530130979
5.071416766356115,4.95073926431334,0.12067750204277505
4.805659046737495,4.88868506764585,-0.08302602090835531
5.5053315359323625,5.416092363960671,0.08923917197169118
3.751854253275325,3.951120618513622,-0.1992663652382971
4.61512051684126,4.625937566987151,-0.010817050145891294
6.144893538008994,6.1701803399379465,-0.025286801928952052
5.842094090453713,5.803480837955,0.03861325249871328
4.189654742026425,4.080997159873615,0.1086575821528104
5.5053315359323625,5.611220246367877,-0.10588871043551418
5.75890177387728,5.781437280867159,-0.02253550698987894
5.14166355650266,5.316574690260315,-0.17491113375765455
5.14400000616368,5.381125146326066,-0.2371251401623855
4.248495242049359,4.328574744695336,-0.08007950264597685
5.06050424124939,5.23112071806337,-0.17061647681398018
5.666634279020696,5.700463974228143,-0.03382969520744705
5.187385805840755,5.315754738451391,-0.12836893261063587
4.624972813284271,4.55541565612994,0.06955715715433097
5.303304908059076,5.722992961518235,-0.4196880534591596
4.477336814478207,4.461119964747892,0.016216849730314564
5.652489180268651,5.4821896475251375,0.17029953274351328
5.768320995793772,5.839483202330605,-0.07116220653683314
4.28123898086119,4.484793001494171,-0.20355402063298111
5.19478850571918,4.67261445142926,0.5221740542899207
4.262679877041316,4.666301372191271,-0.40362149514995505
5.37989735354046,5.391506999629548,-0.011609646089087988
5.39725731440294,5.380085858599385,0.01717145580355517
5.187385805840755,4.927642266232541,0.2597435396082135
4.624972813284271,4.482740823155144,0.1422319901291269
4.155753190350744,4.459314712407905,-0.30356152205716125
4.770684624465665,4.992219655354209,-0.22153503088854354
6.089044875446846,6.108490817290696,-0.01944594184385018
5.435162014275881,5.4721818020340764,-0.03701978775819548
5.780743515792329,5.743617961930889,0.0371255538614399
4.396792086874355,4.3280976162090825,0.06869447066527279
5.572154032177765,5.5557663728648805,0.016387659312884217
3.886705197443856,4.095640893356933,-0.2089356959130768
5.236441962829949,5.38615022075304,-0.1497082579230904
5.6240175061873385,5.473563540004092,0.1504539661832469
4.143134726391533,4.080867399671802,0.062267326719730676
4.816241156068032,4.974338388605397,-0.15809723253736507
3.9560398908449206,3.7828190032680293,0.17322088757689125
4.8283137373023015,4.800896354709829,0.027417382592472173
5.351858133476067,5.567323709278782,-0.21546557580271575
4.276666119016055,4.154930279009092,0.12173584000696369
5.619204498180904,5.334949081015403,0.2842554171655012
4.162003210695915,4.803023983494737,-0.6410207727988215
5.453182077108952,5.702926469999599,-0.24974439289064687
5.414321042304342,5.541703209521324,-0.12738216721698148
4.0943445622221,4.199660026351106,-0.1053154641290055
5.990839351714064,6.358411204841471,-0.3675718531274068
5.030437921392435,5.2139609532206395,-0.18352303182820418
5.028278729268851,5.021181321796385,0.007097407472465456
6.278521424165844,6.135593731096313,0.1429276930695309
5.53338948872752,5.3615479411280225,0.17184154759949788
4.5290447955986,4.355133767211372,0.17391102838722805
4.859347179882474,5.119112594906597,-0.2597654150241233
4.48863636973214,4.2703856022737385,0.2182507674584011
4.564348191467836,4.561230000706194,0.0031181907616417703
4.822939320964847,4.8342230091029625,-0.011283688138115977
5.303304908059076,5.331131356837543,-0.02782644877846696
4.959341999708705,4.878111383815848,0.0812306158928573
4.770684624465665,4.827745784236554,-0.05706115977088899
4.873669439023098,4.514035849116275,0.3596335899068235
4.653960350157523,4.568230274301357,0.08573007585616566
3.712107580233144,3.9375297195507066,-0.22542213931756283
6.860663671448287,6.067694384552638,0.7929692868956488
5.605802066295998,5.55125684289426,0.05454522340173806
4.564348191467836,4.548376974451065,0.015971217016771178
6.558197802812269,6.373453573092748,0.18474422971952098
5.187385805840755,4.851874230621446,0.33551157521930897
5.303304908059076,5.4270227674361395,-0.12371785937706381
4.836281906951478,4.855116355919823,-0.018834448968345185
6.854544357649067,6.21977544682394,0.6347689108251275
4.435211888177536,4.256514895944902,0.17869699223263336
4.979007018638079,4.814524658217557,0.16448236042052145
4.330733340286331,4.822009073082148,-0.4912757327958168
5.877735781779639,5.903611914147667,-0.025876132368027882
5.25227342804663,5.453230376691508,-0.2009569486448779
3.784189633918261,3.749592699493146,0.03459693442511513
5.303304908059076,5.349707404551082,-0.04640249649200623
4.70438183605904,4.871640553327754,-0.16725871726871322
5.823045895483019,5.65631557412414,0.16673032135887844
6.311734809152915,6.222786124542385,0.0889486846105303
5.43372200355424,5.47563970361037,-0.04191770005613016
4.02535169073515,4.346750435112473,-0.32139874437732363
4.189654742026425,4.292559716751492,-0.10290497472506654
5.996452088619021,5.8248809812550455,0.17157110736397563
5.079912569581,5.172875358269728,-0.09296278868872765
4.836281906951478,4.865731516599464,-0.02944960964798593
4.599152113662528,4.648882349845019,-0.04973023618249073
4.912654885736052,5.178351646336547,-0.26569676060049474
5.225746673713202,5.215814982486393,0.009931691226809036
5.782809281862172,5.690446207657987,0.09236307420418477
5.820082930352362,5.807658833371114,0.012424096981247246
5.872117789475416,5.549927803312786,0.3221899861626296
5.746203190540153,5.791174848888242,-0.04497165834808925
5.527442989539794,5.353916328471115,0.17352666106867876
4.110873864173311,4.269956913483632,-0.15908304931032102
4.997212273764115,4.962582446630995,0.03462982713312002
5.53022242353082,5.344682779802877,0.1855396437279433
3.5263605246161616,3.5937876233418007,-0.06742709872563912
5.351858133476067,5.357437508707285,-0.005579375231218542
5.495116942522644,5.5995104194335115,-0.1043934769108672
4.276666119016055,4.138823044358285,0.1378430746577699
4.290459441148391,4.584925473154141,-0.29446603200574994
5.62618122863265,5.771588106685432,-0.14540687805278285
5.840641657373398,5.743964471265953,0.09667718610744469
3.683866912290392,3.7565414421092242,-0.07267452981883205
6.100318952020064,6.118557845590073,-0.018238893570008408
5.4823042026610525,5.236437255386832,0.24586694727422032
4.584967478670572,5.037887565721941,-0.45292008705136855
5.986452005284438,6.033449350906826,-0.046997345622388664
5.017279836814924,4.91807373758781,0.09920609922711421
4.686750172980514,4.912850568250535,-0.2261003952700209
5.178970608915471,5.070331588477577,0.10863902043789331
5.324326185729087,5.3113610799758275,0.01296510575325982
6.1463292576688975,5.752104421124829,0.39422483654406815
4.574710978503383,4.598008819978601,-0.02329784147521785
4.343805421853684,4.196975419796605,0.1468300020570794
5.404162764631377,5.378236968032436,0.025925796598941453
4.406719247264253,4.547123057538847,-0.14040381027459325
5.60554468023387,5.260723321187343,0.3448213590465272
4.02535169073515,4.202407326176288,-0.17705563544113812
5.583496308781699,5.761455642888367,-0.1779593341066681
6.7644621091556605,6.6381208291581935,0.12634127999746703
4.969813299576001,4.443732986841348,0.5260803127346527
5.198497031265826,5.5835384679452345,-0.3850414366794084
5.8888779583328805,6.070460827130429,-0.18158286879754826
6.2166061010848646,5.784848835958773,0.4317572651260919
5.755742213586912,5.836219688629993,-0.08047747504308056
5.6185876285929695,5.352232757333695,0.26635487125927426
6.110358077048392,5.542171535086758,0.5681865419616345
5.337538079701318,5.441299320581455,-0.10376124088013672
5.14166355650266,5.206956630472339,-0.06529307396967887
5.303304908059076,5.114658747891305,0.18864616016777092
4.189654742026425,4.236327517047668,-0.046672775021242785
4.941570991486734,5.014237479247523,-0.07266648776078899
4.343805421853684,4.240366291328199,0.10343913052548537
5.698769932832657,5.430464523036127,0.26830540979652984
4.795790545596741,5.11630859171555,-0.3205180461188091
5.1298987149230735,5.146105772313341,-0.016207057390267288
4.77912349311153,5.003311618778773,-0.22418812566724355
3.8501476017100575,4.239169734558939,-0.3890221328488819
4.3694478524670215,4.41527630091054,-0.04582844844351808
5.181783550292085,4.997215192556947,0.18456835773513802
4.23410650459726,4.4452768509143175,-0.21117034631705778
4.814863689577897,4.924362673001332,-0.10949898342343545
6.032630482473802,6.024999819850283,0.007630662623519413
4.048126088420487,4.318196047113885,-0.2700699586933979
7.045776576879511,6.635894444792616,0.4098821320868957
4.110873864173311,4.146353042217774,-0.03547917804446232
5.288267030694535,5.130074604196519,0.15819242649801613
6.544731653315462,6.490871902425439,0.05385975089002315
4.53141599739943,4.588036964170845,-0.05662096677141548
5.335950281354887,5.428963214033239,-0.09301293267835131
4.94021282979971,4.992070351547754,-0.05185752174804392
6.222973014753819,6.597236539167993,-0.37426352441417343
5.214935757608986,5.137747596912904,0.07718816069608181
5.438079308923196,5.532556119837808,-0.09447681091461213
4.663439094112067,4.775183731036698,-0.1117446369246311
7.074116816197362,6.710115983826824,0.3640008323705386
4.382026634673881,4.215472646444451,0.16655398822943024
6.07458712250074,5.778177598422281,0.29640952407845944
5.987958407778694,5.918397579957526,0.06956082782116813
4.290459441148391,4.340358103379673,-0.04989866223128203
4.543294782270004,4.517773381220461,0.025521401049543257
4.553876891600541,4.502848861503741,0.05102803009679935
4.319885238136032,4.104132441729023,0.21575279640700895
5.731721843345443,5.7630550900688595,-0.03133324672341686
5.087596335232384,5.083069105029045,0.004527230203338561
6.47543271670409,6.4684690815743355,0.0069636351297548416
4.696837374513915,4.9779742159495655,-0.2811368414356501
5.272999558563747,5.467127762519751,-0.19412820395600416
4.975353479951616,5.164560990706962,-0.18920751075534525
5.364011469743399,5.342294316089095,0.021717153654304155
5.000584958242754,5.071544036118112,-0.07095907787535793
4.477336814478207,4.532480083367465,-0.05514326888925858
5.233778845410465,5.219489595040908,0.01428925036955686
4.007333185232471,4.0697757313232135,-0.06244254609074229
5.457881936219375,5.151568252296012,0.30631368392336356
5.46848199307136,5.431385188597225,0.037096804474135325
4.29592393562047,4.318123482603132,-0.022199546982661467
4.143134726391533,4.217620693905091,-0.0744859675135583
6.050511454398898,5.9603837767749726,0.0901276776239257
4.653960350157523,4.619853577920373,0.034106772237150196
4.04305126783455,4.4584724453135385,-0.4154211774789882
5.821565510312585,5.669715189542596,0.15185032076998883
3.828641396489095,3.7251220820239936,0.10351931446510143
5.698769932832657,5.711263365040752,-0.012493432208095179
5.916202062607435,5.82247447914928,0.09372758345815502
5.75890177387728,5.846174581202643,-0.08727280732536258
4.019441402195416,4.138778549456535,-0.11933714726111866
6.580639137284949,6.419457284484937,0.16118185280001196
4.926818808003145,5.216045746626309,-0.2892269386231634
4.8283137373023015,4.8134755376636535,0.014838199638647964
4.04305126783455,4.298381653653074,-0.25533038581852363
5.838313367613807,6.060161418220193,-0.22184805060638535
5.770662003495746,5.766678887904902,0.003983115590843411
4.983606621708336,5.416659101528676,-0.4330524798203399
5.934894195619588,6.130106170279111,-0.19521197465952334
4.836281906951478,4.895770251909288,-0.05948834495780986
5.638354669333745,5.623111552149407,0.015243117184338573
3.788724789083653,3.923101540637998,-0.13437675155434503
6.492239835020471,6.342195196345029,0.1500446386754417
4.709530201312334,4.875021800939477,-0.16549159962714288
3.80666248977032,3.860801573068183,-0.05413908329786299
6.277582897583581,6.327082246870344,-0.04949934928676303
4.158883083359672,4.378944174525785,-0.22006109116611228
4.375882799913392,4.9218657887564525,-0.5459829888430603
6.907755278982137,6.617860436158751,0.2898948428233856
5.405690854816366,5.564550896071835,-0.15886004125546904
5.552300453013218,5.274419708300168,0.27788074471305
5.491001710377538,5.480072907335687,0.010928803041850621
6.530877627725885,6.578221814445072,-0.0473441867191875
4.564348191467836,4.550094259159328,0.0142539323085078
5.970521770088057,6.4846672909040555,-0.5141455208159984
5.010635294096256,4.872263514314579,0.1383717797816777
4.189654742026425,3.990430787452944,0.19922395457348108
6.4759410620509685,6.4266354405685595,0.04930562148240902
5.488937726156687,5.540700182880917,-0.05176245672423008
5.944110850724512,6.002475984566296,-0.05836513384178321
4.75074130930731,4.871027377402753,-0.12028606809544318
4.51085950651685,4.547277036097032,-0.03641752958018252
4.02535169073515,4.183821026328808,-0.15846933559365795
5.187385805840755,5.228431079125957,-0.04104527328520202
4.944637931589103,5.537523994315941,-0.592886062726838
4.59511985013459,4.525651945983669,0.06946790415092075
4.262679877041316,4.663108848493448,-0.40042897145213185
5.634789603169249,5.371059549844751,0.2637300533244984
5.401776074916267,5.79203500823334,-0.39025893331707273
5.003946305945459,5.017729969530472,-0.013783663585012818
5.667567905188549,5.637416398908412,0.030151506280136964
4.955827057601261,4.885572133163836,0.07025492443742465
4.31748811353631,4.472185729899301,-0.1546976163629905
5.408292219756609,5.406372241347977,0.0019199784086314509
4.093177214470094,4.075192746047113,0.017984468422980626
4.454347296253507,4.932554433864989,-0.4782071376114816
5.730099782973574,5.673890582464141,0.05620920050943301
4.418840607796598,4.336273042133354,0.0825675656632443
5.290789100127245,5.115807411771979,0.17498168835526595
5.834810737062605,5.785068226037233,0.04974251102537153
6.393925146195848,6.460961711470082,-0.0670365652742344
5.053056009980208,5.143006098531289,-0.08995008855108022
6.057720342885047,6.291800794857231,-0.23408045197218375
4.248495242049359,4.5070219970276755,-0.2585267549783161
5.442417710521793,5.439439186260081,0.002978524261711968
4.736198448394496,4.613923207245859,0.1222752411486363
6.278521424165844,6.409453859770453,-0.13093243560460888
4.68213122712422,4.7907330144735365,-0.10860178734931658
4.42484663185681,4.705956716490872,-0.2811100846340624
4.499809670330265,4.395562965045637,0.10424670528462787
4.564348191467836,4.133565781314124,0.43078241015371166
5.34343412535116,5.332850503894379,0.010583621456780712
6.274762021241939,5.960720884624733,0.314041136617206
5.209486152841421,4.977102658522477,0.23238349431894445
5.14166355650266,4.98649630331845,0.1551672531842101
7.225814386792591,7.171817086783472,0.05399730000911873
4.663439094112067,5.164333560023371,-0.5008944659113039
6.659293919683638,6.347175912213335,0.3121180074703025
5.244389024522481,5.279360462795661,-0.034971438273180055
4.663439094112067,4.740802647854339,-0.07736355374227166
5.35955356601861,4.98069467537282,0.37885889064579015
5.528118705526313,5.427640852306059,0.10047785322025415
6.918695219020472,5.389498435786186,1.5291967832342852
6.003887067106539,5.53513333673943,0.46875373036710855
6.260403305992625,6.193908934227797,0.06649437176482831
5.3981627015177525,5.31457517350063,0.0835875280171221
5.10594547390058,5.1408638329608936,-0.034918359060313264
5.111987788356544,5.13072502873113,-0.018737240374586683
5.851253754014409,5.893368580499607,-0.042114826485198265
5.393627546352362,5.35994607692395,0.033681469428412214
4.290459441148391,4.25060128964428,0.039858151504111206
5.840641657373398,5.7207215810168295,0.11992007635656865
4.469694046425642,4.887816082148992,-0.4181220357233508
7.225814386792591,5.646602503013812,1.579211883778779
4.0943445622221,4.182680887682188,-0.0883363254600873
6.100700045314072,6.271869320954635,-0.17116927564056272
5.303304908059076,5.4010457518287085,-0.09774084376963277
6.391364196743265,6.379650148186112,0.011714048557152523
4.700480365792417,4.8519265570619385,-0.15144619126952197
6.355239228161937,6.298870198878192,0.05636902928374532
5.278114659230517,5.267973040365801,0.010141618864715873
5.267858159063328,5.260723285769851,0.007134873293477284
4.844187086458591,5.421777260203395,-0.5775901737448041
4.663439094112067,4.780408262293505,-0.11696916818143777
5.733341276897746,5.742201898334573,-0.008860621436826754
4.722953221644475,4.548761731154859,0.17419149048961557
4.442651256490317,4.401467481193506,0.04118377529681094
4.110873864173311,4.835289931205774,-0.7244160670324629
3.58351893845611,3.532426743754519,0.05109219470159099
4.15512603448196,4.232974391539059,-0.0778483570570998
5.641020152919886,5.607581787180631,0.03343836573925518
5.402677381872279,5.435098761156064,-0.03242137928378508
5.030437921392435,5.146701029534468,-0.11626310814203311
5.043425116919247,4.933016359483815,0.11040875743543221
6.373319789577012,6.381082150017931,-0.007762360440918492
4.946416721769604,4.910084055846431,0.0363326659231733
7.225814386792591,7.261276551715756,-0.03546216492316567
6.814542897259958,6.733935186206982,0.08060771105297615
5.749392985908253,5.1070799724361455,0.6423130134721076
6.639875833826536,6.709877727567583,-0.07000189374104693
5.771441123130016,5.543935106402622,0.22750601672739368
4.02535169073515,4.846155648647179,-0.8208039579120294
4.638604962074329,5.3314692036291484,-0.6928642415548198
5.093750200806762,5.149616640533482,-0.055866439726719896
5.582556017222057,4.44819241470205,1.1343636025200068
6.710523109452428,6.549260815704475,0.16126229374795287
5.003946305945459,4.981089997035666,0.022856308909792844
6.483107351457199,6.49906927735405,-0.015961925896851525
4.262679877041316,4.193021270673627,0.06965860636768895
5.566434283504978,5.8216054534032065,-0.25517116989822863
4.890349128221754,4.793457222212955,0.09689190600879893
5.372960909543803,5.123210841391743,0.2497500681520597
5.14166355650266,5.104608926861947,0.037054629640713266
6.80903930604298,6.69345840640311,0.11558089963986973
4.8283137373023015,4.734186836692929,0.09412690060937212
4.61512051684126,4.474023032397705,0.14109748444355485
5.513428746164983,5.49946115952276,0.01396758664222375
6.133398042996649,6.287437976616962,-0.15403993362031354
3.80666248977032,3.7869642530585192,0.01969823671180082
5.278114659230517,5.157178182754,0.1209364764765164
4.356708826689592,4.0484690660199,0.30823976066969205
6.42422051545205,6.792775611243157,-0.36855509579110723
6.670018259114919,6.217035775723008,0.45298248339191094
4.4942386252808095,4.6441070134870905,-0.149868388206281
5.351858133476067,5.619936843728733,-0.2680787102526665
5.9522298338567,5.705759530144737,0.24647030371196355
3.9318256327243257,4.405119204850171,-0.4732935721258449
4.934473933130692,4.919163548778744,0.015310384351947981
3.44265917146975,3.454531901192013,-0.011872729722262942
6.0867747269123065,6.185397773850412,-0.09862304693810575
4.430816798843313,4.316142403502593,0.1146743953407201
5.19478850571918,5.1315449271971305,0.06324357852204976
5.344723739362192,5.47136177860742,-0.1266380392452282
4.543294782270004,4.4583945119490895,0.0849002703209143
5.925137761311185,5.922989677411168,0.0021480839000167506
3.991019011654644,4.0080731376507055,-0.017054125996061487
4.619368905387905,4.793807460247388,-0.17443855485948312
4.605170185988092,4.786609026312718,-0.18143884032462587
4.7535901911063645,5.143805187005746,-0.3902149958993819
5.350672596881965,5.625222584234761,-0.27454998735279634
6.095824562432225,6.011005224133483,0.08481933829874144
4.276666119016055,4.158035475444839,0.11863064357121633
5.465948207931988,5.41954266750512,0.04640554042686773
4.410735561310335,4.280695343058629,0.13004021825170575
5.444579873526289,5.451447075622898,-0.006867202096609404
5.152713392689245,5.115016558632064,0.03769683405718105
5.69035945432406,5.408318856916942,0.28204059740711784
4.941642422609304,5.091241882549685,-0.14959945994038115
6.066108090103747,6.464013831030965,-0.397905740927218
5.303304908059076,5.261827820293757,0.041477087765319
4.23410650459726,4.33893087476866,-0.1048243701714
6.111467339502679,5.771568228393325,0.33989911110935367
4.736198448394496,4.784451497189714,-0.04825304879521841
4.143134726391533,4.246973489502946,-0.10383876311141371
5.010635294096256,4.965532466026116,0.04510282807014043
4.663439094112067,5.009127845889731,-0.3456887517776641
5.220355825078324,4.873922186163555,0.3464336389147693
4.382026634673881,4.437336901756059,-0.05531026708217812
6.274762021241939,6.6000109114974865,-0.3252488902555477
5.634789603169249,5.746108134749947,-0.11131853158069749
3.584629432740137,3.371743145033828,0.21288628770630913
5.750761475850196,5.906375975958527,-0.15561450010833067
6.647688373563329,6.5770265114335045,0.07066186212982473
5.59982837693626,5.33982888520067,0.25999949173558967
4.707817022948234,4.803007333905388,-0.09519031095715391
4.844187086458591,5.048381561691661,-0.20419447523307
4.297285406218791,4.388570161469107,-0.09128475525031643
5.187385805840755,5.219179121224613,-0.0317933153838581
5.683579767338681,5.2526960326900864,0.430883734648595
5.204006687076795,5.152851587571204,0.05115509950559094
4.449685283147696,4.560555501993214,-0.11087021884551795
5.43197375136071,5.447632005877162,-0.01565825451645253
5.356586274672012,5.366661248773768,-0.010074974101756062
5.863631175598097,5.3238400751571415,0.5397911004409552
5.298317366548036,5.3240977190365735,-0.02578035248853716
5.130253681500782,5.269690502104468,-0.13943682060368623
5.030437921392435,5.277236625802829,-0.2467987044103941
4.890349128221754,4.883594769103097,0.006754359118656517
4.430816798843313,4.383058650030148,0.04775814881316531
5.081404364984463,5.234390224296603,-0.15298585931213982
5.389071729816501,4.981267181233246,0.4078045485832549
3.6238074573702215,4.113996580467748,-0.4901891230975264
5.736572297479192,5.69751106912355,0.039061228355642186
4.882801922586371,4.756645894686836,0.12615602789953417
4.001315112906908,4.226624696448924,-0.2253095835420158
5.786897381366708,5.7499632895417925,0.03693409182491525
4.206928922969246,4.408679977108433,-0.20175105413918626
5.909440711629391,5.805848932063531,0.10359177956585963
4.382026634673881,4.362510677176207,0.019515957497674208
5.003946305945459,4.919697202504388,0.0842491034410715
5.955837369464831,5.887274860776657,0.06856250868817426
5.484796933490655,5.119677974873337,0.3651189586173178
4.7535901911063645,4.6496224102063,0.10396778090006453
5.078916801512661,5.247715390373107,-0.16879858886044552
5.829357297564267,5.841133741499437,-0.011776443935169745
5.318119993844216,5.235670138176074,0.08244985566814211
5.762051382780177,5.738558391347047,0.023492991433130328
4.795790545596741,4.753299086472609,0.04249145912413255
5.595380300805569,5.731293953687867,-0.13591365288229795
5.043425116919247,5.277141096387818,-0.23371597946857126
5.989788142727037,5.916895226668448,0.07289291605858939
4.04305126783455,4.257218080606921,-0.21416681277237082
4.77912349311153,4.899239526851192,-0.12011603373966206
6.464588303689961,6.58992434281909,-0.12533603912912916
6.417548942418882,6.497622108149796,-0.08007316573091394
4.740574822994295,4.779084308904551,-0.03850948591025638
6.194813471094013,6.118944207470814,0.07586926362319879
5.818092820833612,5.939309993760559,-0.12121717292694711
4.966335035199676,5.287800584343648,-0.32146554914397196
4.394449154672439,4.451869353189836,-0.05742019851739677
5.659482215759621,4.43733786636581,1.2221443493938118
7.038783541388542,7.026294635934289,0.012488905454252297
4.290459441148391,4.3619399414868845,-0.07148050033849351
5.521460917862246,5.7977440478046685,-0.27628312994242243
5.2249937021291935,5.0322067010696125,0.1927870010595809
4.529907701487544,4.347751992622765,0.18215570886477916
5.711254489494902,5.752355378308343,-0.04110088881344165
5.293304824724492,5.388246542042294,-0.09494171731780199
4.795790545596741,5.0241098692896,-0.22831932369285823
4.319885238136032,4.198941596986905,0.12094364114912715
5.292299294222474,5.352271600092159,-0.05997230586968527
6.100318952020064,6.161107683578151,-0.06078873155808662
4.871603085400698,4.888679421018712,-0.017076335618013694
5.24570741627574,5.21665648606446,0.029050930211280246
5.308267697401205,4.908384662659305,0.3998830347419
6.272877006546167,6.264383218983522,0.00849378756264585
6.46547576025116,6.587264401117825,-0.12178864086666508
5.033700567027251,5.408555409959917,-0.3748548429326659
4.48863636973214,4.354013183098729,0.13462318663341044
4.564348191467836,4.548119894510049,0.01622829695778716
4.110873864173311,4.496561510299106,-0.38568764612579454
6.907755278982137,5.928142123846907,0.9796131551352296
6.005120873555468,6.17885519068114,-0.173734317125672
5.32544603393629,5.212177608207937,0.11326842572835272
3.979681653901961,4.198535085202606,-0.2188534313006456
5.059425458265688,5.030814152652839,0.028611305612848525
4.248495242049359,4.502168721465729,-0.25367347941636975
6.898714534329988,5.368149166122078,1.5305653682079106
3.8501476017100575,4.1370853821929625,-0.28693778048290497
6.658011045870748,6.220561708435689,0.4374493374350594
3.713572066704308,4.0117289485821805,-0.2981568818778726
5.909440711629391,5.853288237990861,0.056152473638530154
5.6937321388027,5.654897093626432,0.03883504517626779
6.202535517187923,6.157167887749059,0.04536762943886341
4.418840607796598,4.356636616042595,0.062203991754003596
4.532599493153256,4.278355743839131,0.2542437493141252
5.394081988532416,5.513801678313977,-0.11971968978156156
4.4277167605909975,4.584104892325774,-0.15638813173477661
5.219815138393079,4.5865013301411155,0.6333138082519634
5.768320995793772,5.855062252172753,-0.08674125637898111
4.108576144468825,4.238458939632617,-0.12988279516379198
5.247024072160486,5.236208642508831,0.010815429651655606
5.247024072160486,5.130065533507233,0.11695853865325301
4.23410650459726,4.234098480373089,8.02422417045534e-06
4.795790545596741,4.838474725564877,-0.042684179968135894
4.584967478670572,4.51377450284303,0.07119297582754225
6.373029645100096,6.328587985138987,0.044441659961108826
5.695414224985685,5.61522325958791,0.08019096539777504
5.627621113690637,5.583392015943757,0.04422909774687955
5.391352232515226,5.280856723595641,0.11049550891958493
5.049856007249537,4.9649425498672715,0.08491345738226563
5.68697535633982,5.4258400219418625,0.26113533439795766
5.326467409964383,5.445788301380271,-0.11932089141588786
5.780743515792329,5.842846237275901,-0.06210272148357188
5.648974238161206,5.636359628516557,0.012614609644649555
6.47881681468833,5.551089723529491,0.9277270911588396
6.030685260261263,6.166454060401414,-0.13576880014015114
7.115582126184454,6.785189688959466,0.33039243722498757
5.335950281354887,5.262725477867378,0.07322480348750915
5.683579767338681,5.698148833896987,-0.014569066558305366
5.272999558563747,5.1298337631466735,0.1431657954170733
5.293304824724492,4.521003543237077,0.7723012814874153
4.524935793277486,4.236235331464282,0.2887004618132032
4.02535169073515,4.1037749905960625,-0.0784232998609129
5.662960480135946,5.651850110350946,0.011110369785000351
4.691347882229144,4.726104854293014,-0.03475697206387007
5.342334251964811,5.127956690676699,0.2143775612881118
5.717027701406222,5.611351447895914,0.10567625351030774
5.212705010472114,5.230691303776656,-0.017986293304541157
4.099995233730915,4.842261126849647,-0.7422658931187316
5.8522024797744745,5.755568660890755,0.09663381888371969
4.365261888341151,4.237224778582082,0.12803710975906935
3.9318256327243257,3.95228501314133,-0.020459380417004347
5.111987788356544,4.92509299352884,0.18689479482770377
5.318119993844216,5.04733312612867,0.27078686771554583
6.1675164908883415,6.143090477644207,0.024426013244134737
4.102643365036796,4.239473388829286,-0.13683002379249043
3.9889840465642745,4.017026945829747,-0.028042899265472876
6.474662003756499,6.4917888787412155,-0.017126874984716878
4.990160440906871,5.245500212551311,-0.2553397716444392
7.225814386792591,7.204478902094435,0.021335484698155938
4.000766215262535,3.993974488406847,0.006791726855688296
5.178970608915471,5.384829203152623,-0.20585859423715203
6.261491684321042,5.619237596663567,0.6422540876574754
5.053503194323431,4.679256738365045,0.374246455958386
6.680854678790215,6.654974144932989,0.025880533857225885
3.9318256327243257,4.401382834848456,-0.4695572021241303
6.034691647042082,6.072171908084064,-0.03748026104198221
5.300814246746624,5.37412314687257,-0.07330890012594615
4.51085950651685,4.507718921153162,0.0031405853636874426
4.418840607796598,4.580248075588274,-0.16140746779167614
4.430816798843313,4.363493017377739,0.06732378146557405
5.247024072160486,5.251835500617415,-0.0048114284569287236
5.725217755376266,5.652498124283943,0.07271963109232349
4.695285075430352,4.826516995811616,-0.1312319203812642
5.356586274672012,5.391016964797812,-0.03443069012579958
6.794026513653794,6.5759922321606314,0.2180342814931624
4.90527477843843,4.9967345499137785,-0.0914597714753489
4.857484114602081,4.465931160666197,0.39155295393588396
5.010635294096256,4.956644943333785,0.05399035076247127
3.5263605246161616,3.608965028359469,-0.08260450374330741
6.3080984415095305,6.079713834937883,0.22838460657164728
5.217269987694714,5.209722185618674,0.00754780207604
5.827473946998751,5.898468446155054,-0.07099449915630274
5.484796933490655,5.4149405526798065,0.06985638081084833
4.962844630259907,4.934039053320235,0.02880557693967223
5.766757273817589,5.640361535286072,0.1263957385315173
6.528381804378052,6.4661051778125636,0.06227662656548816
2.3398808777377424,3.0328126743954695,-0.6929317966577271
4.225372824628505,4.529639366742016,-0.3042665421135107
6.126869184114185,5.525699215852105,0.6011699682620799
5.090678001769792,5.77255743323726,-0.6818794314674683
4.454347296253507,4.6289828117720715,-0.17463551551856416
6.003887067106539,5.863408917931143,0.14047814917539547
5.53338948872752,5.545876999609,-0.01248751088147948
5.109997857950446,5.382817196243153,-0.2728193382927069
4.42484663185681,4.4018857339194915,0.022960897937318592
7.225814386792591,6.025290040223788,1.2005243465688027
5.860786223465865,5.912745135814129,-0.05195891234826355
4.189654742026425,4.287147521304964,-0.0974927792785385
6.071891796220597,6.04641885201132,0.025472944209276704
5.406723240391823,5.484662313518923,-0.07793907312709969
6.111467339502679,6.32715369913149,-0.215686359628811
5.198497031265826,5.480151881813636,-0.2816548505478096
5.62040086571715,5.64139773647994,-0.02099687076279011
3.49650756146648,3.795223912822871,-0.2987163513563913
4.812184355372417,4.414025856968571,0.39815849840384576
4.736198448394496,4.620525897558505,0.11567255083599104
5.942799375126701,5.812520512685225,0.13027886244147613
6.190991406821195,6.19964574863282,-0.008654341811625166
4.418840607796598,4.391467703096617,0.027372904699981326
6.844282856026563,6.755079849375191,0.08920300665137226
4.07753744390572,4.169258214739444,-0.09172077083372443
5.14166355650266,5.673747938920186,-0.5320843824175254
4.790237968450072,4.7485620611829145,0.041675907267157974
4.318154558079471,4.655154804395107,-0.3370002463156361
5.31566600488265,5.112253876694045,0.20341212818860477
5.09252245356844,5.011613875070981,0.0809085784974597
5.147494476813453,5.187155263747732,-0.0396607869342791
5.966146739123692,5.589237369579292,0.3769093695443999
4.384523514872469,4.705413329809395,-0.32088981493692614
4.454347296253507,4.244202436818074,0.2101448594354336
4.976733742420574,4.960689642134581,0.01604410028599279
5.931581837506605,5.779512672187335,0.15206916531927028
4.465908118654584,4.295233676070931,0.17067444258365239
4.980588372743959,5.380329384144152,-0.39974101140019247
4.6443908991413725,4.699787305209475,-0.0553964060681027
5.184588601219693,5.037290774489296,0.14729782673039704
5.2574953720277815,4.971160745670713,0.2863346263570685
5.906723318652891,5.670369252924811,0.23635406572808026
5.588334211296536,5.310627864609696,0.27770634668684036
4.77912349311153,4.528912684986575,0.25021080812495455
5.552959584921617,5.6361949544564665,-0.08323536953484911
5.262690188904886,5.424450063832383,-0.16175987492749755
4.68213122712422,4.646994738116856,0.03513648900736399
5.763622475012218,5.873792848324221,-0.11017037331200363
4.430816798843313,4.270266922507069,0.16054987633624407
4.294969802105708,4.455818152684085,-0.16084835057837665
7.225814386792591,7.2754613928419145,-0.04964700604932393
4.417152436649256,4.745505277960029,-0.3283528413107728
4.51085950651685,4.6687891268016,-0.15792962028475
3.4011973816621555,3.2461326551497978,0.1550647265123577
5.133265820919036,5.7055286195962065,-0.5722627986771709
4.394449154672439,4.458101356710585,-0.06365220203814559
5.486455308663431,5.660872353553706,-0.17441704489027465
6.5988495700787295,6.535001222354505,0.06384834772422465
4.795790545596741,4.917148317612963,-0.12135777201622133
3.4339872044851463,4.0430370213737055,-0.6090498168885592
5.955837369464831,5.8809677577544885,0.07486961171034245
5.351858133476067,5.312466839148441,0.03939129432762556
5.602118820879701,5.7960947746465825,-0.19397595376688148
5.570251082031678,5.511838197549451,0.05841288448222759
4.388257184424518,4.252976557696999,0.13528062672751862
5.111987788356544,5.066408667706761,0.045579120649782645
3.9611940494345954,4.2238477008396815,-0.2626536514050861
5.652489180268651,5.649296053229609,0.003193127039041954
4.709530201312334,4.680691443063845,0.02883875824848925
4.018183201256536,3.968868635105159,0.04931456615137719
6.223567839793664,6.228137768927407,-0.004569929133743322
4.532599493153256,4.357276172106022,0.1753233210472347
5.421861552639491,5.419772606221455,0.0020889464180360307
4.382026634673881,4.245710950439691,0.13631568423418994
4.418840607796598,4.190952862646594,0.22788774515000387
4.007333185232471,3.946622312480411,0.06071087275206022
5.278114659230517,5.614990604836121,-0.3368759456056045
5.120983351265121,5.179647114328111,-0.058663763062989815
5.932245187448011,6.216762430529993,-0.28451724308198223
3.6635616461296463,3.958316808510594,-0.2947551623809477
4.189654742026425,4.545291854485801,-0.3556371124593758
7.101675971619444,6.059613659708733,1.042062311910711
5.2390980068880655,5.12177383421001,0.11732417267805584
5.206914543074693,5.415489699513646,-0.20857515643895308
5.539300835990577,5.552507590871631,-0.01320675488105394
4.099497927462895,4.1508593323793415,-0.05136140491644614
5.993961427306569,4.316072435298489,1.6778889920080804
4.8629083820668,5.073161112356323,-0.21025273028952274
6.874456993580623,6.419643544655955,0.4548134489246678
6.042632833682381,6.0979504367667605,-0.055317603084379385
4.7155480934577,4.590070862977028,0.12547723048067194
4.330733340286331,4.8481998441650695,-0.5174665038787385
5.091108678246132,4.973279747500657,0.11782893074547562
5.052224993855419,5.124438918949534,-0.07221392509411473
4.276666119016055,4.435131681899404,-0.15846556288334845
5.654242029096065,5.675698078508071,-0.02145604941200574
5.1647859739235145,5.185295153548676,-0.020509179625161522
3.917806250183873,4.046856513184603,-0.12905026300073041
5.14049328135447,4.949924015880296,0.1905692654741733
5.638354669333745,5.630790107212157,0.007564562121588736
4.499809670330265,4.440004098784791,0.059805571545473946
5.627621113690637,5.825542832564865,-0.19792171887422771
3.9318256327243257,4.386665465776995,-0.45483983305266884
6.125776884715576,6.066896427963755,0.05888045675182063
5.634789603169249,5.6375646108407445,-0.002775007671495189
5.968707559985366,5.978855941101102,-0.010148381115736349
5.3917621712579,5.062941505733994,0.32882066552390654
5.507767590730244,6.050420360198235,-0.542652769467991
5.198497031265826,5.10583974639406,0.09265728487176617
5.267858159063328,5.32501705833515,-0.05715889927182172
5.676753802268282,5.735609232383006,-0.058855430114724605
5.981414211254481,5.90245111875585,0.07896309249863087
5.409411414053624,5.496586283705845,-0.08717486965222143
5.680172609017068,5.715526996152004,-0.03535438713493644
4.709530201312334,5.287974672129255,-0.5784444708169207
4.882801922586371,4.9987332451767825,-0.11593132259041194
5.583496308781699,5.664447186377198,-0.08095087759549902
5.375278407684165,5.326193057000584,0.04908535068358155
6.401917196727186,6.444065262967267,-0.04214806624008105
6.598509028614515,5.620385914622427,0.9781231139920878
5.536034209711707,5.42029158904162,0.1157426206700869
5.908979275469038,5.786890379746945,0.12208889572209358
4.069026754237811,3.8290725130978767,0.23995424113993424
7.144935848759717,6.507481424136072,0.6374544246236447
3.8753590210565543,3.8223114942421503,0.053047526814403945
5.969985515430857,5.717417460858746,0.2525680545721114
3.8772244998854495,3.813865996169703,0.06335850371574647
4.007333185232471,4.5760222736847,-0.5686890884522287
4.633757642840004,5.135401526467571,-0.5016438836275672
4.68213122712422,4.970249887337321,-0.28811866021310095
3.9889840465642745,4.152132616158002,-0.16314856959372737
4.543294782270004,4.5100688844041,0.03322589786590413
6.225548038460526,6.104721674939957,0.1208263635205693
4.6443908991413725,4.766309461929512,-0.12191856278813962
4.31748811353631,4.30272032599048,0.014767787545830302
5.000584958242754,4.871124403421183,0.1294605548215717
5.2049403170427375,5.572310359349523,-0.3673700423067858
5.918893854273146,6.261053649154169,-0.3421597948810229
5.247024072160486,5.310969424945938,-0.06394535278545188
5.303304908059076,5.234327545576149,0.06897736248292663
6.395261598115449,5.737852040407605,0.6574095577078438
4.724108110059605,4.941875380219742,-0.2177672701601372
6.174827228410347,6.029937993778613,0.14488923463173453
5.135798437050262,5.391585233059065,-0.2557867960088025
5.368309738368072,5.451446936206198,-0.08313719783812612
5.335131339670753,5.341997414236894,-0.006866074566140412
4.878930803098828,4.935758065777797,-0.056827262678969426
6.085250839112145,6.024893850151269,0.06035698896087638
4.852030263919617,4.873154334816598,-0.021124070896981095
5.6577385361547945,5.693445664838502,-0.03570712868370762
3.4763048541489607,3.213196040564839,0.26310881358412175
5.318119993844216,5.2670304341222565,0.05108955972195961
5.529667154409346,5.6853909594610545,-0.1557238050517089
5.166213525914699,5.152839847348229,0.013373678566470204
4.553876891600541,4.416711556328172,0.13716533527236852
4.226979720014808,4.052690936174562,0.17428878384024582
6.478509642208569,6.704368724238776,-0.22585908203020733
6.323462503334274,6.5328566006964515,-0.2093940973621775
4.994980054485683,5.130483872298545,-0.1355038178128627
3.7766613674974696,3.829687757873242,-0.05302639037577217
6.606920419952056,6.108853838520511,0.49806658143154525
5.75890177387728,5.825989423529326,-0.06708764965204583
6.034284544290911,6.071496987029095,-0.03721244273818325
4.976733742420574,4.870432065896467,0.10630167652410716
5.828945617610208,6.235741090250855,-0.4067954726406464
5.83627165770228,5.821138489087123,0.015133168615157011
5.464890566373852,5.5763636471146265,-0.11147308074077422
4.30406509320417,4.422663386263195,-0.11859829305902458
5.160318868390746,5.6005094949584775,-0.44019062656773134
4.745975062579112,4.872765238620119,-0.1267901760410064
4.276666119016055,4.186515098687336,0.09015102032871969
4.477336814478207,4.564304569776531,-0.0869677552983239
3.977061401607368,3.807004266474144,0.17005713513322407
3.9318256327243257,4.396207598348808,-0.46438196562448253
5.607638614103299,5.2552408269407325,0.3523977871625661
5.19295685089021,5.146327138336077,0.046629712554133285
4.31748811353631,4.233549375194293,0.0839387383420167
5.599606442406034,5.706817086120229,-0.10721064371419509
5.718112638964356,5.58287836445371,0.13523427451064585
4.844187086458591,4.680058938540531,0.16412814791805985
4.410371107683024,4.320489163781727,0.08988194390129678
5.879135362134062,5.77380232862103,0.10533303351303225
5.4510384535657,5.516858860023344,-0.06582040645764398
5.486869473092628,5.796730910526001,-0.3098614374333737
5.472270673671475,5.481006063176505,-0.008735389505029723
4.68213122712422,4.228599836993837,0.453531390130383
7.048386408721883,6.68881503493846,0.35957137378342274
4.814863689577897,4.321999895052829,0.4928637945250678
4.697202271434585,4.629325477942439,0.06787679349214581
5.0238805208462765,5.001069185460246,0.022811335386030862
4.23410650459726,4.303505146156449,-0.0693986415591894
6.303168275401672,6.459675605195494,-0.15650732979382287
5.19295685089021,5.298042910059144,-0.10508605916893377
4.7535901911063645,4.813287725792785,-0.05969753468642036
5.0238805208462765,5.227780577423355,-0.2039000565770781
4.835726197017755,4.852535007480753,-0.016808810462998203
5.062595033026967,4.832610960416686,0.2299840726102813
6.278521424165844,6.2002254364335085,0.0782959877323357
6.190315405853148,6.056902379219336,0.1334130266338125
5.942799375126701,5.897108311687252,0.04569106343944895
5.755742213586912,5.715254158151009,0.040488055435903725
5.5093883366279774,5.425673402712715,0.08371493391526208
4.492673154760945,3.9404379847951363,0.552235169965809
5.87493073085203,5.86418031794761,0.010750412904420692
5.062595033026967,5.1256477023762965,-0.06305266934932963
5.182906515036709,5.162324930065128,0.020581584971581357
3.912023005428146,3.9816210226179938,-0.06959801718984782
5.368309738368072,5.246472407272649,0.12183733109542239
3.871201010907891,3.9933292311367437,-0.1221282202288525
4.248495242049359,4.486667510526923,-0.23817226847756334
5.499215308914927,5.637658273485778,-0.13844296457085115
5.828945617610208,5.80009016642769,0.028855451182518088
4.851248708584797,4.57799696032219,0.2732517482626067
4.418840607796598,4.493138339690198,-0.07429773189359956
5.062595033026967,5.146258083296936,-0.08366305026996912
4.634728988229636,4.984987274975641,-0.3502582867460049
4.7535901911063645,4.756012311583719,-0.0024221204773544613
5.181783550292085,5.251541795854995,-0.06975824556290977
6.51025834052315,6.552595263373915,-0.04233692285076529
5.2574953720277815,5.160682961550748,0.0968124104770336
4.430816798843313,4.3380795564726755,0.09273724237063785
5.796057750765372,5.856017111830423,-0.05995936106505084
4.310799125385514,4.404700951837666,-0.09390182645215184
4.68213122712422,4.580924863009891,0.10120636411432926
5.424950017481403,5.323107676434042,0.10184234104736056
4.418840607796598,5.211666846802376,-0.7928262390057776
5.176149732573829,5.27205213426686,-0.09590240169303144
6.291939441358515,6.498719773128057,-0.2067803317695418
5.722506088654304,5.777220577875361,-0.05471448922105626
4.51085950651685,4.264679083978108,0.24618042253874162
3.9889840465642745,4.023088615164625,-0.03410456860035005
5.335950281354887,5.216252423410366,0.11969785794452115
3.9318256327243257,4.0311868607767956,-0.09936122805246983
4.330733340286331,4.817895708593755,-0.4871623683074242
4.61512051684126,4.59730207577124,0.01781844107001973
6.092440464447984,5.962114217182684,0.13032624726529995
4.962844630259907,4.826700817912599,0.1361438123473082
4.721618998631338,4.735425240046279,-0.013806241414941134
5.435162014275881,5.353308592729499,0.08185342154638153
5.0238805208462765,4.793178645394309,0.23070187545196763
4.584967478670572,4.541615097011683,0.043352381658888994
6.029073384964899,5.990933340751381,0.038140044213518465
3.93963817246112,4.5080342101148005,-0.5683960376536805
5.887491956725004,6.028764675099255,-0.14127271837425148
5.241747015059643,5.168263602927288,0.07348341213235443
5.198497031265826,5.2991451209226375,-0.10064808965681138
5.616771097666572,5.604773595925458,0.011997501741113581
4.394449154672439,4.3206780802842575,0.07377107438818165
4.43473767358655,4.740325000970353,-0.3055873273838028
5.602118820879701,5.557093436725047,0.045025384154653736
4.749270529961848,4.753875460135258,-0.004604930173409905
6.195629131824389,6.260489232912419,-0.06486010108802986
4.07753744390572,4.422498070154252,-0.3449606262485325
4.990432586778736,4.931065655350946,0.059366931427789815
5.583496308781699,5.482030927567228,0.1014653812144708
5.902633333401366,6.150164391088213,-0.2475310576868468
4.02535169073515,3.762907816016733,0.26244387471841657
5.008967236995559,4.996215733289941,0.012751503705618283
5.006158622069178,5.0883358315674325,-0.08217720949825491
4.663439094112067,4.662863485735996,0.0005756083760708464
5.788429948716486,5.580462473553136,0.20796747516334957
6.284302057423182,6.120862393599742,0.1634396638234401
4.584967478670572,4.501117634139104,0.0838498445314686
5.351858133476067,5.371891025732293,-0.02003289225622673
5.955837369464831,5.886927104546996,0.06891026491783503
5.6993392849588265,5.673579726921421,0.025759558037405483
3.938275376572212,4.402940004537071,-0.4646646279648592
4.6443908991413725,4.748833641791408,-0.10444274265003539
5.278114659230517,5.639413550011661,-0.3612988907811445
5.908082938168931,5.870328232388904,0.03775470578002693
4.875197323201151,4.767120639526014,0.10807668367513745
5.247024072160486,5.310601629467612,-0.06357755730712622
3.970291913552122,4.715583370337564,-0.7452914567854418
5.638354669333745,5.651382705746636,-0.013028036412890742
5.899897353582492,5.751062322656726,0.148835030925766
4.605170185988092,4.563079941423919,0.04209024456417243
4.695924549256556,4.7404385453160485,-0.04451399605949291
4.812184355372417,4.765586395598583,0.046597959773833963
5.8944028342648505,5.846068951719168,0.04833388254568227
4.442651256490317,4.156748793877426,0.2859024626128903
3.80666248977032,4.090905878702628,-0.28424338893230816
4.948759890378168,4.838219991323921,0.11053989905424721
4.51085950651685,4.49829362913765,0.012565877379199897
5.616771097666572,5.432571066388942,0.18420003127762996
5.673323267171493,5.614704958633518,0.058618308537974784
5.559141984829935,5.502415346967995,0.05672663786194043
5.342334251964811,5.443302226726817,-0.10096797476200603
5.846438775057725,5.955457079828588,-0.1090183047708635
5.424950017481403,5.408607859196695,0.016342158284707864
5.800606659291741,6.019184959235309,-0.2185782999435677
4.39197696552705,4.309433099723909,0.08254386580314055
5.284877454181334,5.101496978518475,0.18338047566285898
5.803627809625917,5.737149246384616,0.06647856324130075
4.22829253473184,4.684436914002455,-0.456144379270615
6.670347982403978,6.642870230942705,0.02747775146127296
4.960534271126723,4.73618013152881,0.22435413959791273
5.786897381366708,5.814403480157037,-0.027506098790329503
5.964863865310803,6.081671218365042,-0.11680735305423884
4.697749367281185,4.924647595026687,-0.22689822774550183
5.730099782973574,5.878577569185021,-0.1484777862114468
3.9889840465642745,4.065453102902407,-0.07646905633813272
5.187385805840755,5.172577133365794,0.014808672474960538
6.113682179832232,5.917769936416708,0.19591224341552405
5.37989735354046,5.268552413579627,0.11134493996083261
5.552959584921617,5.4507096506136925,0.10224993430792484
4.672828834461906,4.650646355605598,0.02218247885630742
4.858338450407997,5.291357112598664,-0.4330186621906673
6.318968113746434,6.5023759000624315,-0.18340778631599708
6.114787763139981,6.169511087470545,-0.05472332433056426
4.691347882229144,4.735536953910061,-0.04418907168091657
6.672032945461067,6.449828021706734,0.2222049237543331
4.04305126783455,4.299502121587799,-0.2564508537532486
4.658710952916121,4.7537995676966,-0.09508861478047859
4.371092069621102,4.730680297228831,-0.35958822760772957
5.572154032177765,5.631914704124455,-0.0597606719466901
5.955837369464831,5.913315446013724,0.04252192345110739
4.68213122712422,4.519841250959927,0.16228997616429286
4.61512051684126,4.580264309403395,0.03485620743786466
5.918356075287344,6.002346712274008,-0.08399063698666431
5.305789381386738,5.257864949114388,0.04792443227235044
4.23410650459726,4.225875628034142,0.008230876563117384
3.828641396489095,3.8840839116138106,-0.05544251512471554
5.247024072160486,5.2251919140900105,0.02183215807047567
5.8971538676367405,5.886469488095677,0.010684379541063826
4.0943445622221,4.080619059286146,0.013725502935954204
4.774912960575186,4.853386548814676,-0.0784735882394898
6.213267199819351,6.269258919413345,-0.05599171959399385
5.509023897758564,5.531324355074092,-0.02230045731552721
5.296666003798806,5.4403937569668095,-0.14372775316800368
5.228431239083871,5.11737778364729,0.11105345543658185
5.72194977861165,5.567813705342329,0.15413607326932155
5.2574953720277815,5.1968749342792036,0.06062043774857795
4.747797584237848,4.440957792240085,0.30683979199776257
5.181783550292085,5.169639375656285,0.012144174635800198
4.470724089435168,4.36658798102483,0.10413610841033805
4.51085950651685,4.683229030280567,-0.1723695237637175
4.110873864173311,4.201564096137642,-0.09069023196433079
5.613857767128214,5.4070459895601335,0.20681177756808022
5.771441123130016,5.687350571308709,0.08409055182130665
5.115595729732743,4.951570982895646,0.16402474683709656
4.5217885770490405,4.254773783740831,0.2670147933082099
5.116015809554085,4.904029286855858,0.21198652269822738
3.918005077105693,4.306360569278872,-0.3883554921731789
6.342121418721152,6.373255403320422,-0.031133984599270192
4.248495242049359,4.639399651097559,-0.3909044090481997
5.111987788356544,5.238850627986759,-0.12686283963021516
5.697093486505405,5.731047357955505,-0.03395387145009998
4.568817356522293,4.705886214574768,-0.13706885805247548
3.9889840465642745,4.199441983156817,-0.21045793659254208
4.02535169073515,4.024524265011103,0.0008274257240463712
3.960813169597578,3.8680914064370255,0.09272176316055258
6.275383297136651,6.417134344788761,-0.14175104765211
4.189654742026425,4.243117999335384,-0.053463257308958845
4.985317486111966,4.837922083008046,0.1473954031039204
4.574710978503383,4.535271579416124,0.03943939908725902
4.627420794922911,5.072222310365967,-0.44480151544305535
4.189654742026425,4.051413574113386,0.13824116791303886
5.201641254282576,5.35319107540367,-0.15154982112109394
5.14166355650266,5.205975188933173,-0.06431163243051241
4.330733340286331,4.308101125644099,0.02263221464223175
6.064947323867785,6.033111774502399,0.03183554936538613
5.671603576291966,5.779848739687416,-0.10824516339544932
4.993692573365943,5.09113153999884,-0.09743896663289675
4.624972813284271,4.488926153393019,0.1360466598912513
5.407171771460119,5.74940390127348,-0.34223212981336104
5.633002292595154,5.749743887727339,-0.11674159513218552
5.407171771460119,5.144230744912144,0.262941026547975
5.554895693948484,5.044004845649284,0.5108908482991996
4.127134385045092,4.237585107145321,-0.11045072210022955
5.629418059367339,5.577049991395311,0.05236806797202753
5.27556037942542,5.294220081889141,-0.018659702463720507
5.14166355650266,4.724579459709359,0.4170840967933014
4.787491742782046,4.142532425635029,0.6449593171470172
4.382026634673881,4.334066901993323,0.04795973268055853
6.119197913617533,6.108549988908577,0.010647924708956147
4.606469341719712,4.691739679980431,-0.08527033826071939
6.095824562432225,6.067789212098557,0.028035350333667886
4.7535901911063645,4.730106425459959,0.02348376564640553
5.420534999272286,5.343303653535262,0.07723134573702417
6.029073384964899,6.009505396088956,0.019567988875943243
4.51085950651685,4.361156349820594,0.14970315669625567
4.492337377713747,4.4476642258134085,0.04467315190033894
5.37805233456689,5.811634686168303,-0.43358235160141323
5.783825182329737,5.786052559570686,-0.0022273772409491244
5.564520407322694,5.8444403086091254,-0.27991990128643174
5.06050424124939,5.184927485078359,-0.12442324382896874
4.480626850913491,4.457017908772815,0.023608942140675993
6.279065366258803,6.52748621550295,-0.2484208492441473
5.6507332535663855,5.290814682892968,0.35991857067341737
5.0369526024136295,5.021040534772356,0.015912067641273175
4.243769809042028,4.638751285782477,-0.3949814767404485
5.293304824724492,5.308468163711042,-0.015163338986549313
5.071416766356115,5.837817682236203,-0.7664009158800882
4.499809670330265,4.469847960147255,0.029961710183010304
4.0943445622221,4.295864535108279,-0.20151997288617896
4.276666119016055,4.42209999572748,-0.14543387671142494
5.303304908059076,5.143345532198117,0.15995937586095899
3.900962058068721,4.261801900254158,-0.3608398421854364
5.6185876285929695,5.553721996580562,0.06486563201240703
5.628987086799254,5.727273219412147,-0.09828613261289298
4.624972813284271,4.218581192709154,0.4063916205751168
6.480044561926653,6.737853143357398,-0.25780858143074514
5.923373054970863,6.3310366648668825,-0.40766360989601935
5.941486177301741,5.784322238881562,0.15716393842017862
5.135268885097667,5.098163345171197,0.037105539926470144
5.278114659230517,5.326363877720851,-0.04824921849033448
4.624972813284271,4.70956198911947,-0.08458917583519909
5.344723739362192,5.0706606425477645,0.27406309681442753
4.189654742026425,4.367426002184375,-0.1777712601579502
4.330733340286331,4.28747617161583,0.04325716867050122
6.218600119691729,5.098757626989443,1.1198424927022863
4.021415382199343,4.140378132685988,-0.11896275048664506
4.61512051684126,4.700689019375929,-0.0855685025346693
5.337538079701318,5.245607749490294,0.09193033021102348
4.004784485509457,4.092733084231588,-0.08794859872213046
5.204006687076795,5.004690960322489,0.19931572675430598
4.1640260854229085,4.274575562538535,-0.11054947711562679
4.624972813284271,4.730287161567437,-0.10531434828316666
5.308267697401205,5.432475428423383,-0.12420773102217808
6.253251722014396,5.532489700131396,0.720762021883
5.351858133476067,5.601103322127408,-0.24924518865134093
5.41610040220442,5.48503554882336,-0.06893514661893985
5.198110216131005,5.2329020321550885,-0.03479181602408321
5.302309387817574,5.354609191569834,-0.052299803752259955
3.713572066704308,3.8708014674943243,-0.15722940079001635
4.668989698701045,5.265688138185592,-0.5966984394845465
5.043425116919247,4.963628086615718,0.0797970303035287
6.084499413075172,5.9702857683120225,0.11421364476314988
3.713572066704308,3.9177831758140305,-0.2042111091097225
4.143134726391533,4.144213556332967,-0.0010788299414343783
4.466252886801422,4.741983700308717,-0.27573081350729467
5.802118375377063,5.811222900343447,-0.00910452496638392
6.019809020117124,6.173901778287353,-0.15409275817022827
6.085250839112145,6.011964919618784,0.07328591949336172
4.406719247264253,4.366042135227962,0.040677112036290985
4.795790545596741,4.699480935315922,0.09630961028081941
4.290459441148391,4.634268074644623,-0.3438086334962325
4.691347882229144,5.030506643315333,-0.33915876108618903
4.93806460126142,4.972496127353794,-0.034431526092373765
6.020610642838686,5.709803454811931,0.31080718802675467
5.427150238391005,5.508823315010272,-0.08167307661926682
4.885298802784958,4.891722720282945,-0.006423917497986764
5.634789603169249,5.384616808816374,0.2501727943528751
4.031227252906622,4.364582081309833,-0.33335482840321085
5.206750173022546,5.195244569439737,0.011505603582809165
5.768945800562614,5.842362450584531,-0.07341665002191711
5.214935757608986,5.148017896551964,0.06691786105702224
3.960813169597578,3.7234675374689457,0.23734563212863247
4.990432586778736,4.919327121545388,0.07110546523334804
4.787491742782046,4.892627472113154,-0.10513572933110815
6.163314804034641,6.19350789295971,-0.03019308892506878
3.951243718581428,3.867982623348985,0.08326109523244307
4.110873864173311,4.125144602393072,-0.01427073821976066
5.120983351265121,5.195410814545883,-0.07442746328076222
5.793013608384144,5.9481878096495215,-0.1551742012653774
4.7535901911063645,4.8903801301367995,-0.13678993903043501
5.404927101606295,5.3289007543377975,0.07602634726849722
5.095711466451375,5.101832651428631,-0.006121184977256
5.420534999272286,5.547576489279144,-0.1270414900068575
4.356708826689592,4.380540868010441,-0.023832041320849484
5.545177444479562,5.424400949568884,0.12077649491067799
5.846438775057725,5.68845464208614,0.15798413297158476
5.173320876373351,5.17427630958118,-0.0009554332078289818
7.225814386792591,6.990972887763652,0.23484149902893847
4.787491742782046,5.012388735477773,-0.2248969926957276
5.472270673671475,5.0926754274822486,0.37959524618922647
5.627621113690637,5.685391654341977,-0.05777054065134024
5.342334251964811,4.970811908557349,0.37152234340746215
3.8501476017100575,4.594700165024437,-0.7445525633143797
3.9889840465642745,3.9441785845224313,0.044805462041843214
5.811140992976701,5.737369459320373,0.07377153365632783
5.262690188904886,5.180707824500441,0.0819823644044444
5.472270673671475,5.091419382861379,0.38085129081009583
4.59511985013459,4.569332127789968,0.025787722344621677
5.147494476813453,5.166871842791916,-0.019377365978463068
4.330733340286331,4.410540293897047,-0.07980695361071621
5.968707559985366,5.970577479792953,-0.00186991980758755
4.276666119016055,4.248153311793068,0.028512807222987213
5.093750200806762,4.971399252759315,0.12235094804744762
6.0394686881564486,5.9431117781064815,0.09635691004996705
5.705447753975262,5.639292554822919,0.0661551991523428
4.854137417311759,4.937332046154872,-0.08319462884311335
5.041617031704984,5.184762753978678,-0.14314572227369382
4.5290447955986,4.411550681244859,0.11749411435374135
4.31748811353631,4.58803466850497,-0.27054655496865987
5.802118375377063,5.8962195558973125,-0.09410118052024963
5.902633333401366,5.9483111544742995,-0.04567782107293361
5.10594547390058,5.064501864517268,0.04144360938331193
6.0184958861590125,5.937515060933393,0.08098082522561967
4.07753744390572,3.9384492018566797,0.13908824204904002
5.064681462513343,4.872594645924403,0.19208681658894022
5.426710581316436,5.380618683442957,0.046091897873479226
4.736198448394496,4.741010087348483,-0.004811638953987618
4.804021044733257,4.86867171734729,-0.06465067261403323
5.617970378242053,5.7334278487984,-0.11545747055634692
5.308267697401205,5.289516533287801,0.018751164113403718
5.303304908059076,5.362605618310471,-0.05930071025139494
3.555348061489413,4.1661213998870075,-0.6107733383975944
6.069582326371934,6.014084964898092,0.055497361473842766
4.5217885770490405,4.560947052293462,-0.039158475244421176
5.569298247276406,5.472521494104589,0.09677675317181755
4.840242308167575,4.757088024634218,0.08315428353335719
5.389071729816501,5.687661110971999,-0.29858938115549805
4.934473933130692,4.892871216422713,0.041602716707979326
6.890609120147166,6.4746263763569605,0.41598274379020594
5.132262782217954,5.039994906613647,0.09226787560430694
5.017279836814924,5.503549882304272,-0.4862700454893476
5.440250862436703,5.351233972069087,0.08901689036761606
5.41164605185504,5.3314263777565305,0.08021967409850994
5.61633463879589,5.68138676467588,-0.06505212587998965
5.68697535633982,5.842750724964546,-0.15577536862472563
4.865069877427421,4.855793662412235,0.00927621501518594
5.757860222186865,5.817760568561692,-0.05990034637482644
6.111467339502679,5.983443774133684,0.12802356536899495
5.867883485336628,5.9683876980133075,-0.10050421267667975
5.948034989180646,5.832099344755151,0.11593564442549464
4.770684624465665,4.513271875781476,0.25741274868418884
6.111467339502679,5.474861139385255,0.6366062001174235
4.952299717083292,4.987951246805209,-0.03565152972191665
5.736572297479192,5.216890255463748,0.519682042015444
5.564520407322694,5.498944180223281,0.06557622709941313
6.128330997240632,6.327449980411109,-0.19911898317047694
5.420534999272286,5.353608419679539,0.06692657959274761
4.836281906951478,4.901302676637806,-0.06502076968632764
4.686750172980514,4.581104489535083,0.1056456834454309
5.44673737166631,5.41854859861154,0.028188773054769634
4.867534450455582,5.001372256337915,-0.13383780588233307
5.101876601193199,4.317350220406368,0.784526380786831
5.350672596881965,5.444956873359395,-0.09428427647743032
6.128178370423804,6.121280028218164,0.006898342205639452
5.330784556685538,5.391538862252462,-0.06075430556692396
5.375278407684165,5.478429102115714,-0.103150694431549
4.51085950651685,4.280140183426318,0.23071932309053178
5.749392985908253,5.947451075465087,-0.19805808955683357
4.465908118654584,4.557836621919934,-0.09192850326535051
3.737669618283368,3.767153815901787,-0.029484197618419028
5.2832037287379885,5.242772216522578,0.040431512215410415
5.802118375377063,5.632905188874689,0.1692131865023736
5.298317366548036,5.2507486875101135,0.047568679037922834
4.133565275375382,4.305808959246851,-0.1722436838714687
5.84354441703136,5.823401185901622,0.02014323112973848
6.017692565724863,5.900169692738099,0.1175228729867639
4.246350085702971,4.202019658794519,0.04433042690845124
5.462432521400004,5.265574177977494,0.19685834342250974
5.517452896464707,5.997632774997343,-0.48017987853263566
6.580639137284949,6.815973793921748,-0.2353346566367991
4.864452783918174,5.193594957020992,-0.32914217310281835
5.030437921392435,5.140385005274747,-0.10994708388231178
5.638354669333745,5.707757500318097,-0.06940283098435174
4.474263916140292,4.330288678956969,0.14397523718332295
5.2574953720277815,5.740144581205813,-0.48264920917803167
5.619567184968573,5.800787844771821,-0.1812206598032482
4.037244970181528,4.2309060341883455,-0.19366106400681726
5.575191240283214,5.525072993443885,0.05011824683932886
4.330733340286331,4.381210009588921,-0.05047666930258998
4.51085950651685,4.36946587809422,0.14139362842262937
5.709797680310989,5.726822418295231,-0.017024737984241867
4.912654885736052,4.8371338532797115,0.0755210324563409
4.4942386252808095,4.194999392460202,0.29923923282060727
5.698200256359968,5.638638843332753,0.05956141302721463
5.0466457316192885,4.959650427191206,0.08699530442808268
3.935934825474459,4.11572124777354,-0.17978642229908104
4.068171687918078,3.9600303496042106,0.10814133831386696
5.541263545158426,5.609846988889381,-0.06858344373095537
5.068904202220232,5.009623256050957,0.059280946169275595
4.505349850705881,4.508440837949562,-0.003090987243681731
6.68586094706836,6.652131087604252,0.033729859464108
4.204692619390966,4.134607040565403,0.07008557882556232
5.897703167293508,5.20839956204134,0.6893036052521682
6.100968964931138,5.972690179667331,0.12827878526380676
6.83087423464618,6.758738125836913,0.0721361088092678
5.993961427306569,5.656847331184627,0.3371140961219421
6.7226297948554485,6.888150540000148,-0.1655207451446996
4.56954300834494,4.6433843531775345,-0.0738413448325943
5.616771097666572,5.229638988295189,0.3871321093713824
5.41164605185504,5.435740101182008,-0.024094049326967237
5.66988092298052,5.612480360356601,0.05740056262391846
5.602118820879701,5.607955911840128,-0.0058370909604272825
4.653960350157523,4.451522036863701,0.2024383132938219
6.222576268071369,6.011352601530051,0.21122366654131763
4.490881039585964,4.192956974705322,0.2979240648806414
4.870453263496393,5.034693503281052,-0.16424023978465918
4.844187086458591,4.667314632162245,0.1768724542963458
4.628300603376946,4.496225118210839,0.1320754851661068
5.664695085948154,5.611665355143349,0.05302973080480555
6.010458023600516,6.009350031203666,0.0011079923968502214
5.4638318050256105,5.504676570796501,-0.040844765770890135
5.236441962829949,5.214380918570365,0.022061044259584328
5.537334267018537,5.591469816332087,-0.05413554931355069
5.495116942522644,5.654133367285574,-0.15901642476293
5.860786223465865,5.475292796317128,0.38549342714873713
5.170483995038151,5.173650227208,-0.0031662321698489038
6.660254996163188,6.6781180097840185,-0.01786301362083087
5.25227342804663,5.29278467352534,-0.04051124547870977
5.018934096910951,5.013567558325685,0.005366538585265701
5.093750200806762,5.060293094585089,0.03345710622167353
4.983606621708336,5.103616086572934,-0.12000946486459796
5.564520407322694,5.59380878686193,-0.029288379539236686
5.697093486505405,5.9456633620283625,-0.24856987552295795
6.021023349349527,6.169654781830724,-0.14863143248119748
4.700480365792417,5.118650562213965,-0.4181701964215483
5.657982834409276,5.703256828373923,-0.045273993964646486
6.233763457461933,6.034704439559702,0.1990590179022309
4.454347296253507,4.57282932335906,-0.11848202710555267
3.887935209899056,4.113262810131048,-0.22532760023199216
5.173320876373351,5.080363693653405,0.09295718271994602
4.330733340286331,4.386456645381573,-0.055723305095241926
3.957569820384117,4.173902103224786,-0.21633228284066908
5.117993812416755,4.464788838822592,0.6532049735941632
4.77912349311153,4.859885469573033,-0.08076197646150352
5.525452939131784,5.550195236145754,-0.024742297013969683
4.456670177669648,4.223046077468047,0.23362410020160063
5.420534999272286,5.299041271890144,0.12149372738214215
5.455321115357702,5.415749201389804,0.03957191396789739
5.382198850528739,5.386184220759445,-0.003985370230705776
5.594711379601839,5.681939125408391,-0.08722774580655202
4.23410650459726,4.248784331918785,-0.014677827321524894
5.786467841274809,5.907005523286331,-0.12053768201152248
4.564348191467836,4.580119042811027,-0.01577085134319134
4.499809670330265,4.443312556895913,0.05649711343435193
5.574053367981417,5.544340092752797,0.02971327522862044
4.875197323201151,4.8075782930389925,0.06761903016215864
5.977872593588515,5.967384556293523,0.010488037294991592
5.60947179518496,5.601715274363154,0.007756520821805779
4.069026754237811,4.163678628551974,-0.09465187431416311
4.912654885736052,5.127632494502836,-0.21497760876678385
5.854670695589989,5.79605224888136,0.05861844670862837
5.860786223465865,5.788260691625902,0.0725255318399638
3.8501476017100575,4.260579359008812,-0.41043175729875436
5.484796933490655,5.521218215508487,-0.03642128201783201
5.453867067289003,5.477173447465187,-0.023306380176184582
4.852030263919617,4.65282985822991,0.19920040568970698
4.406719247264253,4.406304538803006,0.00041470846124713745
5.82600010738045,5.642763995513415,0.1832361118670347
5.886104031450156,5.838140615455399,0.047963415994757064
5.993961427306569,6.012731282505299,-0.018769855198729424
5.017279836814924,5.113104961776802,-0.09582512496187778
6.42648845745769,6.483406200496727,-0.05691774303903685
5.707110264748875,5.670588509083359,0.03652175566551641
4.356708826689592,4.420357675518895,-0.06364884882930344
6.126869184114185,5.973355208784777,0.15351397532940858
6.028278520230698,5.963135451284623,0.06514306894607458
5.153291594497779,4.18410192116425,0.9691896733335295
4.770684624465665,4.86298407164164,-0.09229944717597505
5.527442989539794,5.58367176802833,-0.0562287784885358
6.452569323753487,6.547523864959632,-0.09495454120614522
4.30406509320417,4.173071590656112,0.13099350254805842
4.955827057601261,4.972655505197393,-0.016828447596132
5.073359670668218,5.100454590432639,-0.02709491976442102
5.170483995038151,4.9403118167320645,0.23017217830608683
5.1647859739235145,5.123612147819773,0.04117382610374154
5.934020798446277,6.034202233717726,-0.1001814352714483
7.225814386792591,4.757370632560454,2.468443754232137
4.51085950651685,4.535481490296997,-0.024621983780146905
5.780743515792329,5.853892193924567,-0.07314867813223813
6.323910833312642,6.465321965627297,-0.14141113231465496
5.863631175598097,6.087133382154469,-0.22350220655637187
4.77912349311153,4.794753958746653,-0.01563046563512316
4.189654742026425,4.077029372481175,0.11262536954524993
2.5664866367804238,2.984626446003322,-0.41813980922289806
5.313205979041787,5.288186294908464,0.025019684133322784
3.828641396489095,3.8079954284458593,0.02064596804323582
5.619494658133612,5.487714621386002,0.1317800367476103
5.159055299214529,4.973138030508372,0.18591726870615677
4.836281906951478,4.9232514133679475,-0.0869695064164695
4.868764462910782,4.250733621224016,0.6180308416867666
5.817111159963204,5.806695281742914,0.010415878220290331
4.189654742026425,4.378838711656336,-0.18918396962991046
5.817111159963204,5.92683698249734,-0.10972582253413599
4.927253685157205,4.8187577090890725,0.10849597606813255
7.225814386792591,7.1860781845071555,0.03973620228543506
4.330733340286331,4.337047828429302,-0.006314488142971086
4.68213122712422,4.5633930896907815,0.11873813743343842
4.158883083359672,4.295720424588003,-0.1368373412283308
5.893603616904096,5.662947079752211,0.2306565371518854
4.749270529961848,5.055211504994173,-0.30594097503232476
3.671478939433769,3.6834090778260173,-0.011930138392248324
4.158883083359672,4.247706592691881,-0.08882350933220895
5.771441123130016,5.756494452240941,0.014946670889075087
6.46302945692067,6.470814098377997,-0.007784641457327268
4.382026634673881,4.465998643608036,-0.08397200893415491
5.480638923341991,5.418607102364716,0.062031820977274776
5.867883485336628,5.878582302326291,-0.010698816989663129
4.919980925828125,4.906566495985826,0.01341442984229868
5.231108616854587,5.2185826102277675,0.012526006626819353
5.280662431309316,5.296978492546282,-0.016316061236966384
5.914178453147908,5.946298101390328,-0.03211964824241953
5.982928216085695,5.415770818398253,0.567157397687442
6.322565239927284,6.333816733647991,-0.011251493720706662
5.1494112432934855,5.0434024353176445,0.106008807975841
5.236441962829949,5.135301161762193,0.10114080106775614
4.605170185988092,5.30971411444941,-0.7045439284613186
5.707110264748875,5.641095499750159,0.06601476499871684
4.890349128221754,4.851661448797105,0.03868767942464846
5.211287807574934,5.309675905394844,-0.09838809781991031
4.959341999708705,5.19516005280398,-0.23581805309527493
4.0943445622221,4.153464673489308,-0.05912011126720795
4.406719247264253,4.4085323135816346,-0.0018130663173812067
4.603669059861824,4.486287052624297,0.11738200723752712
4.430816798843313,4.3604647812148585,0.07035201762845489
4.808111029984782,4.999120989757327,-0.1910099597725452
4.189654742026425,4.218671266638638,-0.029016524612212713
5.132911922130395,4.721494452330342,0.4114174698000532
6.267200548541362,6.467984907202655,-0.2007843586612923
4.887864841928826,4.918421036392115,-0.030556194463288833
5.41164605185504,5.307898307397438,0.10374774445760249
5.249652194566756,5.125466530031533,0.12418566453522306
5.784840051790853,6.009484179896988,-0.2246441281061342
6.5276654772052005,6.6955280851208725,-0.16786260791567198
3.9367156180185177,4.118753918244022,-0.18203830022550438
5.588334211296536,6.189125495511436,-0.6007912842148997
4.51085950651685,4.7786063798747005,-0.26774687335785075
5.123963979403259,5.107451531303475,0.016512448099783583
7.200424892944957,6.634656666039799,0.565768226905158
4.07753744390572,3.998537500906562,0.07899994299915791
5.075173815233827,4.939144564688507,0.13602925054531934
5.739792912179234,5.724314988033795,0.015477924145439026
5.272999558563747,5.043925209282922,0.22907434928082449
4.962844630259907,4.887484677164531,0.07535995309537569
5.821565510312585,5.9312382663989665,-0.10967275608638172
5.44673737166631,5.419874595556437,0.026862776109872755
5.162898479440301,5.149835309516063,0.01306316992423806
5.482012978895135,5.715175648155128,-0.2331626692599933
6.5426304493877,6.593113232406852,-0.050482783019151434
5.422744944923089,5.462827350582386,-0.040082405659297216
5.786897381366708,5.866403869084803,-0.07950648771809554
5.293304824724492,4.8498470638332405,0.4434577608912518
5.365976015021851,5.403166536439094,-0.03719052141724255
4.7318028369214575,4.496241858370632,0.2355609785508257
5.516890489347485,5.281416775009889,0.235473714337596
5.616771097666572,5.583100511373024,0.0336705862935478
4.454347296253507,4.5009952252190395,-0.04664792896553216
5.802118375377063,5.767592656042493,0.03452571933457005
5.295814236329918,5.40690801226196,-0.11109377593204162
4.74493212836325,4.690443031392026,0.05448909697122417
5.099866427824199,5.103636086160535,-0.00376965833633669
6.054439346269371,6.319775078673975,-0.26533573240460395
4.624972813284271,4.6702011663145955,-0.0452283530303248
3.80666248977032,3.8174820939356233,-0.010819604165303254
4.330733340286331,4.22284023142903,0.10789310885730075
4.38974675768902,4.45045332966651,-0.060706571977489965
4.3017651530710745,4.034643007687662,0.2671221453834125
4.6827791653150745,4.985694109394842,-0.3029149440797676
7.225814386792591,7.94295038686434,-0.7171360000717497
4.04305126783455,4.123454340075013,-0.08040307224046295
6.2766434893416445,6.318800070374196,-0.042156581032551266
5.578219251680856,5.747016319782261,-0.16879706810140416
5.771441123130016,5.797386219284601,-0.025945096154584846
4.875197323201151,4.792284603622681,0.08291271957847002
5.3471075307174685,5.217048820401727,0.13005871031574134
4.917788743729904,4.986831492909781,-0.06904274917987685
4.255612709818223,4.363097582902065,-0.10748487308384203
5.214935757608986,5.2495878144103205,-0.03465205680133465
6.3013544402931165,6.08587075347074,0.21548368682237662
3.740997408376043,3.670309413506623,0.07068799486941968
7.225814386792591,7.326382410267112,-0.10056802347452098
5.72577225088112,5.5746609740266475,0.1511112768544729
5.860786223465865,5.866751827525581,-0.005965604059715801
4.962844630259907,5.048746784623308,-0.0859021543634011
5.407171771460119,5.88582924874606,-0.47865747728594155
6.099578767837426,6.073516182829577,0.02606258500784886
5.204006687076795,5.081551441857913,0.12245524521888207
5.435162014275881,4.956128916052989,0.4790330982228923
5.042133961155627,5.2447356911727185,-0.2026017300170917
5.72194977861165,5.6808424351414475,0.04110734347020273
5.420534999272286,5.227939173666219,0.19259582560606692
4.795790545596741,4.664484376466392,0.1313061691303492
5.750984076140496,5.857539923357378,-0.1065558472168826
4.890349128221754,4.937511579453804,-0.047162451232050095
5.942799375126701,5.993797413553011,-0.05099803842631001
5.355406333532164,5.291126820979266,0.06427951255289788
5.113011360713122,5.1969393398642705,-0.08392797915114869
6.280395838960195,5.863987404592916,0.4164084343672787
4.836281906951478,4.9680670519008965,-0.1317851449494185
4.828873580560815,5.094521904237088,-0.265648323676273
4.56954300834494,4.3648604681827825,0.2046825401621577
4.836281906951478,5.065145292630202,-0.2288633856787241
5.564520407322694,5.588000786322521,-0.023480378999827245
5.081404364984463,4.9155803072459126,0.16582405773855058
4.882801922586371,4.838908307037832,0.04389361554853899
5.204006687076795,5.409345414568847,-0.20533872749205173
4.158883083359672,4.305931871584627,-0.14704878822495449
5.293304824724492,5.2370744270929865,0.056230397631505724
6.275703197782002,6.219222847777595,0.05648035000440732
5.867883485336628,5.973231100731708,-0.10534761539507986
5.458350709533451,5.5340333887449775,-0.0756826792115266
3.9889840465642745,4.24456666139424,-0.25558261482996514
4.69866052907543,4.947203717658638,-0.24854318858320834
5.303304908059076,5.1268649830706625,0.1764399249884132
5.905361848054571,5.762232507806861,0.14312934024771007
5.86220971125072,5.890888564593003,-0.02867885334228326
5.480638923341991,5.520902243711671,-0.04026332036967961
5.730099782973574,5.573684212907802,0.15641557006577234
4.499809670330265,4.384707669849522,0.11510200048074282
4.692723082995953,4.787279447073713,-0.0945563640777598
6.762729506931879,6.658416667616558,0.10431283931532054
5.207681246288592,5.116677499312696,0.09100374697589597
5.935555352668465,5.708682852186603,0.22687250048186236
5.5073619934827445,5.443348817032436,0.06401317645030868
3.218875824868201,3.58673238121631,-0.3678565563481091
5.184588601219693,5.2544701853933615,-0.06988158417366819
5.217649463480582,5.1607076076575655,0.05694185582301614
5.2832037287379885,5.530439085402542,-0.24723535666455376
4.406719247264253,4.619405510953594,-0.2126862636893403
5.673323267171493,5.561010895935916,0.11231237123557669
3.6381123370602833,4.015861604018311,-0.3777492669580278
5.009234313180627,5.394865605060638,-0.3856312918800109
4.749270529961848,4.82662288548103,-0.0773523555191824
5.766225050834909,5.905652624274262,-0.1394275734393533
5.495568585896296,5.534858352087665,-0.03928976619136826
6.71901315438526,6.173489774472275,0.5455233799129848
5.204006687076795,5.305664190987007,-0.10165750391021167
4.988185165258664,4.854197410494422,0.13398775476424252
5.303304908059076,5.116426215171173,0.1868786928879027
5.14166355650266,5.162712775353628,-0.02104921885096811
4.555664766084252,5.038453958095933,-0.4827891920116807
5.153291594497779,4.971151597743199,0.18213999675458048
5.241747015059643,5.200726372687341,0.04102064237230163
5.5093883366279774,5.3408848723647715,0.16850346426320595
6.542183734535649,6.540943629947484,0.0012401045881649253
5.41610040220442,5.721406947188683,-0.3053065449842629
4.021415382199343,4.179197741069576,-0.15778235887023317
6.906304226714823,6.905585411594528,0.0007188151202957016
5.860786223465865,6.435270118858638,-0.5744838953927722
6.154858094016418,6.110409462266452,0.04444863174996527
4.335066045810379,4.845512598308515,-0.5104465524981361
5.407171771460119,5.416571771008731,-0.009399999548612037
4.709530201312334,4.730286750293953,-0.020756548981618828
4.84944880983226,5.00732584090369,-0.15787703107142992
5.250963670164566,5.21056414371967,0.040399526444896416
4.454347296253507,5.031157617477826,-0.5768103212243183
4.0943445622221,4.0654661489460215,0.028878413276078874
5.41164605185504,5.313040912565514,0.09860513928952663
5.537334267018537,5.486240385238108,0.05109388178042895
5.417787866524203,5.590826463273304,-0.17303859674910083
4.230476736546681,4.166090947650957,0.06438578889572355
4.31748811353631,4.312555574350572,0.004932539185737994
4.709530201312334,4.588410776486161,0.12111942482617266
4.641212777335021,4.382506398088007,0.25870637924701345
5.601122014269927,5.661046923739877,-0.05992490946995055
5.744604469176457,5.697507380190471,0.047097088985985636
5.723585101952381,5.722049042242953,0.0015360597094273842
5.081404364984463,5.4339849379311795,-0.3525805729467164
4.241326752570746,4.3207350423569295,-0.07940828978618342
6.354370040797351,6.241072493203811,0.1132975475935396
6.579251212010101,6.287009695058393,0.29224151695170786
5.76456394691606,5.739265687966504,0.025298258949556285
4.584967478670572,4.466038625232884,0.118928853437688
5.332718793265369,4.546612003266148,0.7861067899992209
5.043425116919247,5.00314828357774,0.040276833341506446
6.9474566458336895,6.661304414414363,0.2861522314193268
5.480638923341991,5.557058018797832,-0.07641909545584102
4.330733340286331,4.86345200939022,-0.5327186691038888
5.117993812416755,5.18310715708878,-0.06511334467202445
5.360352757467489,5.409419720946632,-0.04906696347914252
6.437751649736401,6.513643210862846,-0.07589156112644524
5.081404364984463,4.851025394602092,0.23037897038237087
6.370756780912124,6.275344004897842,0.09541277601428266
3.610917912644224,3.6033751141145527,0.007542798529671213
3.8501476017100575,4.151881776629054,-0.30173417491899635
3.570377410032936,3.407395105884748,0.16298230414818837
5.295814236329918,5.21260583302328,0.0832084033066387
4.31748811353631,4.156760798778552,0.16072731475775814
4.672828834461906,4.304264458706066,0.3685643757558399
3.951243718581428,3.9344066450647888,0.01683707351663921
4.994980054485683,4.895135392069738,0.09984466241594436
4.692264892839025,5.021223969042286,-0.3289590762032617
5.351858133476067,5.593190536870508,-0.24133240339444129
7.225814386792591,6.987679830393349,0.23813455639924186
5.643430732271454,6.032338345777764,-0.3889076135063103
4.012592060349841,4.084256441622482,-0.0716643812726403
5.754158681981268,5.836376949421788,-0.08221826744051963
4.59511985013459,4.750871199899767,-0.15575134976517724
5.484796933490655,5.2435772014942,0.24121973199645463
6.621844969364539,6.074576297827149,0.54726867153739
5.33869126068631,5.0780693907270305,0.2606218699592793
5.659482215759621,5.576655307376533,0.0828269083830886
5.573104151014085,5.381555579822297,0.19154857119178725
4.454347296253507,4.3687641529553565,0.08558314329815087
5.715941585480011,5.741247982930343,-0.025306397450331808
5.506672100388808,5.458496704774537,0.04817539561427164
4.343805421853684,4.519539146025206,-0.175733724171522
4.110873864173311,4.182669936838963,-0.07179607266565124
5.89349332988201,5.816612824585729,0.07688050529628132
5.716073298740434,5.685444280426321,0.030629018314113132
6.590644395839544,6.64154735734029,-0.05090296150074547
4.248495242049359,4.588720858255715,-0.3402256162063555
6.016157159698354,5.835696035597293,0.1804611241010612
6.536691597591305,6.334481195180005,0.20221040241129984
5.508051410952312,4.804467897234919,0.7035835137173931
5.708438286192395,5.938140420800553,-0.22970213460815803
4.143134726391533,4.470940859745589,-0.3278061333540565
4.3694478524670215,4.348768474771221,0.020679377695800305
5.726847747587197,5.725313906316925,0.0015338412702714521
5.459585514144159,5.34859696537419,0.11098854876996889
3.80666248977032,3.8963076920915953,-0.08964520232127526
5.541263545158426,5.484927022347866,0.05633652281056012
5.957131868027477,5.792883224309331,0.16424864371814607
4.43473767358655,4.549998309870225,-0.11526063628367478
4.59511985013459,4.630937064800945,-0.03581721466635557
6.028278520230698,6.224546648204394,-0.19626812797369642
5.427897212083932,5.648613438767728,-0.22071622668379565
6.90875477931522,7.290246693634239,-0.3814919143190183
4.02535169073515,4.152263028526833,-0.1269113377916833
5.22305488204749,4.821936190077374,0.4011186919701153
5.521460917862246,5.393615717559556,0.12784520030268975
6.07073772800249,6.027335237859759,0.04340249014273034
6.393038762166311,6.1281548630564835,0.2648838991098277
4.385146762010125,4.142516962013793,0.24262979999633227
4.634728988229636,4.397393775273675,0.23733521295596116
6.4559844179974615,6.459821322912242,-0.0038369049147801704
7.225814386792591,6.528213040290366,0.6976013465022248
5.469451577701415,5.414015429006952,0.05543614869446323
5.327876168789581,5.50113088784337,-0.17325471905378897
6.264026636551919,6.178084239565142,0.08594239698677697
5.822069087200161,5.792764009576029,0.029305077624131926
4.624972813284271,4.579835117255196,0.0451376960290748
5.910796644040527,5.996703028148144,-0.0859063841076173
7.090909822079984,6.462016075577867,0.6288937465021176
4.91837379566995,5.187051737125691,-0.2686779414557403
4.532599493153256,4.48274700861661,0.049852484536645925
5.393627546352362,5.40830392279009,-0.01467637643772779
5.595937393538776,5.5527969884211155,0.043140405117660485
5.752572638825633,5.735927369207158,0.01664526961847468
6.148040854150079,6.155063062258843,-0.007022208108764083
5.842094090453713,5.991648356517498,-0.14955426606378452
3.7343307170178535,4.148764422315225,-0.4144337052973719
6.91844790852088,6.360070476533101,0.558377431987779
5.525452939131784,5.6276173447263815,-0.10216440559459716
4.143134726391533,4.096179803096302,0.04695492329523088
5.720311776607412,5.439147611193779,0.28116416541363254
4.394449154672439,4.422706724357872,-0.028257569685433026
4.969813299576001,4.97561600506691,-0.005802705490909332
4.241326752570746,4.282456782124407,-0.04113002955366074
5.60947179518496,5.896399740896405,-0.28692794571144553
5.435467204695271,5.227217343477806,0.2082498612174648
4.700480365792417,4.548421384644874,0.15205898114754213
7.225814386792591,6.8690217913499,0.35679259544269026
3.970291913552122,4.045826144046953,-0.07553423049483099
4.394449154672439,4.5082939312527825,-0.11384477658034342
4.4942386252808095,4.475179684330566,0.019058940950243297
3.970291913552122,3.9194334137118423,0.05085849984027968
5.1911218349444805,5.32379920297886,-0.13267736803437913
4.248495242049359,4.471573190557118,-0.22307794850775853
5.351858133476067,4.45211580143794,0.8997423320381266
5.354224998486333,5.270041539190033,0.0841834592963
5.096812990337308,5.149911321314641,-0.053098330977332964
5.059425458265688,5.044437391497599,0.014988066768088615
6.395261598115449,6.438848862761252,-0.04358726464580265
4.127134385045092,4.179321006708003,-0.052186621662911215
4.02535169073515,4.183847497346348,-0.15849580661119855
5.929589143389895,5.828248238033446,0.10134090535644891
6.031165913959534,6.282523368093715,-0.25135745413418054
6.07458712250074,6.15055763128915,-0.0759705087884095
6.238812787119009,5.9208955739301725,0.3179172131888368
5.614331761266853,5.62549768040528,-0.011165919138426794
4.31748811353631,4.376886670567073,-0.05939855703076269
4.15512603448196,4.067719782923322,0.08740625155863757
5.877371569804246,5.722304649803592,0.15506692000065403
6.349138991379798,5.883506340380821,0.46563265099897677
4.663439094112067,4.7582504015190255,-0.09481130740695853
6.907755278982137,6.344245531090339,0.5635097478917981
3.751854253275325,3.95591734499866,-0.20406309172333525
5.168607235025291,5.2965515429966885,-0.1279443079713971
5.320567975482857,5.441873095744941,-0.12130512026208429
5.495116942522644,5.422324597140413,0.072792345382231
3.828641396489095,4.222624800713301,-0.39398340422420564
4.02535169073515,4.124499458010295,-0.09914776727514507
4.645351975620923,4.561934909087905,0.08341706653301806
5.786897381366708,5.88487066253945,-0.09797328117274251
6.12029741895095,6.047135153315166,0.07316226563578443
4.099995233730915,4.554553988451751,-0.4545587547208356
4.833500263989602,4.739732168055023,0.09376809593457835
3.9448773422990935,4.380268745052241,-0.4353914027531478
4.875197323201151,4.7315371537870865,0.14366016941406468
4.591780948869076,4.5150305740173104,0.07675037485176528
4.956460659649984,5.370589726163178,-0.41412906651319403
3.80666248977032,4.100728368921942,-0.29406587915162197
4.021415382199343,4.229317749732923,-0.20790236753358027
5.442417710521793,5.560541667707855,-0.11812395718606172
6.057954288376815,6.29415882852104,-0.23620454014422432
4.241182857326236,4.099454967159177,0.14172789016705867
5.574053367981417,5.577680462324915,-0.0036270943434981717
4.174387269895637,4.26760368978565,-0.09321641989001339
5.107943476563253,5.128134283866309,-0.02019080730305589
4.61512051684126,4.796634639879941,-0.18151412303868142
6.131226489483141,6.101598209236302,0.029628280246838834
6.13664655695248,6.191894258844075,-0.055247701891594225
4.4505027059759525,4.526329279920736,-0.07582657394478343
4.48863636973214,4.39819493453661,0.09044143519552961
4.500920164614292,4.742940414328128,-0.2420202497138364
5.586011938921693,5.541790526561442,0.04422141236025112
5.922462747009742,5.942247436488946,-0.019784689479203976
3.974058396347599,4.294216294885303,-0.32015789853770427
5.389071729816501,5.271794555239816,0.11727717457668518
4.356708826689592,4.381359888133567,-0.024651061443975664
5.184588601219693,5.1971258297118625,-0.012537228492169206
4.442651256490317,4.716109930461565,-0.27345867397124834
4.158883083359672,4.266858969409428,-0.10797588604975594
6.356107660695892,6.288980269730338,0.06712739096555431
6.0473721790462776,5.648105478882545,0.3992667001637322
5.655991810819852,5.63889221378337,0.01709959703648245
5.942799375126701,6.015930727768833,-0.07313135264213155
5.060060177423779,5.640245024466243,-0.5801848470424646
5.614951260949585,5.479102197658654,0.13584906329093105
4.060443010546419,4.573487480149276,-0.5130444696028569
5.153291594497779,5.272949040241826,-0.11965744574404713
5.938327448694853,5.876670205885513,0.06165724280934004
5.817111159963204,5.813472946712377,0.003638213250827249
5.375278407684165,5.305096636451245,0.07018177123292002
5.820082930352362,5.996798061615163,-0.17671513126280125
4.276666119016055,4.199959016068836,0.0767071029472195
5.030437921392435,5.549582813826181,-0.5191448924337454
5.511410582008745,5.610906103629874,-0.09949552162112951
5.660874973644924,5.95707257180143,-0.2961975981565059
6.118097198041348,6.008001120122201,0.1100960779191471
4.23410650459726,4.326239724304255,-0.09213321970699528
5.992713766508414,6.113677843733114,-0.12096407722469937
5.4359030295006,5.4310589677677825,0.004844061732817373
5.532400857900581,5.681641058481743,-0.14924020058116216
4.96109484853612,5.04840589898897,-0.08731105045285048
5.455321115357702,5.613225851697839,-0.15790473634013757
4.875197323201151,4.841633314059452,0.0335640091416991
6.77498930763371,6.230945758619404,0.5440435490143063
6.501289670540389,6.4093331938811895,0.09195647665919982
5.34981813941044,5.693603282105361,-0.3437851426949212
4.836281906951478,5.220138334341699,-0.38385642739022074
6.486724654332361,6.3744124978480174,0.1123121564843439
4.882801922586371,4.969119209040205,-0.08631728645383419
4.836281906951478,4.847563335132898,-0.011281428181420416
5.153291594497779,5.12444174391694,0.028849850580839664
5.736023759963219,5.190559204243301,0.545464555719918
5.043425116919247,4.962524573937411,0.08090054298183613
5.204006687076795,5.196432675033467,0.007574012043328082
5.365976015021851,5.459087970625989,-0.09311195560413754
5.534179690270021,5.492756106834762,0.041423583435258315
5.478845649720898,5.482346726161406,-0.003501076440508122
5.424950017481403,5.9769949105410305,-0.5520448930596276
5.681298255103212,5.673666810336359,0.007631444766853512
4.189654742026425,4.1842366594446965,0.0054180825817287115
4.680834089909081,4.843911394091091,-0.16307730418200972
5.875857267776231,5.881957397634488,-0.006100129858256587
4.740574822994295,4.690431160513151,0.05014366248114399
3.9889840465642745,4.413689191890102,-0.42470514532582726
4.68213122712422,4.712639812899346,-0.030508585775126384
4.532599493153256,4.597235088338402,-0.06463559518514561
5.359741668535036,5.271348386222112,0.08839328231292409
5.476463551931511,5.725850752590199,-0.24938720065868836
4.566429357671661,4.765493180392255,-0.19906382272059453
5.14166355650266,5.190438930418968,-0.04877537391630771
5.368309738368072,5.494837056014803,-0.12652731764673142
5.1407274459732655,5.053780471618248,0.0869469743550173
3.607669398688393,4.048203373546111,-0.4405339748577184
4.691347882229144,4.90993644869168,-0.218588566462536
6.329720905522696,6.776204106305497,-0.4464832007828008
4.151039905898646,4.568184635093784,-0.41714472919513845
4.795790545596741,4.857683339180947,-0.06189279358420574
5.66988092298052,5.6961154517185815,-0.02623452873806187
5.028278729268851,5.285050456478409,-0.256771727209558
5.399428867916448,5.485048394817225,-0.08561952690077668
5.85678964378138,5.786058726629479,0.07073091715190127
5.25227342804663,5.1787210946177895,0.07355233342884038
4.276666119016055,4.428728370024912,-0.1520622510088563
5.033700567027251,5.059569931086208,-0.025869364058956457
5.013763728770787,5.107854719497909,-0.09409099072712213
6.008813185442595,6.038338172706393,-0.029524987263798153
4.219507705176107,4.204082473882775,0.01542523129333162
4.890349128221754,5.147837292693905,-0.25748816447215095
6.252866810539282,6.257540888440124,-0.004674077900841844
4.919980925828125,4.785112939278621,0.13486798654950416
4.816241156068032,4.893286486637932,-0.07704533056990037
4.2408950047047895,4.7082033058010095,-0.46730830109622
4.430816798843313,4.495066377583722,-0.06424957874040871
4.262679877041316,4.266695144497061,-0.004015267455744542
5.10138965736472,5.086444555493024,0.014945101871695954
5.420534999272286,5.432111774409473,-0.011576775137187134
4.875197323201151,4.536509804495046,0.3386875187061049
4.727387818712341,4.678272089533701,0.04911572917863971
5.225746673713202,5.237898757139848,-0.01215208342664642
4.564348191467836,4.409481740224403,0.154866451243433
5.187385805840755,5.22050293285644,-0.03311712701568492
4.548599834499697,4.52617547265623,0.02242436184346719
4.859812404361672,4.948202727123791,-0.08839032276211878
4.454347296253507,4.434763548402644,0.01958374785086292
4.6443908991413725,4.084694424833304,0.5596964743080681
5.966146739123692,6.149771751374438,-0.18362501225074546
3.737669618283368,3.7288788026964736,0.008790815586894318
5.66988092298052,5.6844145266368855,-0.014533603656365912
5.220247711126114,5.165292935199595,0.054954775926518984
4.382026634673881,4.307635371630109,0.07439126304377197
7.225814386792591,7.307736295059918,-0.08192190826732748
4.474263916140292,4.191588922797258,0.2826749933430346
5.288267030694535,5.227251408528533,0.06101562216600254
5.6369301676683605,5.583663178600955,0.05326698906740557
4.110873864173311,4.199077849773409,-0.08820398560009757
4.151039905898646,4.000002000829681,0.1510379050689652
5.244389024522481,5.244943863085341,-0.0005548385628602048
4.477336814478207,4.466800398905387,0.010536415572819813
6.720220155135295,6.584974819525775,0.13524533560952
5.285738584341177,5.159640422646195,0.12609816169498167
4.709530201312334,5.024982566440114,-0.3154523651277801
4.727387818712341,4.507400438831383,0.2199873798809575
4.330733340286331,4.3992505208637915,-0.06851718057746048
6.255750041753367,6.55734222788664,-0.30159218613327266
5.438079308923196,4.467859214222671,0.9702200947005242
6.159708308440529,5.5138491470159945,0.6458591614245348
4.941642422609304,4.9417030891911855,-6.066658188164098e-05
5.402677381872279,5.388021090054124,0.014656291818154976
6.324358962381311,6.380793454645778,-0.05643449226446684
3.7495040759303713,4.611356709481979,-0.8618526335516075
5.436643496028323,5.437435387877482,-0.0007918918491585103
4.713755496401532,4.875264877733215,-0.16150938133168236
6.001414877961151,5.847040565190704,0.15437431277044755
6.5283233479207885,6.5572693870802805,-0.02894603915949201
4.795790545596741,4.805906011687679,-0.010115466090937275
3.9219733362813134,4.0983831389763825,-0.17640980269506912
6.10628765092947,5.785341035275229,0.32094661565424154
4.454347296253507,4.555245885756207,-0.10089858950269992
6.012075671012092,5.922162522962685,0.08991314804940753
5.262690188904886,5.18031984631661,0.08237034258827602
5.303304908059076,5.124848357963714,0.17845655009536188
3.7612001156935615,3.7966697220996606,-0.035469606406099086
4.189654742026425,4.31478832507302,-0.12513358304659494
5.60947179518496,5.529601826994427,0.0798699681905326
3.912023005428146,4.119627711352407,-0.20760470592426072
3.9253340194878175,4.185997315991688,-0.2606632965038709
6.035816304678482,5.521725780703111,0.514090523975371
3.682861381788373,3.7234580319875294,-0.04059665019915659
5.6843617744165975,5.555527963442861,0.12883381097373636
5.298317366548036,5.457668878379301,-0.1593515118312645
5.720311776607412,5.295347844376343,0.4249639322310692
5.176149732573829,5.1924390418272495,-0.016289309253420647
5.528118705526313,5.655884256372422,-0.1277655508461093
5.8338453589543695,5.8173439243444935,0.016501434609875965
4.948759890378168,4.697468317094138,0.2512915732840302
4.61512051684126,4.429652896986206,0.18546761985505356
5.271305817301187,5.229074227911611,0.0422315893895755
5.486869473092628,5.580531203448168,-0.09366173035554048
5.3612921657094255,6.046535110223904,-0.6852429445144788
4.143134726391533,4.273024847638459,-0.12989012124692678
5.860672256857958,6.127322237757724,-0.266649980899766
3.34603697048488,4.171193317637402,-0.8251563471525225
6.496563806500526,6.357912422848883,0.1386513836516432
4.290459441148391,5.015828435902516,-0.7253689947541249
4.787491742782046,4.974058702724544,-0.18656695994249795
5.638354669333745,5.557669069357845,0.08068559997589997
5.404927101606295,5.317301275035786,0.08762582657050899
4.51085950651685,4.810917759533299,-0.3000582530164495
4.90527477843843,4.9002202514856625,0.005054526952767091
4.363098624788363,4.806190455407208,-0.4430918306188447
4.204692619390966,4.107270769916428,0.09742184947453758
5.602118820879701,5.636344691980115,-0.034225871100414196
4.795790545596741,5.110552954193317,-0.3147624085965752
5.683579767338681,5.643941208029746,0.03963855930893523
4.924859517074852,4.633024240658094,0.29183527641675777
4.248495242049359,4.373436448806103,-0.12494120675674392
5.545177444479562,5.890763821196057,-0.3455863767164944
5.808892959058818,5.832317857005964,-0.023424897947145418
5.356586274672012,5.320083865278424,0.03650240939358795
6.7149590538941615,6.694399088538406,0.02055996535575577
5.799092654460526,5.772924230792836,0.026168423667689567
5.70877001616724,5.669538016222766,0.039231999944473905
6.220590170099739,6.027619704611821,0.1929704654879183
5.662960480135946,5.561805394223903,0.10115508591204314
4.388257184424518,4.4155982168958845,-0.027341032471366766
6.19644412779452,6.163677598159328,0.03276652963519222
4.979213424087916,4.907526391992008,0.07168703209590799
4.330733340286331,4.433997494377592,-0.10326415409126088
6.15326446818114,5.676485142492303,0.4767793256888373
6.29156913955832,6.247018585906626,0.04455055365169436
5.966146739123692,5.722390963868185,0.24375577525550707
6.792344427470809,6.955306056514322,-0.1629616290435134
4.394449154672439,4.396674613413964,-0.0022254587415249105
5.8805329864007,5.391418089329099,0.4891148970716017
5.187385805840755,5.224737072923541,-0.037351267082786244
5.6513306146537765,5.820794089804927,-0.1694634751511508
4.584967478670572,4.852050626854762,-0.26708314818418977
4.564348191467836,4.670314077280223,-0.1059658858123873
5.979543776212289,5.641365910405678,0.33817786580661036
6.181051314893349,6.215349536233845,-0.03429822134049587
5.733341276897746,5.956354522334289,-0.223013245436543
6.5362132223185325,6.608738268096445,-0.07252504577791274
4.083115080270552,4.255325056491638,-0.1722099762210858
4.852030263919617,4.539562696648184,0.3124675672714332
5.857933154483459,5.747809352869053,0.11012380161440571
5.337538079701318,5.38272320804762,-0.045185128346302506
4.770684624465665,4.8457188248452026,-0.07503420037953745
6.744436029313593,6.7971865264924345,-0.052750497178841727
5.54255682615698,5.5310382677609295,0.01151855839605087
4.736198448394496,4.712859220400846,0.023339227993649736
6.051500760552042,5.989907310138765,0.061593450413276685
6.381325203237103,6.386142006806563,-0.004816803569459793
5.68697535633982,5.50532127611789,0.18165408022193041
5.081404364984463,5.066379727343977,0.01502463764048656
5.473949935191195,5.633393254715363,-0.15944331952416846
3.693866995624976,4.635960001759111,-0.9420930061341348
5.811051168583329,5.909616519550039,-0.0985653509667106
6.442540166468199,6.600457729368175,-0.15791756289997583
6.181051314893349,6.060101153372849,0.12095016152049975
5.407171771460119,5.4156315804022785,-0.008459808942159697
5.1149953094204985,5.003705333347953,0.11128997607254565
3.951243718581428,3.7169725201543677,0.23427119842706023
5.356586274672012,5.436035850849265,-0.0794495761772529
5.204006687076795,5.25798267821302,-0.05397599113622498
4.3031186995690085,4.29113237916878,0.0119863204002284
5.840641657373398,5.6609718907641895,0.17966976660920864
5.831882477283517,5.873485142076291,-0.04160266479277386
6.0063531596017325,5.878118296213441,0.1282348633882915
5.639528357516423,5.832895820011536,-0.19336746249511272
5.602118820879701,5.565695424396293,0.03642339648340798
4.454347296253507,4.45312892826389,0.001218367989617164
5.2548878086207,5.117970007008765,0.13691780161193545
4.442651256490317,4.163756683877707,0.27889457261260997
4.248495242049359,3.944305311696292,0.3041899303530675
4.897839799950911,4.860020707006171,0.03781909294473973
4.7535901911063645,4.760674365623301,-0.00708417451693677
4.189654742026425,4.188903439595296,0.0007513024311291971
5.120983351265121,5.1260302991505435,-0.0050469478854227035
5.830884912432431,5.727287516123485,0.10359739630894627
5.887491956725004,5.8805280290834565,0.006963927641547407
4.596028528070808,4.527446470008411,0.06858205806239681
5.545177444479562,5.601341786037104,-0.05616434155754213
3.970291913552122,4.025011176819297,-0.05471926326717513
5.806339062981293,5.764495747463672,0.041843315517620994
6.057907503656696,6.083788900083528,-0.02588139642683185
4.394449154672439,4.857921175613295,-0.4634720209408556
5.498192290922892,5.459564719590306,0.03862757133258654
6.492027691307464,6.000821764443598,0.49120592686386555
5.883322388488279,5.887331984935847,-0.0040095964475685975
4.795790545596741,4.822826296037121,-0.027035750440379758
5.3612921657094255,5.5776853087871725,-0.21639314307774704
3.80666248977032,3.814388935691995,-0.00772644592167504
5.041164499131079,5.043724079621698,-0.0025595804906188846
4.308514638737202,4.292055438168373,0.016459200568829324
5.089816091970697,5.200096077343888,-0.11027998537319128
5.111987788356544,5.165602242734507,-0.053614454377963305
5.383347615732612,5.1828483025371295,0.20049931319548264
5.4785534168509695,5.486130124406267,-0.0075767075552972685
5.600272098286537,5.564189499800016,0.03608259848652029
4.204692619390966,3.522617150467691,0.6820754689232746
5.976985225843148,5.880423652535179,0.09656157330796855
6.222576268071369,6.350453027287737,-0.12787675921636854
5.611301621862036,5.5273508142759935,0.08395080758604223
4.7535901911063645,4.747890301140095,0.005699889966269467
4.129389903964901,4.315408246638332,-0.18601834267343076
5.212705010472114,5.103382741877495,0.10932226859461913
5.243491524264258,5.255782299148553,-0.012290774884294642
6.446513155404975,6.323365025338262,0.12314813006671255
4.5217885770490405,4.72171383988184,-0.19992526283279943
5.990839351714064,6.1625354726111725,-0.17169612089710817
5.8541259161405055,5.69699751566636,0.15712840047414556
6.186208623900494,6.188548776235776,-0.002340152335282397
4.570268133978827,4.81100566289751,-0.24073752891868327
4.605170185988092,4.780820760143351,-0.17565057415525942
5.2652775124698366,5.211125876790195,0.05415163567964143
4.330733340286331,4.192279095392876,0.13845424489345515
3.9318256327243257,3.940134167028844,-0.008308534304518389
5.170483995038151,5.215352884340645,-0.044868889302494
4.248495242049359,4.090170180479187,0.15832506157017256
5.655991810819852,5.726622414232716,-0.0706306034128632
5.170483995038151,5.260576079376329,-0.09009208433817761
5.607088003829683,5.639618642825374,-0.03253063899569053
4.624972813284271,5.126011939235003,-0.5010391259507321
5.198497031265826,5.373299396932749,-0.1748023656669231
6.246106765481563,6.078696689944011,0.1674100755375516
4.394449154672439,4.700541319001739,-0.3060921643293
5.017279836814924,4.836103904810593,0.18117593200433113
5.87493073085203,5.85475089501485,0.020179835837180526
5.3471075307174685,5.278709834389954,0.0683976963275148
7.225814386792591,7.062966481406683,0.16284790538590777
4.02535169073515,4.209982480230112,-0.18463078949496214
5.860786223465865,6.120824586676982,-0.26003836321111695
7.080867896690782,6.726320982522861,0.35454691416792095
5.41610040220442,5.51982531538993,-0.10372491318551003
6.711058897682776,6.754355288947909,-0.04329639126513296
5.771441123130016,5.777336492799322,-0.005895369669306483
6.243312166550547,6.303843529258587,-0.060531362708039715
5.803326104992462,6.188853683214786,-0.385527578222324
4.30406509320417,4.262740743146873,0.04132435005729729
3.7612001156935615,3.6755892448143386,0.08561087087922292
5.37989735354046,5.464334113978072,-0.08443676043761261
5.234685101303181,5.484762366188024,-0.25007726488484305
4.418840607796598,4.365359822905063,0.05348078489153529
4.624972813284271,4.6286328284243865,-0.0036600151401158243
5.393627546352362,5.415963732836573,-0.022336186484211318
6.978837965284162,7.002896506075075,-0.02405854079091263
4.647558952479878,4.5632610280757975,0.08429792440408068
3.912023005428146,3.8146251330127283,0.09739787241541764
5.177561165412237,5.236716104996353,-0.05915493958411666
4.976733742420574,5.161149281167914,-0.18441553874733962
5.075173815233827,5.284512339224009,-0.2093385239901826
5.329476828797139,5.334293763351968,-0.004816934554829011
5.69035945432406,5.599375721813549,0.0909837325105114
4.722953221644475,4.761598740150247,-0.03864551850577236
5.247024072160486,5.253418301128928,-0.006394228968441773
5.911338502628697,5.873238177936561,0.03810032469213542
5.1328529268205045,5.195833178549259,-0.06298025172875477
4.7535901911063645,4.818826817776827,-0.0652366266704627
5.241747015059643,4.87096927924405,0.3707777358155928
4.454347296253507,4.525337449793095,-0.07099015353958738
6.292809111216357,6.206048700899935,0.08676041031642168
6.091309882077698,5.927210635434385,0.1640992466433131
5.583496308781699,5.532301366323637,0.05119494245806244
6.0063531596017325,5.949642749303841,0.05671041029789148
4.31748811353631,4.587436509393309,-0.26994839585699903
5.068904202220232,5.1266288561180025,-0.05772465389777004
5.060060177423779,5.00642667926766,0.05363349815611862
5.747799360072976,5.777491428957476,-0.02969206888449971
4.945207488773801,4.947655223511005,-0.002447734737204499
6.556778356158042,6.323385816162503,0.23339253999553922
6.278521424165844,5.657581664048864,0.6209397601169799
5.354224998486333,5.372249240903499,-0.018024242417165937
5.657144991804844,5.712884011516272,-0.05573901971142803
6.052089168924417,6.027465995398831,0.024623173525585962
5.47058858748849,5.426453691925526,0.044134895562963905
4.853357507741733,5.02492054554382,-0.1715630378020867
6.028278520230698,6.107303883557858,-0.07902536332716004
5.243491524264258,5.160675275107917,0.08281624915634112
4.553876891600541,4.590956521279873,-0.03707962967933209
5.153291594497779,4.466365318090959,0.6869262764068207
5.556828061699537,5.48744164738205,0.0693864143174876
6.434546518787453,6.3396989377396835,0.09484758104776958
5.365976015021851,5.3198907683498735,0.046085246671977664
4.700480365792417,4.688400978249887,0.012079387542529574
4.174387269895637,4.296224665850305,-0.12183739595466836
5.062595033026967,5.067122619614275,-0.004527586587308008
4.75074130930731,4.88154068468859,-0.1307993753812795
5.017279836814924,5.06791803876052,-0.05063820194559554
5.771441123130016,5.638106543383431,0.13333457974658458
5.049856007249537,5.294618965975497,-0.24476295872595966
4.980176086611547,5.215615835719202,-0.23543974910765453
4.991792206294776,5.1737222063527994,-0.1819300000580233
3.521643534738023,3.7778763187769617,-0.2562327840389389
5.41164605185504,5.357806656909652,0.053839394945388364
4.280685807012206,4.224625608540808,0.05606019847139798
4.174387269895637,4.217661118267859,-0.04327384837222237
5.8888779583328805,5.997103755039012,-0.1082257967061313
5.10138965736472,5.105653824574953,-0.004264167210233261
4.248495242049359,4.237518230001691,0.010977012047668211
5.749584050456808,5.6194250309086815,0.1301590195481266
5.973809611869261,6.042539372800112,-0.06872976093085104
5.750984076140496,5.437430466538345,0.31355360960215073
5.345820989192004,4.951010550461989,0.39481043873001465
5.916202062607435,5.933133204368737,-0.016931141761301838
5.518777320233045,5.679318239254319,-0.16054091902127432
4.90527477843843,4.916496422226156,-0.011221643787726165
4.02535169073515,4.549151404827876,-0.5237997140927266
5.407171771460119,5.570619078272319,-0.1634473068122002
6.302618975744905,6.070590631383108,0.23202834436179742
5.872117789475416,5.330118170901514,0.541999618573902
3.951243718581428,3.8151804042109343,0.13606331437049368
5.283711214158674,5.203986811259942,0.07972440289873184
5.621125240975192,5.213588461689086,0.4075367792861062
4.882801922586371,4.680830728176251,0.20197119441011946
5.631211781821365,5.172807351761381,0.45840443005998477
5.429345628954441,5.444172330119979,-0.014826701165538303
4.330733340286331,4.993700540183359,-0.6629671998970279
4.836281906951478,4.3308913290502655,0.5053905779012124
5.381416935717611,5.943513172296472,-0.5620962365788609
5.981414211254481,5.964311865204184,0.01710234605029637
4.598447640227264,4.531684860379917,0.06676277984734735
5.561950056992292,5.567422291244457,-0.005472234252164476
5.477843352706524,5.427841222540696,0.05000213016582755
6.274762021241939,6.184687936891092,0.09007408435084674
4.151039905898646,4.165080084816977,-0.014040178918331314
5.198497031265826,4.974632053953456,0.22386497731237043
5.313205979041787,5.42324162153154,-0.11003564248975284
4.867534450455582,4.913827465404762,-0.046293014949180034
4.083115080270552,4.120711402782815,-0.03759632251226286
4.51085950651685,4.320829933494449,0.1900295730224011
4.634728988229636,4.59743105832601,0.03729792990362579
5.585374243605899,5.549827687309916,0.03554655629598269
7.225814386792591,6.755853888432252,0.46996049836033826
4.624972813284271,4.616694118293919,0.008278694990351276
6.175867270105761,6.188439102610005,-0.012571832504243652
7.225814386792591,7.080557558163835,0.14525682862875566
4.204692619390966,4.206991479724566,-0.0022988603336004942
4.532599493153256,4.358588634884787,0.17401085826846963
4.691347882229144,4.760701304728756,-0.06935342249961174
5.459457846420514,5.543163408511804,-0.0837055620912901
4.61512051684126,5.087740615109721,-0.47262009826846096
5.017279836814924,5.0687464549175,-0.0514666181025758
4.430816798843313,4.277696938184819,0.15311986065849403
4.983606621708336,4.914570397448616,0.06903622425972067
5.09809656986625,5.153618584144821,-0.055522014278571064
5.69035945432406,5.721426532254177,-0.03106707793011676
6.403574197934815,6.3979112032309855,0.0056629947038295825
5.796817340623391,5.772928778603301,0.023888562020089488
5.602118820879701,5.5866425412256175,0.015476279654083491
5.598421958998375,5.578017071614246,0.020404887384128934
6.063785208687608,6.076850375746258,-0.013065167058650573
6.553520213261158,5.887333491065165,0.6661867221959925
4.219507705176107,3.961323049792709,0.25818465538339774
4.454347296253507,4.458759702089554,-0.004412405836046851
6.139884552226255,6.367954313826875,-0.22806976160061954
6.115251743882057,6.1152872804382845,-3.553655622745566e-05
3.757005283161537,3.475174952007249,0.2818303311542878
4.980176086611547,5.037861152163416,-0.05768506555186814
5.695985490353976,5.698072574310344,-0.002087083956367586
4.060443010546419,4.48176395362308,-0.4213209430766609
4.394449154672439,4.356379996907247,0.03806915776519215
4.8283137373023015,4.795263340884563,0.03305039641773888
5.338018733399589,5.512509868590171,-0.17449113519058201
5.69035945432406,5.566955246107464,0.12340420821659581
6.746412128573375,6.235464496127901,0.5109476324454745
5.225746673713202,5.253203562911312,-0.027456889198110623
5.697093486505405,5.696761734395596,0.00033175210980829206
5.738183901373533,5.532721116546797,0.20546278482673674
4.68213122712422,4.688471221729125,-0.006339994604904753
5.840641657373398,5.98840723885307,-0.14776558147967211
3.828641396489095,3.788530520491996,0.04011087599709917
3.7612001156935615,3.7338481000835153,0.027352015610046188
5.209486152841421,5.227332532182912,-0.01784637934149025
5.030437921392435,5.132507461683921,-0.10206954029148552
5.966146739123692,5.971666277145968,-0.005519538022276116
5.771441123130016,5.73381604069803,0.03762508243198592
4.836281906951478,5.420932134167191,-0.5846502272157128
4.74493212836325,4.845009730129496,-0.10007760176624547
4.204692619390966,4.206663521882889,-0.001970902491922999
4.51085950651685,4.466643744602181,0.04421576191466858
6.452048954437226,6.169042357892247,0.28300659654497906
5.450609176890295,5.44061328247201,0.00999589441828519
4.465908118654584,4.43346278813018,0.03244533052440346
4.189654742026425,4.189077644513649,0.0005770975127763478
4.23410650459726,4.262479393834456,-0.028372889237195942
4.394449154672439,4.404324210553381,-0.00987505588094173
4.465908118654584,4.387457835585491,0.07845028306909274
5.771441123130016,5.767567327116994,0.0038737960130221794
5.826737298714979,5.703999978296835,0.12273732041814345
4.23410650459726,4.263373394453718,-0.029266889856458533
5.093750200806762,5.093449802551178,0.0003003982555842555
5.196672162785836,5.3221538625404605,-0.12548169975462464
5.525452939131784,5.510618066071059,0.014834873060725506
5.703782474656201,5.709732513058754,-0.005950038402553481
4.204692619390966,4.522971334545044,-0.31827871515407846
4.22683374526818,4.306582524016647,-0.07974877874846698
5.522780047428144,5.48959478114769,0.03318526628045415
4.304605487705297,4.4988347985510195,-0.19422931084572248
5.779199113940956,5.717581689553343,0.061617424387613084
4.296877159632186,4.601711303131427,-0.30483414349924143
5.465948207931988,5.466403314775662,-0.00045510684367400245
4.634728988229636,4.3719189238269935,0.2628100644026423
5.662960480135946,5.953359275568151,-0.29039879543220515
6.098725755304783,5.43026880709737,0.668456948207413
4.158883083359672,4.32382160423408,-0.16493852087440786
4.927253685157205,5.1133982101413515,-0.18614452498414646
6.300785794663244,6.223367793697615,0.07741800096562912
5.545177444479562,5.479146472641988,0.06603097183757445
4.7535901911063645,5.013365209856564,-0.2597750187501999
4.787491742782046,4.792552785551385,-0.005061042769339608
5.828945617610208,5.768724531989358,0.06022108562085027
4.189654742026425,4.118107642367819,0.0715470996586065
7.225814386792591,7.0783659994378825,0.1474483873547081
4.110873864173311,4.241717081830247,-0.13084321765693563
6.201178321310468,6.3123186401381295,-0.11114031882766184
5.840641657373398,5.806430279475934,0.03421137789746442
4.749270529961848,5.1580140188997845,-0.40874348893793666
4.290459441148391,4.236124398623048,0.05433504252534327
3.970291913552122,3.901202409750059,0.06908950380206313
5.616771097666572,5.515079320737375,0.10169177692919629
5.177786809910289,5.220931415480446,-0.043144605570156536
5.2548878086207,5.219730287362808,0.035157521257891844
4.815431111471288,4.9213766789666655,-0.10594556749537709
5.605691766095507,5.292818890839564,0.3128728752559429
6.150602768446279,5.677577961007549,0.47302480743872977
5.613128106388071,5.99052184129591,-0.37739373490783823
5.525452939131784,5.548831905476816,-0.02337896634503167
3.843101559961725,3.8894968008365858,-0.04639524087486091
4.07753744390572,4.051837487743185,0.0256999561625344
3.970291913552122,4.528073078346343,-0.5577811647942208
3.737669618283368,4.427954621554071,-0.6902850032707031
4.169297415458502,4.311059447563618,-0.14176203210511673
5.5626028611934215,5.457491015669502,0.10511184552391928
4.499809670330265,4.849982144466636,-0.35017247413637076
4.74493212836325,4.972213974142045,-0.22728184577879507
5.365976015021851,5.243368855244211,0.12260715977764036
3.871201010907891,3.7229993767101286,0.14820163419776256
5.5053315359323625,5.413188765621946,0.09214277031041629
6.194405391104672,6.034876826716956,0.159528564387716
4.631909483177713,4.647922159970119,-0.016012676792406033
5.593483860709444,5.557015613717744,0.03646824699170015
3.521938999358284,3.8352805148496993,-0.3133415154914152
4.158883083359672,4.189537331657937,-0.030654248298264797
5.067708519122555,5.608428190796147,-0.5407196716735916
4.966335035199676,5.043947823167792,-0.07761278796811588
5.525452939131784,5.57569293531207,-0.050239996180285296
5.493061443340548,5.6168234977778475,-0.12376205443729926
5.948896236999205,6.024776526344645,-0.07588028934544067
5.427897212083932,5.445878097529916,-0.017980885445983752
4.4630304188269685,4.750039612143928,-0.2870091933169592
5.2351112906442445,5.289821680886701,-0.054710390242456164
5.111987788356544,5.187477513266471,-0.07548972490992778
6.075346031088684,6.0226574226390275,0.052688608449656726
5.123963979403259,4.659019004538476,0.4649449748647827
5.552959584921617,5.4264191718400765,0.12654041308154085
4.61512051684126,4.775092357093777,-0.15997184025251698
4.820281565605037,4.962638556536747,-0.1423569909317095
3.7534960971999087,3.9944364686546026,-0.24094037145469382
3.828641396489095,3.956751724496232,-0.12811032800713695
6.70196036600254,6.598577042288795,0.1033833237137447
2.833213344056216,3.3177507942976776,-0.48453745024146144
4.7535901911063645,4.491943693200186,0.26164649790617833
5.658331728418817,5.9223339348691955,-0.2640022064503782
4.663439094112067,5.14045674587202,-0.4770176517599527
5.526766816652428,5.601745659875337,-0.07497884322290904
6.549078332372732,6.201048504337924,0.3480298280348073
4.709530201312334,4.73219299861874,-0.02266279730640619
5.983432375410718,5.733828294204416,0.24960408120630184
4.162003210695915,4.795225310880485,-0.6332221001845699
4.127134385045092,4.452295716010942,-0.32516133096585076
5.767289213689638,5.5795733230505835,0.1877158906390548
6.186208623900494,6.0124119420418864,0.1737966818586072
5.537334267018537,5.642460573306832,-0.10512630628829545
6.241834084675783,6.03111491042423,0.21071917425155284
5.111987788356544,5.05146869422598,0.060519094130564
4.330733340286331,4.284720102384614,0.0460132379017173
4.204692619390966,4.24361449061869,-0.03892187122772395
4.420766462989812,4.26470797837661,0.15605848461320182
3.725693427236653,3.8881333793188917,-0.16243995208223883
5.313205979041787,4.681000190389566,0.6322057886522208
5.537334267018537,5.4969601632915905,0.04037410372694605
4.454347296253507,4.8924361975185295,-0.4380889012650222
4.418840607796598,4.489030363050559,-0.07018975525396076
4.23410650459726,4.435080325891283,-0.2009738212940233
3.914819092730147,4.385557827587231,-0.47073873485708395
4.762173934797756,5.309054027098896,-0.5468800923011399
5.69035945432406,5.50351669462733,0.18684275969672992
5.314043067009519,5.74708916079442,-0.43304609378490166
5.350292928138379,5.323727359545925,0.026565568592453737
4.465908118654584,4.549711915909933,-0.08380379725534937
5.472270673671475,5.131743578757985,0.3405270949134902
5.707110264748875,5.690603865801758,0.016506398947117695
5.58097433428329,5.509763488428633,0.0712108458546572
4.852030263919617,4.75822914423965,0.09380111967996729
3.970291913552122,4.786740037117418,-0.8164481235652956
4.955827057601261,4.885370877541271,0.0704561800599901
5.14166355650266,5.3323495825048814,-0.19068602600222118
6.277582897583581,6.434736211265007,-0.1571533136814267
5.468060141135132,5.593796152642561,-0.12573601150742864
5.552959584921617,5.335318005558709,0.2176415793629083
5.993961427306569,5.1733731582445195,0.8205882690620498
5.313156716744676,5.305072345657577,0.00808437108709903
6.92461239604856,6.348398064256929,0.5762143317916308
5.762680115903686,5.843826485557353,-0.08114636965366717
5.298317366548036,5.266057951162803,0.03225941538523358
4.398883751740304,4.566043584528923,-0.16715983278861835
3.871201010907891,4.205372971570219,-0.33417196066232746
4.07753744390572,4.2460565250407205,-0.1685190811350008
3.8426729272933526,4.5021600492160605,-0.6594871219227079
5.438079308923196,4.704012066364286,0.7340672425589094
4.783316371371566,4.807186671945628,-0.023870300574062142
5.1647859739235145,5.291070207056736,-0.12628423313322124
4.365261888341151,4.221921193631618,0.1433406947095328
4.844187086458591,4.475464171290394,0.3687229151681972
3.955082494888593,4.249008271329085,-0.2939257764404921
4.537747509670657,5.022810522998466,-0.48506301332780843
4.867534450455582,4.865454126112759,0.0020803243428231255
5.365976015021851,5.391049047311875,-0.02507303229002389
5.685279003091641,5.727163689238746,-0.041884686147104944
4.382026634673881,4.538312097526126,-0.15628546285224498
5.247024072160486,5.167840268131782,0.07918380402870451
5.087596335232384,4.913115796301223,0.174480538931161
4.916324614625014,4.696849832830667,0.21947478179434743
4.709530201312334,4.655763191155947,0.05376701015638652
6.001959284200623,5.731708522336793,0.27025076186383057
4.718498871295094,4.717269866322848,0.001229004972246095
5.521460917862246,5.661727306303487,-0.1402663884412414
6.111467339502679,5.020218971457984,1.0912483680446945
5.675040005790547,5.740216508828757,-0.06517650303821032
3.614155907918,4.039608666080961,-0.42545275816296124
5.307029307150058,5.345931136826972,-0.03890182967691391
3.962906215742716,4.546657019726297,-0.5837508039835808
4.007333185232471,4.160595713952323,-0.1532625287198517
6.944087208229528,6.504426916683458,0.4396602915460708
6.1224928095143865,6.222500413501992,-0.10000760398760544
5.513428746164983,5.678286472576258,-0.16485772641127472
4.599453878991982,4.5001036810809145,0.09935019791106736
5.2428046566177775,5.125855226383023,0.11694943023475446
5.972001362194717,5.907767518303467,0.06423384389124998
4.110873864173311,4.170394678423421,-0.05952081425011002
4.634728988229636,4.79334340506596,-0.1586144168363237
4.276666119016055,4.198502051175907,0.07816406784014873
5.271613983713487,5.147977694684532,0.12363628902895485
5.736572297479192,5.488509912794352,0.24806238468484043
4.897839799950911,4.963898721087347,-0.06605892113643552
4.787491742782046,4.794467231739695,-0.006975488957649212
4.158883083359672,4.070785863783319,0.08809721957635297
5.391352232515226,5.404303201860007,-0.01295096934478046
6.368187186350492,4.499247187768858,1.8689399985816344
5.420534999272286,5.650634406365007,-0.23009940709272048
6.566672429803241,5.837136089134719,0.7295363406685214
6.78105762593618,6.794165421777547,-0.013107795841366787
3.784189633918261,4.3597316988382095,-0.5755420649199485
5.241747015059643,5.37936178917202,-0.137614774112377
4.432838563223485,4.233516057063018,0.19932250616046687
5.049856007249537,5.128433377711994,-0.07857737046245727
5.170483995038151,5.1610020986566685,0.00948189638148289
5.703782474656201,5.627497998112069,0.07628447654413151
5.318119993844216,5.294505762839797,0.023614231004419395
6.037274083139276,5.953745781294794,0.08352830184448212
4.51085950651685,4.83754478136249,-0.3266852748456399
5.768320995793772,5.816287392501362,-0.047966396707590064
4.903421209789107,5.230403278239052,-0.3269820684499454
4.430816798843313,4.324489893851261,0.10632690499205211
5.075173815233827,5.060756007496378,0.014417807737448385
6.256594215089252,5.974730147285584,0.28186406780366813
5.890262041598819,6.072620047653415,-0.18235800605459573
5.336046583358044,5.830540809093118,-0.49449422573507373
6.352629396319567,6.039313516580353,0.31331587973921415
5.551679696446243,5.469143469039291,0.0825362274069521
3.426215144637444,3.291946419264816,0.1342687253726278
5.552959584921617,5.618219064275666,-0.06525947935404908
4.927253685157205,5.141109482669986,-0.21385579751278083
3.970291913552122,3.9323941487585583,0.03789776479356366
4.77912349311153,4.813440484935723,-0.03431699182419301
5.43372200355424,5.292816848833614,0.1409051547206257
6.024657514463746,5.899774965369619,0.124882549094127
6.461468176353717,6.565890181123299,-0.10442200476958163
5.207681246288592,5.086030721471117,0.12165052481747551
5.6240175061873385,5.119578110282462,0.5044393959048765
4.693181063310805,4.7698916080660565,-0.07671054475525185
4.665135767155525,4.535230756036276,0.12990501111924946
4.7535901911063645,4.648344471160399,0.1052457199459651
4.629862798578463,4.307116882111153,0.3227459164673103
6.622071209193029,6.725630099747344,-0.10355889055431522
5.3364798276423855,4.950741036920362,0.38573879072202377
5.786897381366708,5.7087383595210985,0.07815902184560919
5.37989735354046,5.3672056865350966,0.012691667005363172
5.354697699984144,5.446505723491004,-0.0918080235068599
5.272999558563747,5.266578302368666,0.006421256195080716
4.297829475873126,4.423197005085568,-0.12536752921244165
5.525452939131784,5.57855618483628,-0.05310324570449598
4.276666119016055,4.501454506270366,-0.2247883872543106
3.415100286831146,3.979585709174079,-0.564485422342933
5.809642865355678,5.87050015882503,-0.060857293469352314
6.107201045590578,6.090713870015622,0.016487175574956048
4.61512051684126,4.702669905174402,-0.08754938833314263
3.970291913552122,4.237566464649673,-0.2672745510975507
3.9318256327243257,3.949839411235312,-0.018013778510986178
4.499809670330265,4.498891451843724,0.0009182184865412779
6.107022887742255,6.0454693497252885,0.06155353801696695
4.02535169073515,4.140768046320043,-0.11541635558489372
5.375278407684165,5.3640484706857405,0.011229936998424783
5.779199113940956,5.910476919721858,-0.13127780578090142
5.859360706474645,5.798317515798702,0.06104319067594233
5.484796933490655,5.722187973012634,-0.23739103952197915
5.357764825191457,5.597419918817141,-0.23965509362568405
5.350909816667207,5.4425673758070685,-0.09165755913986118
5.651435994283992,5.942807011964633,-0.2913710176806408
6.104793232414985,6.070660559942546,0.03413267247243912
4.356708826689592,4.468136659612703,-0.11142783292311087
5.189617949624696,5.093652365624939,0.09596558399975752
4.90527477843843,4.833972071191684,0.07130270724674581
5.367516883349041,5.310011557754158,0.057505325594883416
4.189654742026425,4.13666376086404,0.05299098116238543
5.611923000978106,5.572589580538638,0.039333420439467304
4.143134726391533,4.496754902569951,-0.3536201761784188
5.5093883366279774,5.498466930395822,0.010921406232155206
4.343805421853684,4.203705165125585,0.14010025672809956
7.050122520269059,6.810617716929997,0.2395048033390621
5.5093883366279774,5.546362502153951,-0.03697416552597321
5.866638014161137,6.593227091790893,-0.7265890776297557
4.8467821415853445,4.636392323594157,0.21038981799118783
5.384495062789089,5.236010172189952,0.1484848905991365
5.525452939131784,5.770540413568637,-0.2450874744368523
4.875197323201151,4.96322612946207,-0.08802880626091891
3.828641396489095,4.230086190564841,-0.4014447940757462
5.936823550148803,6.047631802261779,-0.1108082521129754
4.964242254526545,4.964848959735052,-0.0006067052085070301
6.570182436916891,6.53483564565406,0.03534679126283091
5.184588601219693,5.1729273246720835,0.011661276547609845
4.243769809042028,4.106978401804802,0.13679140723722671
5.368309738368072,5.382031449755552,-0.013721711387480795
5.0238805208462765,4.920999966798338,0.10288055404793806
4.394449154672439,4.594028505380851,-0.1995793507084116
5.807151007633235,5.825682543902228,-0.018531536268993065
6.064947323867785,6.091257534727645,-0.02631021085985985
4.333623895445714,4.7059665258840475,-0.37234263043833327
5.484796933490655,5.442686285842663,0.042110647647992216
6.208992359636556,6.24136325951938,-0.0323708998828236
5.510723477319505,5.540787002683109,-0.03006352536360346
6.042632833682381,5.850841704297606,0.19179112938477516
4.013315256910018,4.1206109753469,-0.10729571843688213
4.762173934797756,4.651439306341504,0.11073462845625226
4.319885238136032,4.234300620915532,0.08558461722050037
4.290459441148391,4.3763039092775955,-0.08584446812920454
5.5626028611934215,5.529484980326055,0.033117880867366445
5.856503561673865,5.399914503742432,0.4565890579314331
5.043425116919247,4.864674350541805,0.17875076637744147
5.236441962829949,5.271588641537132,-0.03514667870718302
5.19478850571918,6.063514649054503,-0.8687261433353228
4.912654885736052,4.874209481620433,0.038445404115619475
4.394449154672439,4.576674624399347,-0.1822254697269079
3.871201010907891,3.795858173637094,0.07534283727079716
5.449964916157176,5.229565077826717,0.22039983833045973
5.324423613632516,5.469244001922708,-0.14482038829019217
5.94672865326659,5.662589049170847,0.2841396040957438
5.170483995038151,5.3906937653197184,-0.22020977028156707
5.427897212083932,5.448003136953809,-0.020105924869876723
4.567779796769532,4.55714821221966,0.010631584549871675
7.110696122978827,6.485874318709333,0.6248218042694944
3.828641396489095,3.882375380032664,-0.053733983543569064
5.602118820879701,5.6171956807562715,-0.015076859876570481
4.632785353021065,4.607465486686726,0.025319866334339025
4.499809670330265,4.389600747158155,0.1102089231721104
5.434813111136574,5.3006991457379815,0.13411396539859233
5.43372200355424,5.269516748102193,0.164205255452047
5.010635294096256,4.97270752743914,0.03792776665711628
5.278114659230517,5.246005114498026,0.03210954473249039
4.6443908991413725,4.59161889458814,0.0527720045532325
5.153291594497779,5.066487863431011,0.08680373106676864
4.663439094112067,4.7500357132566595,-0.0865966191445926
4.762173934797756,4.527843217092495,0.23433071770526137
4.762173934797756,4.767414650835353,-0.005240716037596904
5.800606659291741,5.742569961217523,0.05803669807421841
5.643678550586496,5.635483502564945,0.00819504802155091
6.431331081933479,6.361483846687345,0.0698472352461339
5.14166355650266,5.0653113287068745,0.07635222779578577
6.920671504248683,6.790140509457263,0.13053099479142016
5.43153621033426,5.566111133225779,-0.1345749228915194
4.276666119016055,4.265325597265495,0.011340521750560661
4.31748811353631,4.232903887235448,0.08458422630086204
5.883322388488279,5.972517215293193,-0.0891948268049143
6.023447592961033,5.893313846208702,0.13013374675233091
6.234410725718371,5.5382427973834005,0.6961679283349707
4.718498871295094,4.501021234939624,0.21747763635547024
3.951243718581428,4.281680042766518,-0.33043632418509006
4.844187086458591,4.75910715974138,0.08507992671721087
5.0238805208462765,4.968047050896532,0.055833469949744696
4.749270529961848,4.784972640406609,-0.03570211044476146
5.409411414053624,5.390029189578439,0.01938222447518445
5.220355825078324,5.214424797218172,0.00593102786015276
4.8283137373023015,4.837961868718979,-0.009648131416677863
4.31748811353631,4.307631016625973,0.009857096910336871
5.750984076140496,5.294435647349316,0.4565484287911792
5.351858133476067,5.223693227181848,0.12816490629421828
5.150397236471415,5.053045780509969,0.09735145596144612
4.812915795122205,5.363331500624156,-0.5504157055019512
3.58351893845611,3.8425622629462377,-0.2590433244901278
4.730303916744857,5.005106419915963,-0.2748025031711059
5.354224998486333,5.270562517993624,0.08366248049270908
5.999755085425717,6.0474549543541505,-0.04769986892843381
5.43372200355424,5.525732509649264,-0.09201050609502381
4.356708826689592,4.501326619390542,-0.14461779270095043
4.532599493153256,4.452767553634671,0.07983193951858514
6.755768921984255,6.48031328377109,0.275455638213165
5.673323267171493,5.097572746213012,0.575750520958481
5.659482215759621,4.827594073858837,0.8318881419007846
5.652489180268651,5.385201041407863,0.2672881388607875
5.308267697401205,5.27034669748797,0.0379209999132355
4.060443010546419,3.9928145830197526,0.06762842752666653
4.276666119016055,4.238833804668782,0.03783231434727341
5.743067288319104,5.864696656579259,-0.12162936826015525
5.303304908059076,5.276643617347504,0.026661290711571972
4.299731391947051,4.378479449207604,-0.07874805726055278
5.459585514144159,5.525715440871988,-0.0661299267278288
5.075173815233827,5.140091183144084,-0.06491736791025726
5.596568390349052,5.512608847856438,0.0839595424926145
5.327876168789581,5.356434294358453,-0.02855812556887205
5.308267697401205,5.2079452901977925,0.10032240720341257
5.683579767338681,5.670013356199935,0.013566411138746126
4.5217885770490405,4.964157610616729,-0.4423690335676884
3.6375861597263857,3.528722203891751,0.10886395583463448
5.151382258424339,5.208438514085559,-0.05705625566122041
4.9880487954234605,5.173865241899163,-0.1858164464757026
5.598421958998375,5.505958109713337,0.09246384928503826
4.74493212836325,4.71106988169823,0.033862246665020024
4.736198448394496,4.612589778739679,0.12360866965481687
4.7535901911063645,4.386139545356489,0.3674506457498756
4.000766215262535,4.150213503003131,-0.14944728774059524
6.851184927493743,6.751829718879434,0.09935520861430902
4.948759890378168,4.888009030078551,0.06075086029961785
5.993961427306569,5.895410495194554,0.09855093211201549
5.6937321388027,5.5934457513925135,0.10028638741018625
4.77912349311153,4.803375506436296,-0.024252013324766786
5.6185876285929695,5.575317448508801,0.04327018008416861
5.746203190540153,5.68472509556729,0.06147809497286261
4.705920089088234,4.295511931561283,0.4104081575269509
5.560681631015528,5.637511548572161,-0.07682991755663338
5.468060141135132,5.429616493776751,0.03844364735838113
5.075173815233827,5.09759370236829,-0.022419887134462968
4.02535169073515,4.1543153561113035,-0.1289636653761539
3.695606774863363,3.9960946883191704,-0.3004879134558074
4.0163830207523885,4.252784390513335,-0.23640136976094617
5.332718793265369,4.364712872259273,0.9680059210060961
3.912023005428146,4.065720550957387,-0.1536975455292411
5.566434283504978,5.656015228129826,-0.08958094462484834
5.011368358672085,5.015198741735846,-0.0038303830637609337
6.878326468291325,5.963962367122142,0.9143641011691832
5.602118820879701,5.657413333773624,-0.05529451289392284
5.786897381366708,5.94272060950876,-0.15582322814205263
5.418320158942733,5.380172087029049,0.03814807191368441
6.127960291696519,6.197317635775536,-0.06935734407901695
5.992713766508414,5.954998222301541,0.03771554420687284
5.147494476813453,5.5701275143479325,-0.4226330375344798
5.831882477283517,5.339512114121682,0.492370363161835
4.430816798843313,4.673233904261418,-0.24241710541810502
5.856503561673865,5.859457147799676,-0.002953586125811647
6.398594934535208,6.431748551160351,-0.03315361662514338
5.993961427306569,5.736347739459126,0.2576136878474431
5.260096153727839,5.2190039729532955,0.041092180774543685
5.537334267018537,5.412695821454235,0.12463844556430193
6.333101992469981,6.536769595443841,-0.20366760297386044
3.044522437723423,2.950808051058615,0.09371438666480802
4.485936098064394,4.448886404443144,0.03704969362124988
5.062595033026967,5.053168789654194,0.00942624337277298
5.893024474294729,5.944935918611099,-0.05191144431636996
4.356708826689592,4.302016755166992,0.054692071522599583
5.160950054755124,5.123457992703356,0.03749206205176758
5.83129579495516,5.599430617406449,0.23186517754871083
5.404927101606295,5.404738820643559,0.00018828096273537653
5.25227342804663,5.062815161184791,0.18945826686183853
7.225814386792591,7.250865815918691,-0.025051429126100366
4.189654742026425,4.096841281772723,0.0928134602537023
5.705647401265714,5.584119891385877,0.12152750987983651
4.810557015713042,5.11423003894321,-0.30367302323016787
5.457455587886334,5.403840867978452,0.05361471990788136
4.297285406218791,4.399827282049342,-0.10254187583055163
4.975008116453105,4.958914573192464,0.016093543260640608
4.663439094112067,4.654443822179501,0.008995271932565885
5.860216260498028,5.829154532659207,0.031061727838820552
5.054396963535125,5.038143028252378,0.0162539352827471
5.525452939131784,5.452522624340539,0.07293031479124501
6.3818160174060985,6.388981933557814,-0.007165916151715912
5.14166355650266,5.514667322475517,-0.37300376597285645
5.198497031265826,5.343135578895313,-0.14463854762948714
4.158883083359672,4.15436761634917,0.0045154670105027606
5.305789381386738,5.219184223960055,0.08660515742668284
5.560681631015528,5.573172343082631,-0.012490712067103615
4.477336814478207,4.5150439826991695,-0.03770716822096265
5.860786223465865,5.776427039261489,0.08435918420437627
5.181783550292085,5.107860976611636,0.07392257368044941
4.127134385045092,4.811137176847173,-0.6840027918020812
4.499809670330265,4.700949020522868,-0.20113935019260332
5.204006687076795,5.212641707626751,-0.008635020549955463
4.31748811353631,4.36176781914001,-0.044279705603700314
5.225746673713202,5.225334264832404,0.00041240888079752125
5.709333704694526,5.613847030363043,0.09548667433148328
4.174387269895637,4.873902684120951,-0.6995154142253144
5.37989735354046,5.331972815563287,0.04792453797717311
5.185540528945076,5.082218673404854,0.103321855540222
6.007583928987866,5.949837077484902,0.05774685150296399
4.672828834461906,4.6899804669898195,-0.01715163252791374
4.61512051684126,4.50164514889594,0.11347536794531976
6.968850378341948,6.775661709792125,0.19318866854982275
6.241250029368613,6.2417737889241005,-0.0005237595554872243
7.225814386792591,6.431348101872517,0.7944662849200732
5.830415125589567,5.948131991270244,-0.11771686568067707
5.594711379601839,5.599752434391334,-0.005041054789495014
4.04305126783455,4.061485097015108,-0.018433829180557915
5.87493073085203,5.734487535539732,0.1404431953122982
5.723585101952381,5.9119041312507825,-0.18831902929840183
5.62040086571715,5.718457800226626,-0.09805693450947661
4.51085950651685,4.740833391111648,-0.2299738845947985
4.624972813284271,4.443746887502958,0.18122592578131247
5.010635294096256,5.696426423550823,-0.6857911294545662
5.19295685089021,5.356662886858642,-0.16370603596843125
4.561845061249718,4.677437779808436,-0.11559271855871778
6.040254711277414,5.994931800024649,0.04532291125276444
5.541263545158426,5.260718994398652,0.2805445507597737
5.849324779946859,6.134342332511668,-0.2850175525648089
5.860786223465865,5.126513376442285,0.73427284702358
3.4544221428994533,3.7852830752845477,-0.3308609323850944
3.9889840465642745,4.0342377996005485,-0.04525375303627399
4.532599493153256,4.487646145025508,0.04495334812774843
3.864092471670596,4.06359078026286,-0.19949830859226392
5.723585101952381,5.510788025207504,0.21279707674487636
5.1328529268205045,5.1923280752344825,-0.05947514841397794
4.795790545596741,4.728713084474835,0.06707746112190627
5.697093486505405,5.562361113917011,0.13473237258839355
5.1640428407255685,4.962491738264086,0.20155110246148222
3.624340932976365,4.249369076205026,-0.6250281432286608
5.40042258948519,5.341545433169526,0.05887715631566426
5.286598973593838,5.275202465721387,0.011396507872451167
4.770684624465665,4.778006815305174,-0.007322190839508913
3.951243718581428,3.8800797227660997,0.07116399581532828
6.580639137284949,6.692942265352494,-0.11230312806754483
5.3230099791384085,5.358695997704882,-0.0356860185664738
3.56161410306806,3.8993751589567784,-0.3377610558887185
4.624972813284271,4.638884797523472,-0.01391198423920148
5.2832037287379885,4.401038372901446,0.8821653558365421
4.90527477843843,4.938631956825747,-0.033357178387317
6.129768905985113,6.00112764240983,0.12864126357528338
5.521460917862246,5.113414195467107,0.40804672239513895
5.127529045567755,5.065441174790569,0.06208787077718547
5.116795489924646,5.205039146474557,-0.08824365654991073
3.681351187693145,4.021289791873403,-0.3399386041802579
5.410037616158444,5.479225132230597,-0.06918751607215246
4.51085950651685,4.628537201078499,-0.11767769456164956
5.993961427306569,6.051497109254545,-0.05753568194797598
6.515882376893408,6.492436231268313,0.023446145625095838
4.94021282979971,5.177837336155075,-0.23762450635536503
5.492032107171434,5.656660521343629,-0.16462841417219476
5.953243334287785,6.100818081502145,-0.14757474721436026
5.893713891764297,5.656571997340675,0.23714189442362166
6.695180679017161,6.989386209253007,-0.2942055302358453
6.395261598115449,6.3567019074440765,0.03855969067137277
4.758491950931741,5.26249801509814,-0.5040060641663997
5.7745515455444085,5.44591640715575,0.3286351383886581
5.217649463480582,5.2860032242253485,-0.06835376074476684
5.676753802268282,5.641333021608963,0.03542078065931875
5.895779296973574,5.872500518143888,0.023278778829685542
5.666426688112432,5.560382347197321,0.10604434091511106
4.07753744390572,4.719233441719614,-0.6416959978138941
5.805676990670853,5.769168399513644,0.03650859115720895
5.821565510312585,5.5843348349984945,0.23723067531409026
4.663439094112067,4.748613591922869,-0.08517449781080177
4.021415382199343,4.5642044164583035,-0.542789034258961
3.912023005428146,4.125283726767568,-0.21326072133942242
6.018593214496234,5.5228970963053206,0.49569611819091364
5.6501355354254255,5.246162820891501,0.403972714533924
5.799092654460526,5.615482142839352,0.1836105116211737
4.406719247264253,4.970166190463696,-0.5634469431994429
4.269697449699962,3.9875874367338566,0.28211001296610494
5.081404364984463,5.2044131066760135,-0.1230087416915504
5.251225759014186,5.204623603629365,0.046602155384821486
4.532599493153256,4.564130524063932,-0.031531030910675995
4.143134726391533,4.012580616894728,0.13055410949680457
6.51397167564781,6.636053471098022,-0.12208179545021203
5.290789100127245,5.187778903500038,0.10301019662720723
6.060290738037835,5.972704119058154,0.08758661897968079
4.77912349311153,4.866398590954751,-0.08727509784322152
5.308267697401205,5.039032904041321,0.26923479335988443
4.394449154672439,4.17796209609233,0.21648705858010953
4.143134726391533,4.156304504770447,-0.013169778378914643
4.158883083359672,4.30909697692618,-0.15021389356650783
6.282266746896006,6.34743280267865,-0.0651660557826439
4.927253685157205,5.051143934976425,-0.12389024981921981
6.503164788284634,6.431870552784128,0.07129423550050618
5.720311776607412,5.765635099817236,-0.04532332320982402
5.319099905730565,5.209962876534492,0.10913702919607271
4.394449154672439,4.579785243172039,-0.18533608849960004
6.061456918928017,5.903470194434588,0.157986724493429
5.442417710521793,5.457405271720437,-0.01498756119864364
4.51085950651685,4.614132657797382,-0.10327315128053183
4.393955205539156,4.380008071797642,0.013947133741514683
4.418840607796598,4.282482042836947,0.13635856495965104
5.654242029096065,5.910924281784966,-0.25668225268890055
6.042632833682381,5.898985229863127,0.1436476038192538
4.624972813284271,4.701487152018876,-0.07651433873460523
4.276666119016055,4.197952271256263,0.07871384775979262
4.189654742026425,4.384192301016913,-0.19453755899048808
4.709530201312334,4.612108675454627,0.09742152585770647
6.108135853911675,6.042525047686991,0.06561080622468385
4.31748811353631,4.458147361536389,-0.14065924800007856
5.272999558563747,5.226923303191552,0.04607625537219473
5.420534999272286,5.3754380516385005,0.04509694763378569
4.276666119016055,4.337244090326488,-0.06057797131043241
5.44673737166631,5.5462605464886625,-0.09952317482235262
5.267858159063328,5.233911833077509,0.03394632598581904
4.471638793363569,4.935015177768767,-0.4633763844051977
4.844187086458591,4.591965178086693,0.2522219083718982
5.942799375126701,5.881060401558219,0.0617389735684819
5.204006687076795,5.306211735192163,-0.10220504811536824
5.655991810819852,5.777933687367974,-0.12194187654812172
5.389071729816501,5.359757300191533,0.029314429624967886
6.638567789166521,6.663716772406141,-0.025148983239620115
5.598940343132618,5.73102152546615,-0.13208118233353172
6.066108090103747,5.92977978739777,0.1363283027059774
4.454347296253507,4.414306111766873,0.04004118448663441
4.646312129319266,4.440654779775653,0.20565734954361314
4.48863636973214,4.860135495300105,-0.37149912556796494
4.882801922586371,4.951703952158145,-0.06890202957177483
4.406719247264253,4.444125835240547,-0.03740658797629326
5.159055299214529,5.223333873675498,-0.0642785744609693
4.330733340286331,4.184573864385687,0.14615947590064415
5.267858159063328,5.267127586415706,0.0007305726476225516
5.602118820879701,5.631246913125557,-0.02912809224585633
5.2293423520445055,5.202866826039494,0.026475526005011574
5.855071922202427,5.874120100535771,-0.019048178333344268
6.951456325053232,6.70115715555753,0.25029916949570197
4.791649752930709,4.722389550832546,0.06926020209816297
5.010635294096256,5.083449639723927,-0.07281434562767064
4.3527265489623295,4.886544000680096,-0.5338174517177663
6.22455842927536,6.468962892484941,-0.2444044632095812
4.07753744390572,4.2582188421183575,-0.18068139821263784
6.565264970035361,6.318885869664606,0.2463791003707554
5.221706264176197,5.163098531543751,0.058607732632445675
5.284218442168535,5.212845675777925,0.07137276639060985
5.771441123130016,5.623136392475495,0.14830473065452043
4.248495242049359,4.153882444938215,0.09461279711114479
5.413118182025214,5.575841627742755,-0.16272344571754083
6.525029657843462,6.355333941885254,0.1696957159582082
5.068904202220232,5.150541639914304,-0.08163743769407183
5.059425458265688,4.909567173104045,0.1498582851616428
5.231108616854587,5.5248564808642096,-0.2937478640096227
5.3867860145356445,5.431642287989631,-0.044856273453986795
5.41253851063806,5.826102293222084,-0.41356378258402327
4.727387818712341,5.479685242833902,-0.7522974241215614
4.343805421853684,4.384554117709464,-0.04074869585577989
5.420534999272286,5.625983030238777,-0.20544803096649122
5.887491956725004,5.860522405890019,0.02696955083498498
5.111987788356544,5.186676150333379,-0.07468836197683526
4.553876891600541,4.486934382173539,0.06694250942700197
5.302807271820889,5.352745304971064,-0.04993803315017509
5.033700567027251,5.161572421173197,-0.12787185414594582
5.0466457316192885,5.088298029127533,-0.04165229750824473
5.91943134420815,6.313963679518793,-0.39453233531064225
5.062595033026967,5.019024570362636,0.043570462664330734
4.290459441148391,4.364922794001995,-0.07446335285360384
6.2166061010848646,6.080429290012716,0.13617681107214885
5.5073619934827445,5.504554065760112,0.0028079277226327193
4.400603020246817,4.520774869547592,-0.12017184930077462
5.204006687076795,5.20368013612454,0.00032655095225475606
5.5884838502927385,5.739865183420101,-0.1513813331273628
5.472270673671475,5.460957327697607,0.011313345973867683
5.071604954419274,5.034662772674397,0.036942181744876734
5.602118820879701,6.003209377381657,-0.4010905565019556
3.49650756146648,3.682711585837447,-0.18620402437096706
5.83773044716594,5.805659362040042,0.03207108512589851
5.982676041074902,6.361092278881118,-0.37841623780621614
5.585749407744609,5.694921667948812,-0.10917226020420312
3.990279503393914,4.167674234951935,-0.17739473155802132
5.017279836814924,5.130959870288798,-0.1136800334738739
4.844187086458591,5.102974154278944,-0.25878706782035277
6.042632833682381,5.780189060794218,0.26244377288816345
5.614951260949585,5.727489359470109,-0.11253809852052399
4.7318028369214575,4.462768361861388,0.26903447506006994
5.117993812416755,5.215316317105783,-0.09732250468902759
6.257667587882639,6.357174188382013,-0.09950660049937365
6.111467339502679,5.705208865277452,0.40625847422522643
5.1149953094204985,5.193272066000429,-0.07827675657993005
5.6937321388027,5.7396132863874,-0.04588114758470052
5.429345628954441,5.334202951442334,0.09514267751210692
4.5217885770490405,4.482046732842506,0.03974184420653426
4.276666119016055,4.23488787085398,0.04177824816207565
5.484796933490655,5.820973987691723,-0.3361770542010678
5.364432768754897,5.8111512858501735,-0.44671851709527655
5.178012403504388,5.065037195754717,0.11297520774967129
5.575949103146316,5.109540495258926,0.4664086078873897
3.970291913552122,3.909632288457682,0.060659625094440006
7.225814386792591,6.538506487808593,0.687307898983998
5.214935757608986,5.217702567449127,-0.0027668098401409935
4.324132656254979,4.272787028014396,0.05134562824058264
5.10594547390058,5.224742681726761,-0.11879720782618097
6.2015228588735365,6.166647789465293,0.03487506940824314
4.962844630259907,4.576600756838227,0.3862438734216802
4.442651256490317,4.548197207537037,-0.10554595104672071
4.683426683953859,4.855628204496341,-0.17220152054248228
4.974869937649514,4.940142512514221,0.03472742513529248
6.184829071933068,6.127720820981837,0.05710825095123084
4.941642422609304,4.995511532564063,-0.0538691099547588
3.80666248977032,3.7333309272493356,0.0733315625209845
4.505349850705881,4.473727936718481,0.031621913987399886
4.880298792368253,5.065898724545553,-0.18559993217730053
6.583409222158765,6.616858407796154,-0.03344918563738908
5.936216072877503,6.04238656512283,-0.10617049224532682
4.875197323201151,4.946480136177969,-0.07128281297681749
4.007333185232471,4.018914882533513,-0.011581697301041416
3.7639869266007415,3.9440558962458345,-0.180068969645093
6.336241489714188,6.236725843458559,0.09951564625562881
6.3690444517266105,6.181709524042385,0.18733492768422533
5.089631300322754,5.246738252889509,-0.157106952566755
6.2166061010848646,5.076191568844857,1.1404145322400074
5.731721843345443,5.784539743329112,-0.05281789998366904
4.564348191467836,4.512087014491096,0.05226117697674049
5.771441123130016,5.80517899784876,-0.03373787471874401
5.937536205082426,6.017120990587459,-0.07958478550503312
4.524935793277486,4.376048618303049,0.14888717497443693
4.745975062579112,4.880160716696623,-0.13418565411751082
4.607168188650764,4.761269328550039,-0.1541011398992751
4.241326752570746,4.475959096506591,-0.23463234393584464
4.394449154672439,4.468138474037618,-0.07368931936517864
6.49888437773914,6.684121179297067,-0.18523680155792732
4.430816798843313,4.4020809449247755,0.028735853918537835
5.945420608606575,5.835645850016798,0.10977475858977748
7.225814386792591,7.398725698501209,-0.17291131170861807
6.274762021241939,6.1381086299956245,0.13665339124631437
4.812184355372417,5.036716943747872,-0.22453258837545498
5.619204498180904,5.544575737527946,0.07462876065295809
4.127134385045092,4.349604129997623,-0.22246974495253102
5.62040086571715,5.303827941443045,0.3165729242741042
4.430816798843313,4.666956265254353,-0.23613946641103922
6.028278520230698,5.716446953815875,0.31183156641482324
5.663134076178392,4.151544382477957,1.5115896937004347
5.667153067833411,5.447105701118869,0.2200473667145415
5.712775251491246,5.449957485093607,0.26281776639763965
4.143134726391533,4.283819677941336,-0.14068495154980365
4.770684624465665,4.747958644102943,0.022725980362721998
5.440250862436703,5.378329441781861,0.06192142065484241
6.789343295579579,6.685297584311804,0.10404571126777551
4.394449154672439,4.72416358578209,-0.32971443110965115
5.713732805509369,5.619998429419793,0.09373437608957591
5.1298987149230735,5.143529369341134,-0.013630654418060217
5.777652323222656,5.666397596682017,0.11125472654063984
6.706862336602747,5.911534429330855,0.7953279072718917
4.719391330078114,4.760557863759579,-0.041166533681464834
6.0063531596017325,5.775581608101841,0.2307715514998918
5.47926297716206,4.980176319589505,0.49908665757255477
5.673323267171493,5.606517958168794,0.06680530900269854
6.111467339502679,6.225082607462276,-0.11361526795959698
5.375278407684165,5.158354225571298,0.21692418211286757
5.41164605185504,5.338098415278204,0.07354763657683616
5.707110264748875,5.583199641279715,0.12391062346916026
5.427897212083932,5.489182786576594,-0.061285574492661254
4.499809670330265,4.336168065220929,0.16364160510933612
5.958424693029782,5.823196559422835,0.13522813360694652
5.289528860514958,5.258252020711365,0.03127683980359297
4.02535169073515,4.139926974479688,-0.1145752837445384
6.096567529606991,6.01814098789133,0.0784265417156611
5.62040086571715,6.056468990274529,-0.4360681245573792
6.434546518787453,6.477479627016076,-0.04293310822862306
5.372960909543803,5.466967523435909,-0.0940066138921063
6.692083742506628,6.597496917698745,0.09458682480788294
5.382980154426746,5.625965695967975,-0.24298554154122876
5.570631961868696,5.571893175061882,-0.0012612131931852844
5.371567828287629,4.880244405206776,0.4913234230808534
4.882801922586371,4.983604036522184,-0.10080211393581351
5.311579040531222,5.3449556608597595,-0.0333766203285375
5.634789603169249,5.3644418287435744,0.2703477744256748
4.02535169073515,3.9429288072234265,0.08242288351172311
6.342121418721152,6.249899329181626,0.0922220895395256
5.752572638825633,5.733219052074239,0.01935358675139387
5.289932310013596,5.221777455181098,0.06815485483249883
5.231108616854587,5.2390741650144586,-0.007965548159871716
5.3706380281276624,5.3375566865245645,0.03308134160309795
5.69035945432406,5.736013288039387,-0.04565383371532672
5.484796933490655,5.639461571036607,-0.1546646375459524
5.461710913456472,5.512476740713554,-0.050765827257081675
4.68213122712422,4.710473491735318,-0.02834226461109779
4.51085950651685,4.21905292429179,0.2918065822250595
5.198497031265826,5.373304994349056,-0.17480796308322955
4.406719247264253,4.737861662587333,-0.33114241532307975
3.658162481451876,3.568952619382467,0.08920986206940906
4.543294782270004,4.45775797135131,0.08553681091869425
4.48863636973214,4.477043452543505,0.011592917188634644
4.5591262474866845,4.509341237451876,0.04978501003480851
7.148502964244704,5.673102410559559,1.4754005536851453
5.564520407322694,5.569059655818111,-0.004539248495417425
5.043425116919247,4.9487917617510675,0.09463335516817928
4.262679877041316,4.501301107590174,-0.23862123054885753
5.146680191885077,5.122755405429732,0.02392478645534446
4.966335035199676,5.049659694908835,-0.08332465970915859
5.438079308923196,5.8415196591298315,-0.40344035020663593
5.123844924697481,5.281242525057945,-0.15739760036046402
4.774912960575186,4.967935461653869,-0.19302250107868257
5.248286432942471,5.204242768461205,0.04404366448126673
5.631211781821365,5.552026222090535,0.07918555973083041
5.4510384535657,5.557256204518477,-0.10621775095277641
4.999237249143887,4.961894933468352,0.037342315675534365
6.107757584379,6.1378915321249305,-0.03013394774593081
4.948759890378168,5.131191627180036,-0.18243173680186775
6.61480602592395,6.507386934697703,0.10741909122624715
4.795790545596741,4.7838918867902605,0.011898658806480888
5.552067714455147,5.565563593820087,-0.013495879364940677
4.59511985013459,4.592689163559022,0.0024306865755674423
4.204692619390966,4.112292393166437,0.09240022622452848
3.814410176561146,3.951910488966318,-0.13750031240517213
5.231856999847767,5.28418581924392,-0.05232881939615286
5.74194493575055,5.375648981500421,0.36629595425012873
4.174387269895637,4.058553308109631,0.1158339617860058
5.010635294096256,5.034100977473813,-0.023465683377556168
4.499809670330265,4.604607806516228,-0.10479813618596268
4.189654742026425,4.261930843818832,-0.07227610179240695
4.705467907303455,5.172535653244982,-0.46706774594152733
5.320567975482857,5.043662482805113,0.2769054926777441
4.980176086611547,5.289027049540166,-0.30885096292861824
4.343805421853684,4.252884830736503,0.09092059111718154
4.51085950651685,5.212816375885141,-0.7019568693682912
4.867534450455582,4.823863298726626,0.0436711517289563
4.48863636973214,4.2434514630846225,0.24518490664751713
5.697093486505405,5.706790296511224,-0.009696810005819678
5.755742213586912,5.778729749712558,-0.022987536125645747
5.300814246746624,5.196190300441925,0.10462394630469873
5.7899601708972535,6.1840720321237015,-0.39411186122644803
4.537961436294641,4.5663452714930255,-0.028383835198384055
5.301811255802292,5.136419882759257,0.1653913730430352
4.969813299576001,4.9118297628855085,0.057983536690492166
7.026426808699636,6.424733104680946,0.6016937040186896
3.2492110246642736,3.258530151860372,-0.00931912719609862
4.875197323201151,5.221152116879877,-0.34595479367872617
3.828641396489095,3.971150267554808,-0.14250887106571275
5.442417710521793,5.4282807136143125,0.014136996907480714
4.454347296253507,5.393052485712426,-0.9387051894589185
6.385194398997726,6.131551475158313,0.2536429238394131
6.927557906278317,5.845010670004027,1.0825472362742898
4.210645017918261,3.9773310050546375,0.23331401286362352
5.25227342804663,5.695837435991775,-0.4435640079451453
6.184829071933068,6.009880321267182,0.17494875066588644
4.974455286641499,4.93927081256177,0.03518447407972847
3.919991175077323,3.8141772118239445,0.10581396325337833
4.465908118654584,4.473381595782285,-0.007473477127700967
4.736198448394496,4.625342151323967,0.11085629707052824
5.617970378242053,5.657774337846672,-0.03980395960461891
5.703782474656201,5.875414982865396,-0.1716325082091954
6.285066562070753,6.393639918247734,-0.10857335617698105
5.703782474656201,5.521395774352239,0.18238670030396165
4.406719247264253,4.503872888437752,-0.09715364117349878
5.376805019596778,5.354878056875279,0.021926962721498633
4.875197323201151,5.124645639032942,-0.24944831583179106
3.176803048446293,4.363825684395098,-1.1870226359488054
5.752572638825633,5.521789948664837,0.23078269016079567
4.77912349311153,4.689474467796136,0.08964902531539387
5.937536205082426,5.915465396408079,0.022070808674347298
4.581594449459386,5.020318923367532,-0.4387244739081462
5.503296947234575,5.528753200981005,-0.025456253746430235
6.104793232414985,5.946664556158791,0.15812867625619376
5.770662003495746,5.729813391453581,0.040848612042164945
5.327876168789581,5.4111933518479285,-0.08331718305834723
4.574710978503383,4.371806944751984,0.2029040337513992
4.882801922586371,4.877445915440664,0.005356007145706165
4.394449154672439,4.05344498086174,0.34100417381069903
4.948759890378168,5.169600910284468,-0.22084101990629978
4.84944880983226,5.376699612230035,-0.5272508023977753
7.064391438871751,6.563269950310047,0.5011214885617044
4.624972813284271,4.944429115313567,-0.3194563020292964
2.694627180770069,3.321400762179299,-0.6267735814092301
3.828641396489095,3.8174206359291145,0.011220760559980558
6.969320634640292,5.851670857670038,1.1176497769702545
6.803505257608338,6.513204821534408,0.2903004360739301
5.662960480135946,5.603488035096041,0.0594724450399049
4.736198448394496,4.823513594071935,-0.08731514567743925
6.592496438760121,5.986779403826289,0.6057170349338321
4.104624871629657,4.110048239636304,-0.005423368006646889
4.238444906195857,3.9554922074044634,0.28295269879139395
5.654242029096065,6.003947496560229,-0.34970546746416353
5.358941988364472,5.199765356861808,0.15917663150266392
5.3471075307174685,5.252995251310099,0.09411227940736921
4.189654742026425,4.201266414381858,-0.011611672355432923
5.442417710521793,5.556298867224449,-0.11388115670265542
5.5073619934827445,5.471334185356391,0.0360278081263532
4.89320219720416,4.966299470524081,-0.07309727331992111
5.906614469191589,6.025513291249292,-0.11889882205770341
6.291939441358515,6.080176305598989,0.21176313575952666
4.23410650459726,4.286065513048092,-0.05195900845083212
5.438079308923196,5.64265082539503,-0.2045715164718347
6.569944146439673,6.636052310410372,-0.06610816397069907
4.824305715904762,4.9278677269962845,-0.10356201109152252
5.602118820879701,5.491305782759921,0.1108130381197796
3.8501476017100575,3.9310466061240588,-0.08089900441400122
5.1101789244325175,5.14109045746388,-0.030911533031362737
5.389071729816501,5.608987665876479,-0.21991593605997828
5.327876168789581,5.22413134376634,0.10374482502324156
5.484796933490655,5.201926302336295,0.28287063115435984
5.812128529154394,6.063939416092333,-0.25181088693793896
5.389071729816501,5.042494415307947,0.3465773145085542
5.860786223465865,5.896443977890862,-0.035657754424996746
3.733852819756668,3.641012085144374,0.09284073461229392
4.330733340286331,4.348013531648342,-0.017280191362011088
4.8338981155962015,4.828777291240537,0.005120824355664411
5.934444359008533,5.6034655525187285,0.3309788064898047
5.4510384535657,5.484681204852965,-0.033642751287264794
5.907185796727432,6.219516639788599,-0.3123308430611669
5.043425116919247,5.231655145625618,-0.1882300287063714
5.640132447579745,5.628782862810214,0.011349584769531518
4.844187086458591,5.149542052359245,-0.30535496590065403
6.589847648723381,6.811851156709362,-0.22200350798598123
5.841600499862562,5.791602094607916,0.049998405254645384
5.198497031265826,5.029743851270423,0.16875317999540318
4.614129927359564,4.762149782528971,-0.14801985516940697
5.707110264748875,5.493311690755693,0.21379857399318247
5.673323267171493,5.2161180028604015,0.4572052643110913
5.392490536565286,5.393229916374178,-0.0007393798088921599
5.006828055753302,4.9917933381125685,0.015034717640733497
5.258432432849122,5.904873899297958,-0.6464414664488363
7.05617528410041,6.864497616346723,0.19167766775368733
5.278114659230517,5.597513544090132,-0.31939888485961543
5.480638923341991,5.482036946789595,-0.0013980234476038689
5.64781159071754,5.6029085982444915,0.04490299247304819
3.7612001156935615,3.781672654779701,-0.020472539086139552
5.14166355650266,4.958446704218873,0.18321685228378737
5.66988092298052,5.755309867513156,-0.08542894453263639
4.795790545596741,4.757575902711567,0.0382146428851744
4.976733742420574,5.217955563743982,-0.24122182132340786
5.448890225027411,5.419964795122877,0.028925429904534283
7.225814386792591,6.138556776072384,1.087257610720207
5.602118820879701,5.56583176862383,0.036287052255871366
5.490424224076788,5.446251675788826,0.04417254828796224
5.664695085948154,5.421364780686291,0.24333030526186317
4.863680881139593,4.868001498310003,-0.0043206171704097684
6.0473721790462776,5.950284813646097,0.09708736540018048
5.241747015059643,5.262198249734429,-0.02045123467478671
5.1765451346181255,4.840458651668589,0.33608648294953625
5.03226631422255,5.064671639182458,-0.032405324959907666
6.9120759315054725,6.079162850082705,0.8329130814227677
6.37434315654335,5.969453241134433,0.4048899154089174
5.983936280687191,5.917922077349657,0.0660142033375335
4.02535169073515,4.020589926144221,0.0047617645909285855
5.153291594497779,4.585837228710499,0.5674543657872801
4.962844630259907,4.943360633528655,0.01948399673125234
4.795790545596741,5.038752322914533,-0.24296177731779167
5.886104031450156,5.881569145151056,0.004534886299099483
5.771441123130016,5.809127170654765,-0.037686047524749355
3.6635616461296463,3.790528232378608,-0.12696658624896173
5.5053315359323625,5.7473121772906355,-0.24198064135827302
4.363098624788363,4.264513397048579,0.09858522773978429
5.570251082031678,5.632586414081512,-0.06233533204983388
4.641598542601643,4.585662451094999,0.055936091506644026
3.9560398908449206,4.114611170567845,-0.15857127972292462
5.53338948872752,5.530305193928277,0.0030842947992431036
5.7899601708972535,5.958384717682832,-0.1684245467855785
5.267858159063328,5.047031669938442,0.22082648912488612
5.14166355650266,5.324745735748958,-0.18308217924629755
5.673323267171493,6.031888834329,-0.3585655671575072
5.205818232051113,5.1893521010417505,0.016466131009362783
5.195730777772936,5.278182382056861,-0.08245160428392495
5.3981627015177525,5.452632223114931,-0.05446952159717888
6.967636094831721,6.770993626610141,0.1966424682215795
6.3035343076165935,6.034984059867326,0.2685502477492676
5.583496308781699,5.544813500199387,0.03868280858231188
5.10594547390058,5.027815875914615,0.0781295979859653
4.646312129319266,4.720865274631311,-0.07455314531204493
5.525452939131784,5.513047772657437,0.012405166474347418
6.616734305264841,6.63987616032503,-0.023141855060188732
5.298317366548036,5.255219609832715,0.04309775671532101
4.574710978503383,4.737197916485421,-0.16248693798203817
6.108513980410614,6.245405212454469,-0.13689123204385467
3.737669618283368,3.7857375031301337,-0.04806788484676572
3.970291913552122,4.281673870634129,-0.3113819570820069
4.867534450455582,4.790865667160418,0.07666878329516447
5.604514472997532,5.5173965553858215,0.08711791761171028
5.099012404713669,4.864669036217959,0.23434336849570947
4.955827057601261,4.6129102723137505,0.34291678528751035
4.110873864173311,4.130167325883931,-0.019293461710619297
3.9889840465642745,4.130353350463959,-0.14136930389968416
7.07284589884773,6.771930778071582,0.300915120776148
5.365976015021851,5.184986266237608,0.1809897487842429
5.863631175598097,5.927052328638432,-0.06342115304033502
5.081404364984463,5.275961427771375,-0.1945570627869122
5.0632277442154265,4.944441144607642,0.11878659960778482
5.856989852571215,5.862448639119154,-0.005458786547938743
4.143134726391533,4.244919892817893,-0.10178516642636026
5.25227342804663,5.339968433418356,-0.08769500537172625
6.489204931325317,6.266682395217972,0.22252253610734485
5.941486177301741,5.859868282562205,0.0816178947395354
4.356708826689592,4.570821255839235,-0.214112429149643
5.1298987149230735,5.329484091059328,-0.1995853761362545
4.26689632742025,4.409291887906285,-0.14239556048603497
5.899897353582492,6.097036090985235,-0.19713873740274224
5.225746673713202,5.119913678647211,0.10583299506599086
5.762837237437516,5.759022749567889,0.0038144878696266815
5.37989735354046,5.071007258291095,0.3088900952493647
5.298317366548036,5.392222175860365,-0.09390480931232847
5.76922683539717,5.407196535555129,0.3620302998420408
6.184148890937483,6.025566403344605,0.15858248759287807
5.530420659233719,5.499492509500423,0.030928149733295385
4.04305126783455,4.679484888274516,-0.6364336204399654
5.234685101303181,5.075388981885415,0.15929611941776578
5.519458915191573,5.570072905096291,-0.05061398990471755
6.39959277263563,6.470061526777105,-0.07046875414147458
5.937536205082426,5.395864450502844,0.5416717545795819
5.872117789475416,5.727576070509991,0.14454171896542523
5.351858133476067,5.306831106840624,0.045027026635442446
5.401189789468666,5.439226362837899,-0.03803657336923294
5.4638318050256105,6.095271538163518,-0.6314397331379071
5.514436302925282,5.491949379786702,0.022486923138580472
5.474369310328396,5.393858452801082,0.08051085752731435
5.53338948872752,5.821210786035161,-0.28782129730764083
5.95739056677423,5.8958585876787595,0.06153197909547092
5.906260626593414,5.839787667157167,0.06647295943624698
5.271716684750857,5.149698032006138,0.12201865274471935
4.387387240915977,4.363043227359648,0.024344013556329536
4.150567353318379,3.9670001607443472,0.18356719257403142
5.921578419643816,5.6942177704186605,0.22736064922515542
5.3230099791384085,5.211767844825624,0.11124213431278474
4.471638793363569,4.422776524402773,0.048862268960796484
5.372960909543803,5.498316723518433,-0.1253558139746298
5.709333704694526,5.764173108190817,-0.054839403496290906
4.483002552013883,4.924224657081292,-0.4412221050674088
4.941642422609304,5.7683521633025485,-0.8267097406932447
4.2310583855379225,4.5462631862533565,-0.315204800715434
4.762173934797756,4.780398395594711,-0.01822446079695439
4.93806460126142,4.864037325569659,0.07402727569176104
5.629418059367339,5.6477301462036245,-0.0183120868362856
4.189654742026425,4.35876591434955,-0.16911117232312467
6.914403132953601,6.84927434450272,0.0651287884508811
4.6443908991413725,4.547252632091835,0.09713826704953732
5.320567975482857,5.396575451070065,-0.07600747558720844
5.054141682405396,5.107519808244409,-0.05337812583901336
4.069026754237811,4.27744315356003,-0.20841639932221945
6.304905736402972,6.232552551499641,0.07235318490333142
5.303304908059076,5.2311847669692595,0.07212014108981624
5.0369526024136295,4.779898755165235,0.2570538472483941
4.836281906951478,4.895060825079431,-0.05877891812795344
4.836281906951478,4.513482115002917,0.3227997919485608
4.477336814478207,4.600890400736057,-0.12355358625785051
4.23410650459726,3.9826725397556135,0.25143396484164615
4.841585279495541,4.469535344801002,0.3720499346945392
4.671238785957796,4.991229056376303,-0.3199902704185069
5.308267697401205,5.1470555368507895,0.16121216055041554
4.110873864173311,3.9984549897021986,0.11241887447111276
4.77912349311153,4.462748000111888,0.31637549299964185
5.771441123130016,5.872311431139943,-0.10087030800992736
5.377590547442544,5.141865813106113,0.23572473433643104
7.141245122350491,6.607210166141952,0.5340349562085391
5.391807709635375,5.398543037504849,-0.006735327869473728
5.049856007249537,4.907949269626398,0.1419067376231391
5.803507138695398,5.8803295543036,-0.07682241560820202
5.0369526024136295,4.790649261365788,0.24630334104784168
5.934020798446277,6.0987361424488045,-0.16471534400252708
5.512218336495314,5.459741384797194,0.052476951698119834
3.49650756146648,3.049394269807307,0.4471132916591727
5.153291594497779,5.092347948823663,0.06094364567411592
4.418840607796598,4.419595456589342,-0.0007548487927433456
5.384495062789089,5.495414447842393,-0.1109193850533039
5.828945617610208,5.781533247815937,0.047412369794271214
6.579251212010101,6.344938939562735,0.23431227244736608
6.621405651764134,6.332426731499689,0.28897892026444527
5.98476716966025,6.113994169921632,-0.12922700026138223
4.158883083359672,3.9780508075922487,0.18083227576742367
4.37449836825309,4.545326262771294,-0.17082789451820357
4.936845220125501,5.1028273760291,-0.165982155903599
5.1298987149230735,5.177902114783559,-0.04800339986048563
5.41164605185504,5.501151638826474,-0.08950558697143318
5.830121396699219,6.0003208868881455,-0.1701994901889261
5.049856007249537,5.312512745898641,-0.2626567386491043
5.010635294096256,4.931498481602931,0.07913681249332516
5.226821364842967,5.146908712373722,0.07991265246924506
4.564348191467836,4.47255438801277,0.09179380345506605
5.403262796069531,5.133656883143099,0.26960591292643166
5.09252245356844,4.888362807900134,0.20415964566830613
3.970291913552122,4.165682255768126,-0.19539034221600415
4.543294782270004,4.555150684191656,-0.011855901921651757
3.8501476017100575,4.071665711206154,-0.2215181094960963
5.726684867873505,5.706781693852375,0.019903174021130177
5.840641657373398,5.29271017773369,0.5479314796397086
4.237723145067448,3.9910826984221797,0.24664044664526807
4.747797584237848,4.930165879303874,-0.18236829506602614
4.639571612705423,4.660518698145511,-0.0209470854400875
4.584967478670572,4.449211698484266,0.1357557801863063
5.271305817301187,5.286902267752342,-0.015596450451154986
3.980615796893758,3.873868804449782,0.10674699244397567
5.484796933490655,5.486140703275339,-0.0013437697846843122
4.844187086458591,4.9353066862709385,-0.0911195998123473
5.14166355650266,5.6955859540195775,-0.5539223975169172
6.134482053942907,6.052961490559002,0.08152056338390512
6.872128101338986,6.782095322440263,0.09003277889872319
4.671051555101604,5.167305722280832,-0.4962541671792282
3.951243718581428,4.051825213105452,-0.10058149452402443
4.795790545596741,4.807491689051035,-0.011701143454293295
5.280662431309316,5.216554352195011,0.0641080791143045
4.927253685157205,4.824271115993623,0.10298256916358195
4.394449154672439,4.366360563925936,0.028088590746502717
5.183635766464422,5.156557797996702,0.02707796846772048
5.075173815233827,5.279150082082512,-0.2039762668486853
4.926818808003145,5.162002633210505,-0.23518382520735948
4.430816798843313,4.280113462592036,0.15070333625127752
6.110358077048392,5.9374217429502725,0.17293633409811981
5.126935749792416,5.159698919014866,-0.032763169222449484
1.8341801851120072,2.35915234662068,-0.5249721615086729
5.117993812416755,4.687671592758308,0.4303222196584473
4.564348191467836,4.812996058544878,-0.24864786707704223
4.783316371371566,4.922331506136749,-0.13901513476518357
4.51085950651685,4.291878541036279,0.21898096548057033
4.516338972281476,4.4556531283520195,0.06068584392945642
5.593483860709444,5.608251000181102,-0.014767139471658197
5.198497031265826,5.168559752848895,0.029937278416930724
3.8501476017100575,4.679616753076839,-0.8294691513667818
5.975081067857458,5.738568478890094,0.23651258896736405
6.407292442251693,6.201964055376149,0.20532838687554378
5.525452939131784,5.537933335475638,-0.012480396343853783
5.365976015021851,5.508447286053395,-0.14247127103154344
3.9415818076696905,4.543209402272943,-0.6016275946032525
4.960534271126723,5.145624703163206,-0.1850904320364828
5.299966006793561,5.332823349639649,-0.03285734284608832
6.001414877961151,6.02401102984489,-0.022596151883738536
4.348081978620944,4.2946408761466115,0.053441102474332425
5.723585101952381,5.430551978917044,0.2930331230353369
4.875197323201151,4.900375194056394,-0.025177870855243256
4.48863636973214,5.213060659611409,-0.724424289879269
5.683579767338681,5.663471505749896,0.02010826158878576
5.755742213586912,5.9472140789430705,-0.19147186535615823
5.592217566313047,5.431614893151671,0.16060267316137633
5.121997761949716,5.3255306375266,-0.20353287557688393
5.0238805208462765,5.035871512788232,-0.011990991941955187
5.598421958998375,5.472354710313634,0.12606724868474117
4.499809670330265,4.2700500842566695,0.22975958607359548
5.991464547107982,5.876450867906651,0.11501367920133099
5.056245805348308,5.0216982682856965,0.034547537062611156
4.653960350157523,4.6344614720469846,0.01949887811053852
4.941642422609304,4.863270728125997,0.07837169448330705
5.638354669333745,5.548532597224306,0.08982207210943915
5.820082930352362,5.840591894806936,-0.020508964454574397
4.564348191467836,4.409036624482339,0.15531156698549697
4.795790545596741,4.483579207564547,0.3122113380321947
6.1463292576688975,6.211835077556419,-0.06550581988752135
5.225746673713202,4.816812238987307,0.40893443472589475
5.209486152841421,5.147091362252764,0.062394790588657045
5.981414211254481,5.879162544934182,0.10225166632029836
4.499809670330265,4.656958396126247,-0.15714872579598183
5.429345628954441,5.534179363259725,-0.10483373430528431
5.588932632977259,5.534853733240817,0.05407889973644142
5.318119993844216,5.450764457025056,-0.13264446318084033
5.198497031265826,4.879164903699211,0.3193321275666152
4.442651256490317,4.446248050609258,-0.0035967941189412045
4.770684624465665,4.731946130869088,0.03873849359657733
3.828641396489095,4.092852000736668,-0.26421060424757314
4.07753744390572,4.5030222461409135,-0.4254848022351938
5.921578419643816,6.075726826957091,-0.15414840731327484
5.212214667494625,5.240015162272606,-0.02780049477798041
5.201255653704905,5.207184877935889,-0.005929224230984076
4.90527477843843,4.843265236693595,0.06200954174483453
3.959478946584441,3.999293445566329,-0.03981449898188805
4.997212273764115,4.8857038868654135,0.11150838689870124
5.926926025970411,5.749695156742411,0.17723086922799958
5.218570448457781,5.167163965275609,0.05140648318217167
5.0238805208462765,5.116375564708677,-0.09249504386240037
5.926926025970411,6.266055124998005,-0.3391290990275948
5.472270673671475,5.390570888003331,0.08169978566814429
6.406549898593137,6.222528401015336,0.18402149757780073
6.551080335043404,6.270049347192948,0.281030987850456
4.083115080270552,4.265583250289271,-0.18246817001871918
4.890349128221754,5.211171635491123,-0.32082250726936934
4.483002552013883,4.628671629641519,-0.1456690776276357
5.586011938921693,5.7736135566417675,-0.1876016177200741
5.404162764631377,5.414391061393002,-0.010228296761624733
5.081404364984463,5.572652082414831,-0.491247717430368
5.817111159963204,5.722734946702715,0.09437621326048884
6.055612366931734,6.284851788964668,-0.22923942203293368
4.663439094112067,4.510773619421877,0.1526654746901901
3.9318256327243257,3.8429998063564854,0.08882582636784031
5.303304908059076,5.259767843490082,0.04353706456899342
6.435621382327132,6.277370954784033,0.15825042754309937
5.968707559985366,5.882860981346323,0.08584657863904255
6.239632363326927,6.294959727370358,-0.05532736404343108
5.788429948716486,5.776176265350243,0.012253683366242996
4.812184355372417,4.756877911589384,0.05530644378303329
4.465908118654584,4.723746259702376,-0.25783814104779257
5.163413604083235,5.181533812427186,-0.018120208343950672
5.4638318050256105,5.4301042816738025,0.03372752335180795
6.111467339502679,6.300143305976615,-0.18867596647393636
4.51085950651685,4.167004717194548,0.34385478932230207
4.861748513388538,4.883836938298343,-0.02208842490980434
5.988961416889864,5.475227466804661,0.5137339500852027
5.337538079701318,5.584804887962832,-0.24726680826151437
5.075173815233827,5.02140523518549,0.05376858004833629
4.394449154672439,4.324545865377995,0.06990328929444445
4.90527477843843,4.830835000110913,0.07443977832751703
5.161924741642482,5.038739113744524,0.12318562789795795
5.033700567027251,5.085746360956108,-0.052045793928856554
6.3473892096560105,6.38494823903183,-0.0375590293758199
5.541263545158426,5.531715088035882,0.00954845712254393
6.049733455231958,6.220972762994144,-0.17123930776218632
5.659482215759621,5.7030628646427335,-0.04358064888311208
3.828641396489095,3.6893618394154606,0.13927955707363449
5.808142489980444,5.789405506473842,0.018736983506602023
5.159055299214529,5.260210141918126,-0.10115484270359687
5.902633333401366,5.959048997668213,-0.05641566426684719
4.787491742782046,4.837458085008702,-0.0499663422266563
4.473237514727265,4.509514982375429,-0.036277467648163864
6.049733455231958,6.054214339236315,-0.0044808840043568665
5.295814236329918,5.152618727484957,0.14319550884496124
5.484796933490655,5.592718940689303,-0.1079220071986482
5.616771097666572,5.746908863965288,-0.13013776629871643
5.111987788356544,5.026778997258065,0.0852087910984789
5.111987788356544,4.996508065632819,0.11547972272372498
4.859812404361672,4.785641945572789,0.07417045878888295
4.330733340286331,4.330077638384355,0.0006557019019757249
4.290459441148391,4.277910081039146,0.012549360109244567
5.655991810819852,5.629297387176694,0.02669442364315877
7.225814386792591,5.988864037189085,1.2369503496035055
4.910225466497217,4.889325895516802,0.02089957098041495
4.564348191467836,4.3808662770493685,0.18348191441846762
5.453182077108952,5.4915925195011805,-0.03841044239222846
4.803693122120054,4.782603634049648,0.021089488070405338
4.51085950651685,4.551798165063843,-0.04093865854699352
4.844187086458591,4.804909188550945,0.03927789790764624
4.539777967221039,4.5248767368003096,0.01490123042072966
5.049856007249537,5.501027871129246,-0.45117186387970865
4.553876891600541,4.722352326160981,-0.16847543456044
3.80666248977032,3.9675442655331836,-0.16088177576286355
4.406719247264253,4.509333235525409,-0.10261398826115542
4.680370418551027,4.806153447478808,-0.12578302892778126
6.721425700790643,6.767109797748307,-0.04568409695766373
6.075920578648298,5.981343888645657,0.0945766900026408
6.469808300628719,6.423406357694263,0.04640194293445621
4.882801922586371,4.923789068474867,-0.04098714588849628
4.51085950651685,4.126380673709871,0.3844788328069786
6.137186951453607,5.986489373992161,0.15069757746144585
5.194067345174237,5.44099169731463,-0.2469243521403932
5.923801148622886,5.909206392230336,0.014594756392549257
5.755742213586912,5.768844122086593,-0.013101908499680626
3.871201010907891,4.112048388506497,-0.24084737759860575
5.081404364984463,5.084274275554536,-0.002869910570073131
5.318119993844216,5.347367382942765,-0.029247389098548737
5.0363030408448335,5.30809802052167,-0.2717949796768364
4.691347882229144,4.976026427952391,-0.2846785457232466
6.373319789577012,6.346940672798542,0.026379116778469935
4.3694478524670215,4.576135600440316,-0.20668774797329448
4.590056548178043,5.16386606293975,-0.5738095147617068
5.890262041598819,5.81292619768523,0.07733584391358939
4.5217885770490405,4.453973560322374,0.06781501672666668
6.175867270105761,6.025838667886338,0.1500286022194235
4.512506501124672,4.548724749054838,-0.036218247930166036
4.428433007488037,4.517581902166563,-0.08914889467852571
4.861748513388538,4.459452648614465,0.4022958647740733
5.83773044716594,6.079614741245144,-0.24188429407920342
4.653960350157523,4.804348062405309,-0.15038771224778635
5.484796933490655,5.546310396708862,-0.0615134632182075
4.51085950651685,4.473912757724681,0.03694674879216908
6.054439346269371,6.198294277930105,-0.1438549316607345
5.541263545158426,5.839101076135366,-0.2978375309769401
4.110873864173311,4.4553602868703,-0.34448642269698837
4.579852378003801,4.754154262766787,-0.17430188476298536
3.713572066704308,3.747204689809691,-0.033632623105383175
6.906424393747142,6.763586999280611,0.14283739446653065
5.768945800562614,5.603331167973755,0.16561463258885922
4.143134726391533,4.188853931863271,-0.045719205471738356
5.269557744876612,5.351676700737456,-0.08211895586084417
5.375278407684165,5.266551000196733,0.10872740748743226
3.1354942159291497,3.179383871485946,-0.04388965555679647
5.3230099791384085,5.424939874664874,-0.10192989552646559
4.808111029984782,4.752273004706132,0.055838025278649894
5.844992643207725,5.813070962494348,0.031921680713376865
5.808142489980444,5.814255714917862,-0.00611322493741806
4.820281565605037,4.637999688154477,0.1822818774505599
4.600157644164547,4.64275568320008,-0.04259803903553294
5.117993812416755,5.0970996179452825,0.020894194471472893
5.802118375377063,5.602992367585032,0.1991260077920307
5.249652194566756,5.2504322840993956,-0.0007800895326397495
5.678464666671911,5.766335237989577,-0.08787057131766574
6.84587987526405,6.435419404545457,0.4104604707185926
4.927253685157205,4.937321313652236,-0.010067628495030512
6.20050917404269,6.1235919199876925,0.07691725405499739
6.580639137284949,6.549575329792469,0.0310638074924805
5.992713766508414,5.205974685442948,0.7867390810654662
3.970291913552122,4.301498599045926,-0.3312066854938043
5.429345628954441,5.481363456715181,-0.052017827760740154
3.0978374964911444,3.3568411511269263,-0.2590036546357819
6.269096283706261,6.258031883734675,0.011064399971586703
5.10594547390058,4.927559572598048,0.17838590130253262
5.028278729268851,5.063418717078798,-0.03513998780994676
5.9035345665130405,5.975659327309416,-0.07212476079637575
6.540207149919769,6.13224774866639,0.40795940125337893
5.30305612089521,5.443972081127015,-0.14091596023180486
4.61512051684126,4.9500599986647495,-0.33493948182348987
5.573407998484993,5.5729636539140115,0.0004443445709814142
5.1647859739235145,5.356736398939823,-0.19195042501630866
4.9813437894608565,5.045487020014823,-0.06414323055396665
4.879539029377747,5.010901127154955,-0.13136209777720786
4.762173934797756,4.651960885163205,0.11021304963455147
5.3981627015177525,5.3069065142513,0.09125618726645257
5.147494476813453,5.1328422802255,0.014652196587952915
5.151382258424339,5.067979985273515,0.08340227315082416
5.611667185748395,5.592888385152384,0.018778800596011003
7.225814386792591,6.18812870284297,1.0376856839496202
6.028278520230698,5.877171851274668,0.15110666895602964
4.219507705176107,4.334104620943537,-0.11459691576743047
6.10628765092947,6.241814077290827,-0.13552642636135648
4.983606621708336,4.893361649013142,0.09024497269519394
6.68586094706836,5.5438875051284935,1.1419734419398662
5.5053315359323625,5.86414164036483,-0.3588101044324672
5.872117789475416,5.6388070111858415,0.23331077828957447
4.304605487705297,4.261969476248782,0.042636011456514744
5.484796933490655,5.406268519510023,0.07852841398063148
4.110873864173311,4.2763955165003456,-0.1655216523270342
5.58724865840025,5.418770017150426,0.16847864124982337
6.072283876209936,6.060544670847803,0.01173920536213302
5.918893854273146,5.925070663445679,-0.006176809172532494
4.9880487954234605,5.393458321571182,-0.4054095261477215
5.442417710521793,5.2987830662527085,0.1436346442690848
4.7535901911063645,4.5795711393578316,0.17401905174853294
5.393627546352362,5.569484993581016,-0.17585744722865382
5.2832037287379885,5.264805358884385,0.018398369853603214
5.44673737166631,5.5531420483317895,-0.10640467666547959
5.117993812416755,5.07388447441967,0.04410933799708516
5.985119459548142,5.489352789163265,0.4957666703848771
5.729450221404779,5.730089576331995,-0.0006393549272161181
6.68586094706836,6.607517202911763,0.07834374415659706
6.000176487710004,5.924814980118838,0.07536150759116556
3.7395725684294554,4.27356220633377,-0.5339896379043143
5.421994111241634,4.9881636717218445,0.43383043951978983
5.217649463480582,5.239294951165146,-0.021645487684564202
5.671947751136183,6.041351805091515,-0.36940405395533205
4.77912349311153,4.602471164320396,0.17665232879113368
5.6937321388027,4.9204876723945885,0.7732444664081113
5.872117789475416,5.708167932854755,0.1639498566206612
5.652489180268651,5.624013379790954,0.028475800477696822
5.910796644040527,5.674890406526349,0.23590623751417805
5.470167623474696,5.440254848435408,0.029912775039288242
5.8888779583328805,5.740711717145122,0.14816624118775845
4.204692619390966,4.160307090835019,0.044385528555946685
5.468060141135132,5.43286659016763,0.03519355096750232
5.1328529268205045,5.242826850517805,-0.10997392369730008
4.454347296253507,4.6111030979139835,-0.1567558016604762
6.8690144506657065,6.566326225323212,0.30268822534249473
6.068425588244111,6.03951992024571,0.028905667998400553
4.276666119016055,4.360634579596042,-0.08396846057998708
4.51085950651685,4.4465889907402945,0.06427051577655529
6.166026912415302,6.329759718079816,-0.1637328056645142
5.6503816979290855,5.613817398505521,0.03656429942356443
5.602118820879701,5.52247726709746,0.07964155378224103
4.912654885736052,5.1003369931439355,-0.18768210740788316
5.298317366548036,5.410016608449112,-0.11169924190107583
4.908602568531104,5.2787722285077585,-0.3701696599766544
5.39666837289499,5.339644614030989,0.05702375886400102
4.406719247264253,4.378215392340059,0.028503854924194272
5.43153621033426,5.592427032773897,-0.16089082243963748
5.445313945282377,5.474986509866202,-0.029672564583824723
5.310739886546594,5.43042714442868,-0.11968725788208534
5.081404364984463,5.042939336861254,0.038465028123209066
6.008813185442595,5.127614561681513,0.8811986237610814
6.045005314036012,6.3131072282610985,-0.26810191422508645
5.869296913133774,5.965298715395503,-0.09600180226172839
5.860786223465865,5.880481316213975,-0.01969509274810921
4.0943445622221,4.014969226324242,0.07937533589785861
5.484796933490655,5.626718387896434,-0.14192145440577963
4.356708826689592,4.227549447666194,0.12915937902339802
7.026604412820518,6.82303773885686,0.20356667396365768
5.882625767073831,5.738803868511565,0.14382189856226635
7.214504414151143,7.1219602969378535,0.09254411721328992
4.532599493153256,4.593549811789855,-0.060950318636598944
4.0943445622221,4.202882108509852,-0.10853754628775203
4.454347296253507,4.503466283565679,-0.04911898731217157
5.356586274672012,5.513145288499122,-0.1565590138271098
7.225814386792591,7.384271218635975,-0.15845683184338455
5.41969393771455,5.350049458203388,0.0696444795111617
4.162003210695915,4.639966895420624,-0.47796368472470885
4.68213122712422,4.9927793685199005,-0.31064814139568053
5.256192440247365,5.29224250000329,-0.03605005975592501
4.394449154672439,4.920207603952721,-0.525758449280282
5.942799375126701,5.490963460882999,0.45183591424370206
5.022234429939608,5.02677628368041,-0.004541853740802182
5.150397236471415,5.2883911027493,-0.1379938662778848
5.991964422149633,5.8438145920372255,0.14814983011240734
4.189654742026425,4.2371960289141395,-0.04754128688771431
4.912654885736052,4.417468641125017,0.4951862446110358
5.101876601193199,4.87604919177424,0.22582740941895896
5.495116942522644,5.48499403652177,0.010122906000874288
5.602118820879701,5.987553155022418,-0.3854343341427171
5.453182077108952,5.330222672034081,0.12295940507487124
4.709530201312334,4.504617399762944,0.20491280154938973
5.371335459284609,5.550693928039349,-0.17935846875474049
5.3471075307174685,5.1931391880457465,0.153968342671722
6.288787496596443,6.296507009175519,-0.007719512579075882
5.3981627015177525,5.318254733240525,0.07990796827722768
3.8918202981106265,4.112463843144562,-0.22064354503393568
4.23410650459726,4.347916698736784,-0.11381019413952398
6.745236349484363,6.059102706871395,0.6861336426129672
5.233778845410465,5.303168727289984,-0.06938988187951889
5.87493073085203,5.822660562875532,0.05227016797649853
4.6491870714048655,4.813701595716904,-0.16451452431203872
5.5884838502927385,5.588082794122147,0.0004010561705918292
5.565898767292815,5.611356875004197,-0.045458107711382034
5.198497031265826,5.167065208983043,0.03143182228278274
4.890349128221754,5.090873607557795,-0.20052447933604167
5.996452088619021,5.631774992900188,0.3646770957188332
5.455321115357702,5.082289934099702,0.37303118125799983
5.310295343307444,5.468440767364156,-0.1581454240567126
5.003946305945459,5.063193518829323,-0.059247212883863476
5.370405442942291,5.236112730503406,0.13429271243888508
6.067035733955056,6.585654318024658,-0.5186185840696025
5.354224998486333,5.399596583699326,-0.045371585212993004
6.067661407443436,6.191250391235772,-0.1235889837923363
5.222138019809219,5.330338138170795,-0.10820011836157573
5.583496308781699,5.523899825807497,0.05959648297420195
4.639571612705423,4.631522918399136,0.00804869430628763
4.974455286641499,4.935887022637797,0.03856826400370217
3.871201010907891,4.047806268282381,-0.17660525737448962
5.990639206608194,5.925167512217558,0.06547169439063616
6.042466549074014,5.87034636006165,0.1721201890123636
3.711130063048756,3.4912927137082086,0.21983734934054722
6.066108090103747,6.053567054878353,0.012541035225394737
6.437111444848978,6.499671910678538,-0.06256046582956021
5.910796644040527,6.064502786908559,-0.15370614286803175
5.733341276897746,5.386042596060349,0.34729868083739657
3.970291913552122,4.182137590070607,-0.21184567651848463
5.231108616854587,5.335868455572312,-0.1047598387177251
5.147494476813453,4.903838735703374,0.2436557411100786
5.993961427306569,6.197265038593039,-0.20330361128646945
5.7899601708972535,5.71360530247212,0.07635486842513384
5.598421958998375,5.53410717933156,0.06431477966681509
4.51085950651685,4.71378728145912,-0.2029277749422702
5.344580531017675,5.150836554781202,0.19374397623647255
6.180016653652572,6.045518434683513,0.13449821896905956
6.041444479413003,6.010887120512902,0.030557358900100695
3.8918202981106265,3.976062598716892,-0.08424230060626536
5.472270673671475,4.87726083010353,0.5950098435679454
5.369288280418616,5.774018964547204,-0.40473068412858737
6.716594773520978,6.587977636708094,0.1286171368128839
4.553876891600541,4.667431385221404,-0.113554493620863
4.554192631223224,4.757910539880894,-0.20371790865766926
5.673323267171493,5.870478009115454,-0.19715474194396077
4.955827057601261,4.747828267452493,0.20799879014876765
6.244166900663736,6.040669147407581,0.2034977532561557
6.968850378341948,6.870024626311906,0.09882575203004151
5.713732805509369,5.743953592399916,-0.030220786890547302
4.502583597212991,4.497405016845286,0.00517858036770491
5.131317825851867,5.097217987222093,0.03409983862977395
5.797879798035317,5.192614641498987,0.6052651565363298
5.603335792246684,5.586051401060033,0.01728439118665115
5.722767774567282,5.691146001776022,0.03162177279125977
4.454347296253507,4.657274106700617,-0.20292681044711003
6.623932416856077,6.690249052016383,-0.06631663516030617
4.700480365792417,4.357694514203349,0.3427858515890678
4.465908118654584,4.4560841562799505,0.009823962374633233
5.3471075307174685,5.383462580906101,-0.036355050188632276
4.273187854639731,4.263497909848731,0.009689944790999938
5.765191102784844,6.225820054168417,-0.4606289513835726
5.484796933490655,5.238558635002544,0.24623829848811063
4.867534450455582,5.031213397553061,-0.16367894709747866
6.511745329644728,6.449244136626072,0.06250119301865542
6.852950563607704,6.726047582892479,0.12690298071522577
5.8944028342648505,5.900856529011656,-0.006453694746805461
4.219507705176107,4.49549139337622,-0.275983688200113
5.929589143389895,5.80770793516977,0.12188120822012483
6.092056209840677,6.248812906572287,-0.15675669673160986
4.59511985013459,4.568827514641043,0.02629233549354648
4.5217885770490405,4.509491303333026,0.012297273716014523
5.233778845410465,5.232137108468081,0.0016417369423837869
4.938781190328272,5.176260407184356,-0.23747921685608375
5.953243334287785,5.873399905480427,0.07984342880735795
4.736198448394496,4.600120314184366,0.1360781342101296
5.66988092298052,5.205249162413415,0.4646317605671042
4.219507705176107,4.093727280171707,0.12578042500440034
6.69000963272952,6.5604683333891645,0.12954129934035574
5.817111159963204,5.6721838886248035,0.14492727133840067
3.737669618283368,3.8975260761831145,-0.15985645789974656
4.962844630259907,5.004789984178045,-0.04194535391813847
4.770684624465665,4.559316094552403,0.21136852991326194
4.418840607796598,4.453966491783005,-0.03512588398640659
4.941642422609304,4.866355857951847,0.07528656465745698
4.174387269895637,4.258328558554812,-0.08394128865917505
5.375278407684165,5.389032171904979,-0.013753764220814091
6.877296071497429,6.761859943874471,0.11543612762295741
5.1298987149230735,4.970580096528144,0.15931861839492978
5.474369310328396,5.503974939518907,-0.029605629190510463
5.850275336670169,5.749075037705165,0.10120029896500427
5.521460917862246,5.52491559600813,-0.0034546781458839604
4.844187086458591,5.229146620804143,-0.3849595343455521
4.919980925828125,5.498226888849652,-0.5782459630215273
5.857933154483459,6.141402452813191,-0.2834692983297318
5.272999558563747,5.341806506302785,-0.06880694773903784
4.524935793277486,4.96718285126943,-0.44224705799194464
4.454347296253507,4.6171476115468675,-0.16280031529336014
4.31748811353631,4.3524201502455355,-0.0349320367092254
4.8283137373023015,4.746142224635414,0.08217151266688738
4.925948485929061,5.137851636488468,-0.21190315055940623
4.324132656254979,4.14838797289753,0.17574468335744875
4.695924549256556,4.6281497848515105,0.06777476440504504
5.54907608489522,5.6543066426812905,-0.10523055778607038
5.929589143389895,6.081032397458793,-0.1514432540688988
5.367516883349041,5.528447355799176,-0.1609304724501346
4.04305126783455,4.067408688410236,-0.024357420575685573
6.320768294250582,6.171502618545334,0.14926567570524796
5.003946305945459,4.669010960353199,0.33493534559226035
4.056988775678332,4.473190476883112,-0.4162017012047805
6.013715156042802,6.014453017554302,-0.0007378615114994602
6.907755278982137,4.833074416334394,2.0746808626477424
6.499787040655854,6.126228245737275,0.373558794918579
5.473949935191195,5.497035533021901,-0.02308559783070585
4.709530201312334,4.7462363964296905,-0.03670619511735662
4.532599493153256,4.470092181855239,0.06250731129801768
4.857250987196899,4.932908205470613,-0.0756572182737143
6.0167667299702,6.137675790517526,-0.12090906054732553
5.4255665674635,5.450290062835932,-0.024723495372431792
3.4445761049641,3.5772632777580133,-0.13268717279391318
6.486465620527001,6.5770265114335045,-0.09056089090650321
3.884446237657912,4.040185786544689,-0.155739548886777
5.948400457636955,5.66343539108217,0.2849650665547854
6.279833883339899,6.558351898863388,-0.2785180155234892
4.248495242049359,4.7033744763705085,-0.4548792343211492
4.158883083359672,4.352371341956247,-0.1934882585965747
4.6443908991413725,4.611382942767376,0.03300795637399645
5.570251082031678,5.664879657510652,-0.09462857547897396
5.187385805840755,5.350249357091452,-0.1628635512506973
5.902633333401366,6.257712605901413,-0.35507927250004734
4.760463070394127,4.702017549696757,0.058445520697369524
3.7612001156935615,4.068424358760367,-0.30722424306680507
5.955837369464831,5.862721747825592,0.09311562163923881
6.286742696181391,6.317263324106278,-0.0305206279248873
4.962844630259907,5.495116803346968,-0.532272173087061
4.165734558308774,4.0886816409577005,0.07705291735107345
5.376805019596778,5.332891008166455,0.043914011430322475
5.303304908059076,5.553373083128747,-0.2500681750696714
4.3130784050476105,4.897448059510832,-0.5843696544632211
4.672828834461906,4.947068861958818,-0.2742400274969121
5.064239250181047,5.161913346606034,-0.0976740964249867
4.262679877041316,5.121399176640188,-0.8587192995988717
5.351858133476067,5.4232127270610775,-0.07135459358501084
6.082218910376446,5.884809728218113,0.19740918215833325
4.430816798843313,4.393448269824302,0.037368529019011554
4.189654742026425,4.140844539521926,0.04881020250449897
4.955827057601261,4.707171499351155,0.248655558250106
4.418840607796598,4.312541977002041,0.1062986307945577
6.641182169740591,6.6396335678311225,0.0015486019094685943
4.051784947803305,4.07765411516621,-0.02586916736290501
7.225814386792591,6.641258497161091,0.5845558896315
6.385194398997726,6.350004262781543,0.03519013621618239
6.151774789250623,6.445563229137371,-0.2937884398867485
5.792007004367292,5.607950941877991,0.18405606248930084
6.543911845564792,6.076985040179437,0.4669268053853548
5.1298987149230735,5.13036630736272,-0.000467592439646225
5.577841251298354,5.711399812931936,-0.13355856163358215
5.017279836814924,5.326122319363936,-0.3088424825490117
5.337538079701318,5.181291187191517,0.15624689250980062
5.638354669333745,5.675542991787004,-0.037188322453258316
6.097152509149389,5.476554121076878,0.6205983880725112
5.53338948872752,5.733284417691799,-0.1998949289642784
4.919980925828125,4.34951674352764,0.5704641823004852
4.653960350157523,4.488514194937209,0.16544615522031414
6.218600119691729,6.109897648586499,0.10870247110522957
6.843483388961997,6.589864962140993,0.2536184268210038
5.53338948872752,5.57913058475065,-0.04574109602312948
5.605802066295998,5.633534826364987,-0.027732760068989393
6.073044534100405,6.375945874307618,-0.30290134020721293
5.766225050834909,5.764951230709659,0.0012738201252497916
5.25227342804663,5.206304849163516,0.04596857888311412
6.090178020044014,6.031404605290382,0.058773414753632736
4.454347296253507,4.559270171321322,-0.10492287506781484
4.071928522937768,4.0010970407687045,0.07083148216906388
4.454347296253507,4.3932560010987265,0.061091295154780845
6.739336627357174,6.512579035700458,0.22675759165671572
5.977619140285929,5.317861011568124,0.6597581287178054
4.406719247264253,4.340424109189934,0.0662951380743193
3.784189633918261,4.82103098615102,-1.0368413522327589
6.198478716492308,5.861491673275014,0.33698704321729345
4.948759890378168,5.305234030576678,-0.3564741401985092
6.335639186773039,6.26331334622561,0.07232584054742919
5.236441962829949,5.254979160655529,-0.018537197825580165
5.83773044716594,5.690743420578018,0.1469870265879223
4.51085950651685,4.511410614251538,-0.0005511077346884719
4.915298447269702,5.139748836054046,-0.2244503887843443
4.31748811353631,4.637586943324607,-0.3200988297882965
5.054971107916307,5.109307065428766,-0.05433595751245868
4.463606621666305,4.528597023262295,-0.06499040159599012
4.143134726391533,4.070346291575953,0.07278843481557917
5.365976015021851,5.344133919122995,0.02184209589885633
5.7745515455444085,5.86416053176443,-0.08960898622002134
4.399375273008495,4.8823358322647845,-0.48296055925628956
5.107762004826979,4.964569816034308,0.14319218879267126
5.674182004879911,5.825455201448535,-0.15127319656862426
5.456730378290316,5.4818882849053825,-0.025157906615066672
5.2293423520445055,4.9400858799990575,0.289256472045448
5.0238805208462765,5.067703334749088,-0.0438228139028114
4.394449154672439,4.311692015763704,0.08275713890873515
5.71042701737487,5.558795240065897,0.15163177730897281
5.288267030694535,5.247970128817023,0.04029690187751189
4.356708826689592,4.349343511216615,0.007365315472976697
4.098502572370764,4.147656001582601,-0.049153429211837185
6.235880233697731,6.317974722808202,-0.0820944891104709
5.351858133476067,5.261836510065279,0.09002162341078801
5.321545492667243,5.4104687426369305,-0.08892324996968703
5.472270673671475,5.322202515849475,0.150068157822
5.156177599386914,5.191962437282881,-0.035784837895967314
4.430816798843313,4.242845539854874,0.1879712589884397
4.600459106257972,4.834972562353033,-0.23451345609506102
5.69035945432406,5.580948043437546,0.10941141088651385
5.744604469176457,5.761320452496358,-0.01671598331990154
5.644280139507093,5.668678446845432,-0.024398307338338476
4.712139406985334,4.711770196020481,0.00036921096485276195
5.831882477283517,5.868129097246283,-0.03624661996276579
5.539340127949483,5.830587118332147,-0.291246990382664
3.9318256327243257,3.803250946826659,0.12857468589766663
5.303304908059076,5.256981150358018,0.046323757701057566
5.318119993844216,5.2725942852632794,0.04552570858093663
4.454347296253507,4.46878876111983,-0.014441464866322917
4.911109574710704,5.169923445240107,-0.2588138705294032
4.709530201312334,5.2976380664713,-0.5881078651589657
4.68213122712422,4.485621587829714,0.19650963929450604
5.3981627015177525,5.776088290530254,-0.3779255890125013
5.666426688112432,5.600643908899185,0.06578277921324727
5.563255239519225,5.471208784048145,0.09204645547107937
5.963579343618446,5.879316755423011,0.0842625881954353
5.525452939131784,5.4242510170604215,0.10120192207136292
5.190175207928333,5.1478068500483625,0.04236835787997073
4.836281906951478,5.019279363371659,-0.18299745642018106
4.465908118654584,4.741022858041928,-0.27511473938734454
5.638354669333745,5.194244218357565,0.4441104509761802
4.770684624465665,4.409385158263346,0.36129946620231923
4.13660552093661,4.212975259330791,-0.07636973839418104
5.685279003091641,5.349317431696425,0.33596157139521576
4.787491742782046,4.7089455474744195,0.0785461953076263
5.899897353582492,5.870201688271603,0.029695665310889297
5.60947179518496,5.580606383687062,0.028865411497897675
4.214642950244135,4.521506733232774,-0.30686378298863826
4.505349850705881,4.496140145615248,0.009209705090632347
5.363636832668679,5.526074464323638,-0.16243763165495828
4.276666119016055,4.440989009843476,-0.16432289082742102
6.957497370876951,6.469602696347139,0.4878946745298123
5.320567975482857,5.694703988335766,-0.374136012852909
5.313205979041787,5.062531018429663,0.25067496061212413
4.063885354737392,4.116472741832205,-0.05258738709481303
4.07753744390572,4.038290573138262,0.03924687076745759
6.630815303062258,6.6101278155651295,0.020687487497128565
5.0369526024136295,5.404771956329402,-0.36781935391577214
4.993149979755236,5.155884122440093,-0.1627341426848572
7.077498053569231,6.433098414980524,0.6443996385887072
4.6443908991413725,4.928802107377181,-0.28441120823580857
7.225814386792591,6.50680956268683,0.7190048241057605
5.2348982186783815,5.2026893546285295,0.032208864049851904
3.912023005428146,4.161350048545668,-0.24932704311752163
6.941509153087356,6.912909639030962,0.028599514056393716
5.466666765775108,5.4861536111107245,-0.019486845335616287
5.25227342804663,4.960340655627412,0.29193277241921756
5.444579873526289,5.314106274471014,0.130473599055275
4.764308407326388,4.980186690180545,-0.215878282854157
5.723585101952381,5.761252811108611,-0.03766770915623052
4.919980925828125,4.855869068721287,0.06411185710683842
5.25227342804663,5.403501318897694,-0.15122789085106447
4.174387269895637,4.141883334575143,0.032503935320494115
3.6375861597263857,3.9838410853145256,-0.34625492558814
4.9915883811760215,5.0903598868170485,-0.09877150564102699
4.7535901911063645,4.423931277862876,0.32965891324348817
5.472270673671475,4.806891268843346,0.665379404828129
5.551524447076631,5.36984679942879,0.18167764764784167
3.740997408376043,4.218743615550947,-0.4777462071749041
6.498583308942647,6.664893984297118,-0.1663106753544712
4.090336540824562,4.153692331543749,-0.06335579071918751
6.508769136971682,6.76538922276678,-0.256620085795098
5.557677121995229,5.636411599262342,-0.0787344772671128
5.535363823031238,5.632621851057877,-0.09725802802663885
5.249652194566756,5.286460008174548,-0.036807813607792284
6.0330862217988015,5.351678885753955,0.6814073360448463
5.521460917862246,5.39473417120712,0.12672674665512584
4.23410650459726,4.3327304037313,-0.09862389913404002
5.713072521563293,5.938159061550598,-0.22508653998730477
4.430816798843313,4.431838786386718,-0.0010219875434049897
5.757860222186865,5.645300737096756,0.11255948509010949
4.836281906951478,4.79296069552456,0.04332121142691836
5.683579767338681,5.601313272294791,0.08226649504389005
5.344723739362192,5.497523814920689,-0.15280007555849728
4.30406509320417,4.217990651210325,0.08607444199384506
5.655991810819852,5.743807402498628,-0.08781559167877528
5.402677381872279,5.537640255294375,-0.13496287342209534
4.248495242049359,4.660469781200886,-0.4119745391515268
6.810142450115136,6.65825148524993,0.15189096486520626
4.875197323201151,4.9856487835095225,-0.11045146030837127
6.084499413075172,6.1474696178956805,-0.06297020482050808
4.51085950651685,5.105402671500534,-0.5945431649836843
4.605170185988092,4.86252912815211,-0.2573589421640179
4.499809670330265,4.560959609592359,-0.06114993926209422
4.204692619390966,4.063097778927347,0.14159484046361914
6.55250788703459,5.633924847266256,0.9185830397683343
4.795790545596741,4.729009066977077,0.06678147861966455
4.42484663185681,4.899416242302014,-0.4745696104452035
5.944556360906547,6.136044323950704,-0.19148796304415683
4.672735372150515,4.856798150354195,-0.1840627782036801
5.365976015021851,5.551843813562345,-0.18586779854049418
7.017506142941256,6.1946957851362425,0.8228103578050137
6.087229169092361,6.146020662723499,-0.058791493631138
5.525452939131784,5.905927916628487,-0.38047497749670267
4.6443908991413725,4.656945287150836,-0.012554388009463402
5.393627546352362,5.330059533396487,0.06356801295587466
4.465103197090973,4.567919588996492,-0.10281639190551939
3.5263605246161616,3.6988347714950778,-0.17247424687891622
6.334167333479831,6.304788523838442,0.029378809641388948
5.049856007249537,5.237464783201664,-0.18760877595212655
5.69035945432406,5.635382728028441,0.054976726295619116
4.457481913088487,5.224715554371824,-0.7672336412833367
4.911183215124596,4.931104333437184,-0.01992111831258825
4.844187086458591,4.845256363796356,-0.0010692773377645182
5.681298255103212,5.801027183589765,-0.11972892848655281
5.081404364984463,5.05262909558817,0.028775269396293268
6.142037405587356,6.231087150559313,-0.08904974497195717
5.840641657373398,5.846390779956471,-0.005749122583073252
5.771441123130016,6.0654522575855685,-0.2940111344555527
5.075173815233827,4.8632159960908865,0.2119578191429401
6.202535517187923,5.956485973909281,0.2460495432786418
4.248495242049359,3.754240385827992,0.49425485622136733
4.934473933130692,4.8175201971049955,0.11695373602569692
3.8918202981106265,4.311450573032713,-0.41963027492208615
6.133398042996649,6.192533429727284,-0.05913538673063545
6.048553514092109,6.014157528353247,0.034395985738862045
5.480638923341991,5.380337532211826,0.10030139113016556
4.795790545596741,5.0263968546438305,-0.23060630904708912
4.92565821016505,5.0572041460444215,-0.13154593587937136
5.516448376038702,5.419529394320836,0.09691898171786573
4.7318028369214575,4.501448185698519,0.23035465122293886
5.537334267018537,5.269182937939442,0.2681513290790942
5.621306252831962,5.607265696734724,0.014040556097238088
5.655991810819852,5.625522437972084,0.03046937284776874
5.260978880892669,4.88066338407504,0.38031549681762833
4.61512051684126,4.556024488624159,0.059096028217100915
6.107022887742255,5.8429724536638235,0.264050434078432
6.349138991379798,6.071008264905293,0.27813072647450454
4.02535169073515,4.036022403434997,-0.010670712699847762
5.017279836814924,5.254008217720306,-0.23672838090538129
5.010635294096256,5.063575063391762,-0.05293976929550581
4.52720864451838,4.339259774642765,0.18794886987561465
6.327936783729195,6.384170969591474,-0.05623418586227924
7.197435354096591,7.103871563087311,0.09356379100927992
5.0072963928307415,4.931813865979346,0.07548252685139545
4.624972813284271,4.563845470018492,0.0611273432657784
5.968707559985366,6.02594097274969,-0.05723341276432414
5.348154601395208,5.597660485829627,-0.24950588443441823
4.356708826689592,4.44850609940646,-0.09179727271686833
6.255750041753367,5.735507497334987,0.5202425444183802
3.056827372913802,3.5329657946260133,-0.47613842171221155
5.413875707182309,5.301167624973254,0.11270808220905515
3.957569820384117,3.957006618561599,0.0005632018225179003
4.248495242049359,4.162186371219798,0.08630887082956118
4.799914262780603,4.923360078928795,-0.12344581614819194
4.189654742026425,4.09995863444826,0.08969610757816504
4.3694478524670215,4.37605350062247,-0.00660564815544884
5.958424693029782,6.360367778685512,-0.4019430856557298
6.988413181999592,6.992066598700635,-0.003653416701043355
5.439816928821736,5.63858092856491,-0.19876399974317405
4.290459441148391,4.398286601769119,-0.10782716062072772
5.198497031265826,5.30337877106375,-0.10488173979792403
4.836281906951478,4.872837189643912,-0.0365552826924338
4.948759890378168,4.829559185679287,0.11920070469888167
5.409724564122167,5.41337239953845,-0.003647835416282774
5.634789603169249,5.579757115713731,0.055032487455518364
4.02535169073515,4.118144507481476,-0.09279281674632678
6.454097328272487,6.3690249388075,0.08507238946498763
5.634789603169249,5.128428866217499,0.5063607369517502
4.882801922586371,4.906273596295499,-0.023471673709128282
5.241747015059643,5.1866156258071845,0.055131389252458085
5.472270673671475,5.415658917358207,0.0566117563132682
5.081404364984463,5.19080589500695,-0.10940153002248731
4.394449154672439,4.342942061234869,0.05150709343757054
4.356708826689592,4.448526628438291,-0.09181780174869925
5.195730777772936,5.332970330931486,-0.1372395531585502
5.699774453258662,5.968589123273549,-0.268814670014887
5.27709373009641,5.187212064063245,0.08988166603316472
6.186208623900494,6.301141147821658,-0.11493252392116471
4.158883083359672,4.333906327665392,-0.17502324430572003
5.400738566647185,5.420176412216611,-0.01943784556942596
6.317760177277634,5.9399296560371715,0.3778305212404627
4.241326752570746,4.639056761508724,-0.3977300089379776
6.365438988124776,6.6220483199768285,-0.2566093318520526
3.737431494696102,3.8217194082521497,-0.08428791355604792
5.968707559985366,6.036512702363837,-0.06780514237847157
5.652489180268651,5.465063724834344,0.18742545543430644
5.19295685089021,5.297912023939898,-0.10495517304968782
5.080347906507556,5.3646377812019015,-0.28428987469434563
7.225814386792591,6.928857631519077,0.29695675527351373
5.735507214350442,5.7200993650948035,0.015407849255638872
4.532599493153256,4.671827073586301,-0.13922758043304473
4.343805421853684,4.488906965972955,-0.1451015441192709
5.139731867430665,4.832094465695265,0.3076374017354002
6.493753839851686,6.506599454472039,-0.012845614620353274
4.262679877041316,4.68809552809943,-0.4254156510581133
5.828945617610208,5.7535934700760984,0.0753521475341099
3.9852734671677386,3.9511532611688973,0.034120205998841246
5.898334489110175,5.914490734211316,-0.016156245101141664
4.790570332391644,4.915142345431157,-0.12457201303951315
4.127134385045092,4.126905955478913,0.00022842956617896704
5.616771097666572,5.681119016488868,-0.06434791882229618
5.860786223465865,5.989024993142164,-0.12823876967629833
4.038126882223872,3.8178784547930356,0.22024842743083628
5.0369526024136295,5.102808848480916,-0.06585624606728668
5.393627546352362,5.62464343887821,-0.2310158925258481
7.087573705557973,7.05411014117434,0.033463564383632516
5.295814236329918,5.455477739785028,-0.1596635034551097
5.696254208235409,5.786120531262703,-0.08986632302729358
5.831882477283517,5.870264307065196,-0.038381829781679144
4.262679877041316,4.39200258608868,-0.1293227090473641
4.02535169073515,4.106739848024576,-0.08138815728942639
7.225814386792591,7.034215924887714,0.19159846190487695
5.272999558563747,5.313083670288899,-0.04008411172515203
4.8283137373023015,4.942714602025594,-0.1144008647232928
6.391246872080648,6.417604930962205,-0.026358058881556623
5.799092654460526,5.776239160647893,0.02285349381263302
5.017279836814924,5.062758293501443,-0.04547845668651895
5.043425116919247,5.028342388577258,0.015082728341988982
4.955827057601261,4.990687281955617,-0.03486022435435654
4.8996292427188965,4.416092616236675,0.4835366264822216
5.884519443319918,5.450426897741143,0.43409254557877475
3.865141019528016,3.703997278734392,0.1611437407936238
6.465755846145999,6.528825700086656,-0.06306985394065645
5.771441123130016,5.955685011440957,-0.18424388831094163
5.541263545158426,5.565659833457684,-0.02439628829925855
5.666426688112432,5.781097955908084,-0.11467126779565184
3.9318256327243257,4.104679247158171,-0.1728536144338455
5.218570448457781,5.2676204743745245,-0.04905002591674368
5.734958092124651,6.003184995343342,-0.26822690321869125
3.555348061489413,3.676907228056676,-0.12155916656726307
5.556055562626746,5.542697243732187,0.013358318894558963
4.114963849424837,4.281952605014179,-0.16698875558934212
5.391352232515226,5.253421622473447,0.13793061004177876
4.462107803146254,4.4708283911015,-0.008720587955245662
4.2408950047047895,4.364963761568887,-0.1240687568640979
5.3981627015177525,5.307511373413479,0.09065132810427379
4.74493212836325,4.475753452097086,0.2691786762661641
5.198497031265826,5.112017377872016,0.08647965339380992
4.343805421853684,4.680431201283315,-0.3366257794296308
5.659482215759621,5.654824595610085,0.004657620149536079
4.913904105136484,5.129576317933724,-0.21567221279723992
5.351858133476067,5.51349290045558,-0.16163476697951307
6.913737350659685,4.949970373066238,1.9637669775934468
6.775366090936392,6.83861643246255,-0.0632503415261585
5.303304908059076,5.361972121081865,-0.05866721302278943
4.31748811353631,4.439078268949421,-0.12159015541311113
4.410371107683024,5.039174256556197,-0.6288031488731729
6.274762021241939,6.144254288539527,0.13050773270241223
3.9889840465642745,3.9575231990646853,0.03146084749958922
3.970291913552122,4.7134319291073625,-0.7431400155552406
4.844187086458591,5.006967182254546,-0.16278009579595487
4.330733340286331,4.420470643132084,-0.08973730284575332
6.3503096345809205,5.76085263169531,0.5894570028856103
5.198497031265826,5.296524607172683,-0.09802757590685651
5.952593772718989,5.993145335761359,-0.04055156304237073
4.465908118654584,4.674487318729952,-0.20857920007536812
4.835170178098788,4.788962466887382,0.0462077112114061
5.017279836814924,5.05536466810304,-0.03808483128811613
6.075346031088684,6.0935452265399395,-0.018199195451255257
4.290459441148391,4.398407987929863,-0.10794854678147203
6.447305862541213,6.6754607989178725,-0.22815493637665973
4.836281906951478,5.027926451179872,-0.19164454422839405
5.225746673713202,5.05874908635399,0.16699758735921133
5.303304908059076,5.2774559887149115,0.025848919344164223
5.916202062607435,6.017258271160372,-0.1010562085529374
4.174387269895637,4.612303663384342,-0.43791639348870515
4.844187086458591,5.00302259794628,-0.15883551148768849
1.673351238177753,3.033696602621436,-1.3603453644436827
4.990432586778736,4.990299517032901,0.000133069745834824
5.0401940963378005,5.218968348121259,-0.17877425178345874
4.137882864236584,4.13749363908641,0.00038922515017425496
4.060443010546419,3.983384477362425,0.07705853318399392
5.916202062607435,6.031014673905448,-0.11481261129801279
4.2017030805426,4.164543987157938,0.03715909338466261
3.912023005428146,3.8768337201566325,0.03518928527151344
5.825026181941565,6.017896405168385,-0.19287022322682024
5.926926025970411,5.814385285515596,0.11254074045481488
7.225814386792591,7.180166943103582,0.04564744368900886
4.143134726391533,4.205300336012763,-0.06216560962123019
5.017279836814924,5.020400009625252,-0.003120172810327837
4.983606621708336,4.988964410253064,-0.005357788544727349
4.941428113932554,4.876925097633707,0.06450301629884692
6.131226489483141,5.996149867634953,0.1350766218481878
5.980984826152597,5.796192035244294,0.18479279090830314
7.225814386792591,7.133893928551851,0.09192045824073958
5.641907070938114,5.492987605703265,0.1489194652348491
6.228511003591184,5.8766689886256005,0.35184201496558387
6.320768294250582,6.1811190133140945,0.13964928093648776
4.959341999708705,4.670496782770925,0.28884521693778
5.4510384535657,5.515795640383164,-0.0647571868174639
5.820082930352362,5.779858381184533,0.040224549167828805
6.089044875446846,6.224614145953531,-0.13556927050668488
4.23410650459726,4.326643256860058,-0.09253675226279867
5.51209721490928,5.261627473561608,0.25046974134767197
5.831882477283517,5.72036636030759,0.11151611697592667
4.438761347654186,5.30246722168858,-0.8637058740343946
5.600272098286537,5.805001709427728,-0.20472961114119137
4.794963757620747,4.826638518829902,-0.03167476120915502
4.663439094112067,4.704145884886797,-0.04070679077473027
5.324618440967408,5.219057383281516,0.1055610576858923
5.741591936051748,5.833963931480925,-0.09237199542917729
5.529667154409346,5.545222859622005,-0.015555705212658921
5.997695096858618,5.9098027636226576,0.08789233323596068
4.709530201312334,4.819707164204721,-0.11017696289238721
4.02535169073515,4.103515037659973,-0.07816334692482307
4.173001695045377,4.280457407043353,-0.10745571199797599
4.7236640800358805,4.849231877276223,-0.1255677972403424
4.948759890378168,5.071827266540198,-0.12306737616202934
4.110873864173311,4.212289097464783,-0.10141523329147173
4.897839799950911,4.811372299208196,0.0864675007427147
4.852030263919617,4.3840588243535175,0.46797143956609943
4.005513348515485,4.02534635121437,-0.01983300269888577
5.991464547107982,6.040138109000763,-0.04867356189278116
4.709530201312334,4.708952482388403,0.0005777189239308811
6.371611847231857,6.413609098048957,-0.04199725081709982
5.833347679010845,5.7602893205330545,0.07305835847779019
5.552959584921617,5.2148882235919665,0.3380713613296509
4.382026634673881,4.6183853230533884,-0.23635868837950724
4.31748811353631,4.289528918816807,0.02795919471950281
6.626717749249025,6.601896995849346,0.024820753399678708
4.922386788542191,4.788055263189829,0.13433152535236204
5.181783550292085,5.105307868476068,0.07647568181601727
5.6937321388027,5.615796185908282,0.07793595289441768
5.236441962829949,5.511439731662779,-0.27499776883282934
6.592770524002347,6.693686041630681,-0.10091551762833362
5.351858133476067,5.643062214866536,-0.29120408139046905
4.430816798843313,4.291766576651798,0.13905022219151508
6.491739709978789,6.250099451457485,0.24164025852130333
5.519058033245936,5.423310038393546,0.09574799485239005
5.41610040220442,5.622516594073967,-0.20641619186954685
4.609859175474223,4.787320325011748,-0.17746114953752556
5.525452939131784,5.55179605772878,-0.026343118596996007
3.843101559961725,4.096944588236901,-0.2538430282751758
5.684701586843409,5.714342326081918,-0.029640739238509184
5.84354441703136,5.923326365050358,-0.07978194801899807
7.225814386792591,6.783360231501813,0.44245415529077725
4.749270529961848,5.249419184148631,-0.5001486541867832
6.530629783603989,6.041197716725593,0.489432066878396
5.472270673671475,5.499136300645716,-0.02686562697424133
4.722775428062355,4.818844965099451,-0.09606953703709653
5.826589903917748,5.824032695724792,0.0025572081929556845
5.0369526024136295,4.890788137412538,0.1461644650010916
4.966335035199676,5.182304196229213,-0.21596916102953667
4.477336814478207,4.463318361791408,0.014018452686799243
6.284134161070802,6.226865793972177,0.05726836709862493
5.610935924289849,5.394625285282171,0.21631063900767789
4.460144413937834,4.471080565850846,-0.010936151913012004
5.647917341814805,5.707539182388302,-0.059621840573496954
5.484796933490655,5.518858999949046,-0.03406206645839127
3.8501476017100575,3.8622190911411374,-0.01207148943107983
5.233138640523042,5.262041176074111,-0.02890253555106881
6.010923978264201,5.934507052560469,0.07641692570373237
4.30406509320417,4.147052060680285,0.157013032523885
4.639571612705423,4.655053072578324,-0.015481459872900949
5.808142489980444,5.813080398339126,-0.0049379083586824635
4.718498871295094,4.714102921640934,0.004395949654160347
4.330733340286331,4.072933196689535,0.25780014359679626
4.943996791763045,4.857960591460012,0.08603620030303283
4.691347882229144,4.681474061858255,0.009873820370889241
3.737669618283368,4.183197140255157,-0.4455275219717887
5.420534999272286,5.55687408883368,-0.1363390895613934
4.836281906951478,4.884371201487684,-0.04808929453620614
6.013715156042802,6.01330501141156,0.0004101446312425594
7.225814386792591,7.217328974741621,0.008485412050969643
5.605802066295998,5.277960065644155,0.32784200065184255
6.338081579406941,5.801931778205849,0.5361498012010921
7.093404625868766,6.570524413908292,0.5228802119604739
5.038250461129229,5.007396091771015,0.03085436935821395
5.682763107432126,5.634517150983045,0.048245956449080474
5.513428746164983,5.643100732783991,-0.12967198661900792
4.430816798843313,4.895059022017005,-0.46424222317369157
4.96319421949612,4.8453057067501675,0.11788851274595213
5.321056853517526,5.325955721822187,-0.004898868304660908
5.453909863599967,5.372950521660504,0.08095934193946341
5.932245187448011,6.339433401532582,-0.40718821408457107
5.049856007249537,5.3710563954132695,-0.3212003881637324
6.415096959171596,5.987967896644484,0.42712906252711136
4.499809670330265,4.467144659322103,0.032665011008162104
4.836281906951478,4.955601100491851,-0.11931919354037301
5.723585101952381,5.671152748059383,0.05243235389299805
5.983936280687191,6.050790149765488,-0.06685386907829738
5.801393036853966,5.779998447720455,0.021394589133510777
5.74194493575055,5.903360816319683,-0.16141588056913303
5.198497031265826,5.163859466825108,0.034637564440718194
5.211287807574934,5.1004119758299735,0.11087583174496007
6.386879319362645,6.415422789268967,-0.02854346990632184
5.327876168789581,5.255295784327061,0.07258038446251991
5.339939041238856,5.502602977686308,-0.16266393644745225
4.330733340286331,4.1728029161860185,0.15793042410031255
5.616771097666572,5.464817699931249,0.15195339773532268
5.673323267171493,5.159720031523852,0.5136032356476408
4.875197323201151,4.685251659956085,0.1899456632450658
5.736572297479192,6.066668481532837,-0.3300961840536445
5.0271645960474665,4.952125957066006,0.07503863898146079
4.994980054485683,4.9261604217350845,0.0688196327505981
6.922151159265869,6.733847687909883,0.18830347135598657
5.247024072160486,5.213871906634511,0.03315216552597544
6.413458957167357,6.554801469940668,-0.14134251277331078
6.083359811812238,5.6416223003642445,0.4417375114479931
4.997212273764115,5.092233533571227,-0.09502125980711273
5.062595033026967,4.980164554877407,0.0824304781495595
4.23410650459726,4.503148668191646,-0.2690421635943867
4.404277243608702,4.3744948727167285,0.02978237089197311
5.890953365511593,5.824945114585962,0.06600825092563145
5.802118375377063,5.934271864536338,-0.1321534891592755
5.651471118359793,6.135157222247797,-0.4836861038880036
5.667256793306751,5.817011702610261,-0.14975490930350954
5.940171252720432,5.7633048587060705,0.1768663940143611
5.535758222563071,5.729570510526132,-0.1938122879630617
5.594711379601839,5.684531679613544,-0.08982030001170482
5.187385805840755,5.173279304998692,0.014106500842062886
5.459585514144159,5.438972407832887,0.02061310631127178
6.148468295917647,6.1999206499310535,-0.05145235401340642
6.280395838960195,6.469154403055883,-0.18875856409568836
5.030437921392435,5.1300975439183585,-0.0996596225259232
5.375278407684165,5.697189449764525,-0.3219110420803597
4.430816798843313,3.8792767531263235,0.5515400457169899
4.996062964912999,4.987937663035451,0.008125301877547564
3.9889840465642745,4.395619608170488,-0.4066355616062136
4.822295664976738,4.803502682474695,0.018792982502042754
6.745236349484363,6.642749210014495,0.10248713946986765
5.863631175598097,5.820718597913709,0.04291257768438772
5.093750200806762,5.148446470319662,-0.05469626951289985
3.951243718581428,4.139120503806878,-0.18787678522545015
5.272999558563747,5.41951429070612,-0.1465147321423732
4.0943445622221,4.295817569346038,-0.2014730071239379
4.809742351716865,4.407551163391009,0.40219118832585643
4.5217885770490405,4.558909614763914,-0.03712103771487385
5.127944143269923,5.233547759734592,-0.10560361646466898
6.100318952020064,6.373875652267887,-0.2735567002478225
6.131226489483141,6.105284165399491,0.02594232408365027
5.147494476813453,5.203866945333003,-0.05637246851954991
5.969218938160663,6.028826111299345,-0.05960717313868269
5.786897381366708,5.70107696161288,0.08582041975382815
4.4961362649639565,5.355168607998059,-0.8590323430341025
5.471009374366148,5.393373569429544,0.07763580493660438
4.762173934797756,4.184646980083624,0.5775269547141324
4.574710978503383,4.692079210493574,-0.11736823199019142
5.335950281354887,5.458282373347825,-0.12233209199293782
5.068904202220232,5.318022819135632,-0.24911861691539983
5.75890177387728,5.706145339906476,0.05275643397080465
5.707110264748875,6.0976080446248195,-0.39049777987594414
4.477336814478207,4.269711520422191,0.20762529405601615
5.51209721490928,5.603622150647356,-0.09152493573807519
4.442533602510535,5.106359847494233,-0.6638262449836985
5.420534999272286,5.4601351542339165,-0.039600154961630274
4.51085950651685,4.3526742963113,0.15818521020554943
6.975413927455952,6.532626124540944,0.4427878029150074
4.564348191467836,4.494757232747648,0.06959095872018839
4.0943445622221,4.3679250273500685,-0.2735804651279681
6.311734809152915,6.277407832092597,0.034326977060318065
6.502790045915623,6.391775560919512,0.11101448499611166
5.023222409601727,5.0468867248881075,-0.023664315286380244
5.893024474294729,5.790971740308018,0.102052733986711
4.394449154672439,4.728821717932262,-0.3343725632598229
4.406719247264253,4.405220340654411,0.0014989066098420878
5.733341276897746,5.273069696219542,0.46027158067820384
5.638354669333745,5.333061327345863,0.30529334198788227
4.875197323201151,5.02527574840905,-0.15007842520789882
5.339603253453579,5.26299342274483,0.07660983070874927
4.110873864173311,4.531754781394132,-0.42088091722082055
5.744604469176457,5.7921292555768575,-0.04752478640040092
5.298317366548036,5.222785062955011,0.07553230359302532
4.51085950651685,5.7245420232437,-1.2136825167268501
4.51085950651685,4.4442261582680835,0.06663334824876621
6.889295949057922,6.9476394305807805,-0.05834348152285873
5.873525249243295,5.90690540105671,-0.03338015181341447
4.140114296466289,4.029996353957053,0.11011794250923668
3.8394523125933104,3.9124189476013873,-0.07296663500807687
5.660631381000218,5.739353044720655,-0.07872166372043754
5.270791995483284,5.543028306419466,-0.27223631093618206
6.440260499938161,6.634765363563043,-0.19450486362488117
6.3473892096560105,6.28895982775424,0.05842938190177094
5.572154032177765,5.817518135210051,-0.24536410303228617
5.831882477283517,5.877010772908993,-0.045128295625476156
6.409072300662528,6.694521003159224,-0.28544870249669607
5.736572297479192,5.723379729291566,0.01319256818762593
5.081404364984463,5.1776592014770335,-0.09625483649257038
6.066108090103747,6.031787445793288,0.034320644310459336
4.718498871295094,4.812091837754321,-0.09359296645922655
7.225814386792591,6.880792740418806,0.34502164637378474
4.56954300834494,4.320396370421941,0.2491466379229994
7.225814386792591,6.911552186682635,0.31426220010995554
3.9357395320454622,3.9506979490347285,-0.014958416989266254
6.709706698325824,6.723848809947798,-0.01414211162197443
5.299966006793561,5.319066230854655,-0.019100224061094018
5.296666003798806,5.165384854827114,0.1312811489716914
4.553876891600541,4.4751176797440415,0.07875921185649926
4.3694478524670215,4.2754236955099465,0.094024156957075
4.624972813284271,4.716118743721041,-0.09114593043677033
5.820082930352362,5.638367168314557,0.18171576203780493
5.120386158055375,5.222145375944835,-0.10175921788945974
4.304605487705297,4.210006168289965,0.09459931941533206
4.74493212836325,4.761131808152236,-0.0161996797889854
6.917705609835305,6.931061992136736,-0.013356382301431324
6.525762527059115,6.304196218454872,0.22156630860424276
4.330733340286331,4.442382876169664,-0.11164953588333315
4.174387269895637,4.970503345210189,-0.7961160753145524
4.709530201312334,4.756210482291731,-0.04668028097939736
4.882801922586371,5.07592293217911,-0.1931210095927396
5.891644211825772,5.860295998605006,0.03134821322076675
4.430816798843313,4.619730108707079,-0.1889133098637652
6.571233041110882,6.561651830705929,0.009581210404952856
6.342121418721152,6.234767371764737,0.1073540469564147
4.110873864173311,4.213754086032658,-0.10288022185934675
6.712348482639527,6.641614768423672,0.07073371421585506
5.7430031878094825,5.69550688308861,0.047496304720872295
3.688879454113936,3.687127878265207,0.0017515758487287592
5.249652194566756,5.170980104892251,0.07867208967450523
6.003887067106539,5.89475291186934,0.10913415523719916
5.762051382780177,5.497958564165203,0.2640928186149738
6.07073772800249,6.011052555800403,0.059685172202086356
5.003946305945459,4.969232584117994,0.03471372182746535
6.064947323867785,5.6200058552080145,0.4449414686597706
4.564348191467836,4.345775235578302,0.21857295588953374
3.945844553903657,4.44462749324875,-0.4987829393450931
7.069363794178551,6.559731124760074,0.5096326694184778
5.3706380281276624,5.606820864113769,-0.23618283598610645
5.455321115357702,5.454469721458243,0.0008513938994587633
4.658710952916121,5.253349860654957,-0.5946389077388359
4.243769809042028,4.43008272068834,-0.18631291164631136
4.021415382199343,4.2800163282777435,-0.2586009460784009
5.594711379601839,5.648403402762183,-0.053692023160343716
6.07993319509559,5.971378776783696,0.10855441831189427
5.788460576118825,5.849580394093865,-0.0611198179750394
4.060443010546419,3.967132491419224,0.09331051912719524
4.283586561860629,4.241284055091311,0.04230250676931746
4.912654885736052,4.663216650597728,0.24943823513832442
7.20990222884444,6.813497250616195,0.3964049782282446
5.231108616854587,5.362352395538521,-0.13124377868393378
6.087751522419478,6.0502460258198445,0.03750549659963376
5.763622475012218,5.671989483276778,0.09163299173544015
5.1029105702054265,5.141538473263607,-0.0386279030581802
5.337538079701318,5.2331125816844875,0.10442549801683043
4.890349128221754,4.857900598386486,0.03244852983526769
5.702681869212168,5.689966078185548,0.012715791026620238
6.013715156042802,6.024971366364038,-0.011256210321235471
4.262679877041316,4.3195823746402775,-0.056902497598961155
4.68213122712422,4.6874669060344125,-0.005335678910192598
5.513428746164983,5.339056543050237,0.17437220311474633
5.890953365511593,5.808547094256623,0.08240627125497024
4.574710978503383,5.612133075944256,-1.0374220974408734
4.248495242049359,4.132458718150822,0.11603652389853725
4.127134385045092,4.189767746015466,-0.06263336097037442
5.198497031265826,5.237981010783573,-0.039483979517746626
5.4638318050256105,5.427338607673895,0.03649319735171552
5.1328529268205045,5.144970970165593,-0.01211804334508848
5.198497031265826,5.042848154393575,0.15564887687225148
5.3706380281276624,5.317429397422257,0.053208630705405824
4.875197323201151,4.885491420769022,-0.010294097567871141
5.453182077108952,5.305084917088232,0.14809716002072015
5.0401940963378005,5.142598482217679,-0.10240438587987821
4.607168188650764,4.362954346879003,0.24421384177176098
5.138735296723572,5.258126791380219,-0.11939149465664656
4.00277736869661,4.262562942742894,-0.2597855740462842
5.973809611869261,5.938965947399884,0.03484366446937681
5.655991810819852,5.770525054749223,-0.1145332439293707
5.926259136982707,5.805130180200656,0.1211289567820506
5.3981627015177525,5.302657225698919,0.0955054758188334
5.084505142662711,5.0482528148587305,0.03625232780398058
4.430816798843313,4.404140954573659,0.026675844269654192
4.74493212836325,4.874118910406059,-0.12918678204280898
6.782192056006791,6.477982588068721,0.3042094679380707
6.154858094016418,6.019843358629985,0.1350147353864326
5.58724865840025,5.809590491323989,-0.222341832923739
5.058790335983303,5.279841373557726,-0.22105103757442368
5.752572638825633,5.697348641962301,0.055223996863332125
3.737669618283368,3.7079106756091362,0.029758942674231736
5.734408668197962,5.591967469497166,0.14244119870079608
4.91815444130209,5.131345662596726,-0.21319122129463608
4.718498871295094,4.756390625706464,-0.03789175441136994
5.324228748332538,5.42826555574819,-0.10403680741565235
6.693323668269949,6.412130398712993,0.28119326955695634
4.04305126783455,4.134057051273314,-0.09100578343876364
4.241326752570746,4.497904119926446,-0.2565773673556997
5.447814377693948,5.492409846486403,-0.044595468792454795
4.33729074083249,4.58757738846278,-0.25028664763028985
5.126935749792416,5.145484816974185,-0.01854906718176874
4.948759890378168,5.466432139919588,-0.5176722495414197
5.664695085948154,5.843283772050038,-0.17858868610188328
4.330733340286331,4.536848991659349,-0.20611565137301824
5.017279836814924,5.163217081895535,-0.1459372450806109
4.5217885770490405,4.5574467563454295,-0.035658179296389036
5.209486152841421,5.227657712046391,-0.018171559204970045
5.762051382780177,5.102661260715767,0.6593901220644103
5.692384429703832,5.5485237166592745,0.14386071304455772
4.442651256490317,4.382035993438366,0.06061526305195031
6.052089168924417,6.265865826068126,-0.21377665714370853
4.77912349311153,4.6390543126990265,0.14006918041250316
5.602118820879701,5.614445119346846,-0.012326298467145058
3.713572066704308,3.7312966377815244,-0.017724571077216478
4.757891273005756,4.506028556957227,0.25186271604852895
4.07753744390572,4.135134063087888,-0.05759661918216796
4.912654885736052,4.296097562835113,0.6165573229009391
4.499809670330265,4.5953779962479935,-0.09556832591772846
4.90527477843843,4.653518154205141,0.2517566242332885
5.010635294096256,5.215256773328795,-0.20462147923253848
4.709530201312334,4.9557498401515225,-0.24621963883918863
5.539693686123306,6.183686703574069,-0.6439930174507627
4.897839799950911,4.915642157827774,-0.017802357876862906
4.31748811353631,4.783189514520596,-0.4657014009842859
5.170483995038151,5.3966047683092455,-0.22612077327109414
4.915591745409362,4.95384948893534,-0.03825774352597833
4.422808628394115,4.963294471452995,-0.5404858430588799
4.30406509320417,4.18840875700436,0.11565633619980975
6.04602375259733,6.2018374382329835,-0.15581368563565334
5.61633463879589,5.241244344837441,0.37509029395844884
5.786897381366708,5.822155961396806,-0.03525858003009841
5.460988784418869,5.437834452243615,0.02315433217525431
5.564520407322694,5.4191869274636515,0.14533347985904221
5.560681631015528,5.565087348924907,-0.00440571790937927
4.477336814478207,4.4307867199539634,0.04655009452424341
5.101876601193199,5.201105353042278,-0.09922875184907909
5.568344503761097,5.447269295568048,0.12107520819304884
4.997212273764115,4.797301712527703,0.19991056123641204
3.913422026341853,3.9249747199945264,-0.011552693652673529
4.901564199041894,4.724742947049206,0.1768212519926875
5.030437921392435,4.607926344247377,0.42251157714505805
4.736198448394496,4.544251968577416,0.19194647981708002
4.019441402195416,4.063474864943033,-0.04403346274761688
5.577198322546748,5.594049624079912,-0.01685130153316461
4.770684624465665,4.853923356508794,-0.08323873204312893
5.821861762721802,6.241032460533256,-0.41917069781145333
4.709530201312334,4.7090224975784984,0.0005077037338354629
4.663439094112067,4.49712352448551,0.16631556962655658
4.912654885736052,5.327681080680954,-0.41502619494490123
5.802118375377063,5.7123116274696635,0.0898067479073994
7.225814386792591,7.19188669766029,0.03392768913230082
6.407473869091818,6.652105567924688,-0.24463169883287073
6.546785410760524,6.16163956104479,0.38514584971573385
5.300814246746624,5.283003721975859,0.017810524770764502
5.453182077108952,5.525361058325689,-0.07217898121673727
5.877735781779639,5.835348542797374,0.04238723898226482
6.101439400316553,5.98911709339549,0.11232230692106349
4.919980925828125,4.932076782083969,-0.012095856255843529
5.015689168398935,5.169125763396501,-0.153436594997566
5.607638614103299,5.552419602171466,0.05521901193183254
5.480638923341991,5.515346857987665,-0.03470793464567379
5.762051382780177,5.635319721144905,0.12673166163527227
6.133398042996649,5.906567322123438,0.22683072087321055
4.768054048889571,5.322897878553428,-0.5548438296638576
4.786074071694426,5.0127378776274485,-0.22666380593302282
5.840641657373398,5.693224067461459,0.14741758991193876
4.619270310366873,4.6639974545463065,-0.04472714417943369
4.782479200958502,4.412783163227496,0.3696960377310061
5.459585514144159,5.342599010557677,0.11698650358648166
4.6443908991413725,4.537401031115317,0.10698986802605592
6.2166061010848646,5.752597580016262,0.46400852106860224
4.709530201312334,5.085376222444989,-0.37584602113265486
5.14166355650266,5.150488444078351,-0.008824887575690887
5.017279836814924,4.943080098244896,0.07419973857002837
4.919980925828125,5.027689376489776,-0.1077084506616508
3.987686909349136,4.156145531383248,-0.168458622034112
5.337538079701318,5.151447807607852,0.18609027209346607
5.581614840681993,5.805353876127488,-0.22373903544549467
5.030437921392435,5.199784848588333,-0.16934692719589783
5.365976015021851,5.408968327974998,-0.04299231295314687
4.564348191467836,4.474405135826048,0.08994305564178795
5.293304824724492,5.2657635113019206,0.02754131342257171
4.736198448394496,4.753106386434387,-0.016907938039891768
6.230481447578482,6.096121651664003,0.1343597959144791
4.127134385045092,3.970718257400015,0.15641612764507684
5.017279836814924,5.085472379532111,-0.06819254271718656
6.311734809152915,6.513390484446397,-0.20165567529348216
4.68213122712422,4.7219883907603775,-0.039857163636157544
5.863631175598097,5.9688686066209025,-0.1052374310228057
4.189654742026425,4.1764863994839345,0.013168342542490663
5.297066584646384,4.913844217518152,0.38322236712823177
5.780126041243535,5.740088381992967,0.04003765925056779
5.313205979041787,5.368157308568189,-0.05495132952640169
4.343805421853684,4.309291471613866,0.03451395023981796
5.303304908059076,5.402653370427849,-0.09934846236877348
5.413875707182309,5.468796036559344,-0.05492032937703506
4.309455941839047,4.016979268386132,0.2924766734529145
6.054439346269371,5.9649704181174865,0.08946892815188434
4.532599493153256,4.610621039796342,-0.07802154664308603
6.957497370876951,5.896305902178817,1.0611914686981345
5.460988784418869,5.400361153607243,0.060627630811626254
4.658710952916121,4.760921039704111,-0.1022100867879896
4.962844630259907,4.915568202772785,0.04727642748712224
2.167910189667444,2.8635594447958717,-0.6956492551284277
4.42484663185681,4.41049631269139,0.014350319165419734
5.703782474656201,5.682931500498252,0.02085097415794923
4.795790545596741,4.71219309936283,0.0835974462339113
4.709530201312334,4.512239244236163,0.19729095707617095
3.091042453358316,3.0302793672982697,0.06076308606004632
4.566429357671661,4.499717793687239,0.06671156398442157
4.553876891600541,4.634881109411178,-0.08100421781063716
4.807294370078226,4.889977663397309,-0.08268329331908308
6.210600077024653,6.270331565700081,-0.059731488675428324
4.477336814478207,4.466819905569524,0.01051690890868251
3.9318256327243257,4.120758932878477,-0.18893330015415133
4.890349128221754,4.4239654097013394,0.46638371852041427
4.660888674744435,4.705573680854224,-0.04468500610978854
5.340754056745293,5.446868548073867,-0.1061144913285732
5.803627809625917,5.67524870343221,0.12837910619370696
4.365770212154359,4.400640370039973,-0.03487015788561365
4.404277243608702,5.0323599550873075,-0.6280827114786058
6.025865973825314,6.332324409882547,-0.3064584360572331
3.8501476017100575,3.8484101451306056,0.0017374565794519015
7.186144304522325,6.653847605851711,0.5322966986706144
5.351052121531902,5.386441055999738,-0.03538893446783575
5.936480238775222,6.027516420034517,-0.09103618125929458
5.918893854273146,5.836344953280851,0.08254890099229506
5.583496308781699,5.490906953270342,0.0925893555113575
5.673323267171493,5.804552806755721,-0.13122953958422823
4.316821224548606,5.11600854707193,-0.7991873225233235
4.9614450499054845,4.948410791547059,0.013034258358425532
6.253828811575473,5.7782142203134015,0.4756145912620715
5.730554225153629,6.193724351880992,-0.4631701267273636
5.89330029832075,5.785325563390349,0.10797473493040144
5.564520407322694,5.625851658530427,-0.06133125120773286
4.736198448394496,4.571911435013877,0.16428701338061824
5.519458915191573,5.497705430910174,0.021753484281399338
5.043425116919247,5.020431917079294,0.02299319983995307
4.3694478524670215,4.436039985781521,-0.06659213331449987
5.236441962829949,5.257109276328748,-0.02066731349879891
4.634728988229636,4.5027095055925725,0.1320194826370633
5.31566600488265,5.381055992804164,-0.06538998792151407
4.808111029984782,5.1363694813375735,-0.3282584513527915
5.961005339623274,5.3431898917802325,0.6178154478430411
5.354224998486333,5.412473455272184,-0.05824845678585078
4.3694478524670215,4.6032412171031964,-0.23379336463617495
3.8426729272933526,3.9307043563382846,-0.088031429044932
4.454347296253507,4.647353966145751,-0.19300666989224347
5.937536205082426,5.720300512495376,0.21723569258705044
4.574710978503383,4.607926344247377,-0.03321536574399442
5.83968189462286,5.778488027152554,0.06119386747030564
6.503164788284634,6.416386936378884,0.08677785190575005
5.062595033026967,5.079971794439344,-0.017376761412377206
4.90527477843843,5.071168168317993,-0.1658933898795638
5.202191854450653,5.5129935524826585,-0.3108016980320052
5.10594547390058,5.642616939433931,-0.5366714655333507
4.442651256490317,4.389431294298845,0.05321996219147174
4.02535169073515,3.97166243629997,0.05368925443517947
5.241323645027916,5.661484251164911,-0.4201606061369949
4.639571612705423,4.90407098712435,-0.2644993744189268
6.018593214496234,6.105661081866555,-0.08706786737032068
4.77912349311153,4.826146260967604,-0.047022767856073955
5.525452939131784,4.953440347617883,0.5720125915139009
6.054439346269371,5.990061258342318,0.0643780879270528
4.0547371076273215,4.074883536331246,-0.020146428703924357
4.718498871295094,4.9019168133565705,-0.18341794206147632
5.117993812416755,5.016467197322189,0.10152661509456617
4.945207488773801,4.682230857049369,0.262976631724432
4.477336814478207,4.453636218691901,0.023700595786305456
5.40042258948519,5.36080625969146,0.03961632979373064
5.198497031265826,5.482726720975783,-0.28422968970995655
5.326272942561368,5.599425601786328,-0.27315265922496046
5.142248180898148,5.3224164190634164,-0.18016823816526806
5.081404364984463,5.146639862522804,-0.06523549753834068
5.603814798869819,5.507319077404242,0.09649572146557706
5.308267697401205,5.2811139223265995,0.02715377507460559
4.624972813284271,4.212230125246659,0.4127426880376115
4.497584975308154,4.348140181679848,0.1494447936283061
6.238324625039508,6.250130999594901,-0.011806374555392907
6.385194398997726,6.1808785496301475,0.2043158493675783
4.7535901911063645,4.870315088212127,-0.11672489710576262
5.081404364984463,5.071554010255787,0.009850354728675903
5.351858133476067,5.338408955648688,0.013449177827379089
5.198497031265826,5.4678340134131895,-0.26933698214736346
6.348316975295453,5.962731533099324,0.38558544219612934
5.653646405162403,5.7833670135918425,-0.1297206084294391
5.310739886546594,5.278181372948938,0.032558513597655825
4.189654742026425,4.131725607381039,0.05792913464538607
4.564348191467836,4.446390905858702,0.11795728560913421
5.351858133476067,5.286042339492248,0.06581579398381887
5.176771008468541,5.369184685884247,-0.19241367741570592
5.752572638825633,5.549081002406368,0.20349163641926538
5.761422254102616,5.809310356033491,-0.04788810193087478
4.820281565605037,4.898087408535993,-0.07780584293095583
6.975011977526022,7.036037996491856,-0.06102601896583337
5.525452939131784,5.206121513337505,0.319331425794279
6.6898479944631735,5.5333768306046505,1.156471163858523
4.454347296253507,4.383960777308941,0.07038651894456649
5.220355825078324,5.074394799558435,0.1459610255198891
4.909709375506295,4.8780265166877,0.031682858818594895
5.998936561946683,5.7223488579026895,0.276587704043993
3.4339872044851463,4.064139375875503,-0.6301521713903568
3.970291913552122,4.05499375873306,-0.08470184518093804
5.973809611869261,5.886323076890344,0.08748653497891734
6.073044534100405,5.926332328577357,0.1467122055230483
5.662335284742028,5.387083391486042,0.27525189325598554
4.308514638737202,4.270253809461915,0.03826082927528773
6.754604099487962,5.968533684403799,0.7860704150841631
4.8346933442663405,4.677075283428494,0.15761806083784613
4.262679877041316,4.677655312964054,-0.414975435922738
5.482720089545816,5.404455679801059,0.07826440974475712
4.795790545596741,4.730618892223026,0.06517165337371544
4.070222620101691,4.057375783112044,0.012846836989647059
6.4123599928715045,6.09505780567484,0.31730218719666414
4.812184355372417,4.896882652210929,-0.08469829683851238
5.662960480135946,5.811814841310962,-0.14885436117501616
5.60947179518496,5.322266253687672,0.28720554149728805
5.899897353582492,5.865629070364516,0.03426828321797615
5.493061443340548,5.362044251077219,0.13101719226332964
7.1925582106830745,7.047842579269057,0.14471563141401766
5.14166355650266,5.080726834620891,0.06093672188176935
5.3612921657094255,5.373069167591251,-0.011777001881825733
4.709530201312334,4.8048215716864275,-0.09529137037409363
4.676932552214982,4.813872060778415,-0.13693950856343307
5.495116942522644,5.166644422398543,0.32847252012410166
4.948759890378168,5.121364893103784,-0.1726050027256152
5.906723318652891,5.810809774073514,0.09591354457937751
5.53338948872752,5.52704712659382,0.006342362133699986
4.653960350157523,4.696008134868993,-0.04204778471147019
4.110873864173311,4.101255299867112,0.009618564306199673
5.4638318050256105,5.587206495826558,-0.1233746908009472
5.671603576291966,5.831461171782441,-0.1598575954904744
6.292494637079263,6.252927301722561,0.03956733535670143
5.726847747587197,5.661943899939774,0.06490384764742263
5.10594547390058,5.335771070510889,-0.22982559661030866
4.776346531677048,4.829909261702676,-0.053562730025627836
5.527442989539794,5.712630895513237,-0.18518790597344292
5.468060141135132,5.460484259907016,0.007575881228116366
5.22397090441938,5.253687482632687,-0.029716578213307088
4.700480365792417,4.952509457404563,-0.2520290916121466
5.571203009757061,5.754202917882938,-0.1829999081258773
3.920784511096719,3.5926005953547575,0.3281839157419615
5.327876168789581,5.575704257654076,-0.2478280888644946
4.722953221644475,4.785047583014567,-0.062094361370092166
4.890349128221754,4.827140180993971,0.06320894722778281
4.736022994406854,4.848063240059294,-0.11204024565244008
4.23410650459726,4.306700306715017,-0.07259380211775746
5.420534999272286,5.445911019344675,-0.025376020072388705
4.652530757347929,4.688683519766332,-0.036152762418403483
5.081404364984463,5.128330451224623,-0.046926086240159925
5.604588094436128,5.664308044914362,-0.059719950478234196
4.189654742026425,4.221585309924448,-0.031930567898022844
5.153291594497779,5.086327572726446,0.06696402177133365
5.863631175598097,5.973744517631597,-0.11011334203350032
5.0891383555842,5.274244549106961,-0.1851061935227616
4.454347296253507,4.499580324685197,-0.045233028431689526
5.771441123130016,5.62482769392182,0.14661342920819553
4.458177162247432,4.689193850318656,-0.23101668807122344
4.219507705176107,4.277780700988167,-0.058272995812060024
4.804021044733257,4.830090007995445,-0.02606896326218866
4.262679877041316,4.128663272581923,0.13401660445939356
5.1298987149230735,5.043298098153714,0.08660061676935982
3.871201010907891,3.872371592189999,-0.0011705812821078965
5.525452939131784,5.470948285037413,0.05450465409437122
6.059123195581797,6.107750418161428,-0.04862722257963181
6.19072515795886,6.209328172334643,-0.018603014375782934
4.394449154672439,4.306751703293411,0.08769745137902785
4.935049307139661,4.44511817643678,0.48993113070288086
4.279440045898781,4.137953934275746,0.14148611162303482
6.529418838262226,6.039313014944113,0.49010582331811214
4.430816798843313,4.410260950049522,0.020555848793791576
4.820281565605037,4.9904168511140385,-0.17013528550900148
5.1298987149230735,5.145503339979958,-0.015604625056884203
5.19295685089021,5.185369255202389,0.0075875956878217465
4.166665223801727,4.202517706664183,-0.035852482862455126
4.624972813284271,5.080164195002981,-0.4551913817187101
4.700480365792417,4.769074657304339,-0.0685942915119222
4.892827258127367,5.025082127946696,-0.1322548698193291
4.927253685157205,5.034267329698271,-0.1070136445410661
3.615501984309161,4.064068504920878,-0.4485665206117173
5.296666003798806,5.219347744757454,0.07731825904135192
7.225814386792591,7.051842385895231,0.17397200089735954
5.117993812416755,4.943207307717664,0.17478650469909152
5.241747015059643,5.298157352037026,-0.0564103369773834
5.834810737062605,5.730186100257556,0.10462463680504897
4.165889729385197,4.283517361183347,-0.11762763179815039
6.796823718274855,6.681230836841188,0.11559288143366775
5.87493073085203,5.685165676611192,0.189765054240838
5.993138145859991,5.9760476002072185,0.01709054565277235
5.087596335232384,5.011898203668934,0.07569813156344996
4.7318028369214575,4.7663288196749045,-0.03452598275344698
5.515442845536684,5.424987766833941,0.09045507870274339
5.889570239426642,6.092942075586598,-0.20337183615995613
7.225814386792591,7.040430146506384,0.18538424028620692
5.525452939131784,5.503719319609489,0.021733619522295022
5.402677381872279,5.163040563580631,0.23963681829164862
4.532599493153256,4.148583364215359,0.3840161289378976
5.856503561673865,5.946955330562483,-0.09045176888861839
3.770459441106359,3.9171691511752953,-0.14670971006893607
3.6065842113871054,4.014005284210483,-0.40742107282337736
5.476463551931511,5.445162297148928,0.03130125478258261
5.475081844675453,5.47946422884723,-0.004382384171777609
4.979007018638079,5.673061921652357,-0.694054903014278
5.484796933490655,4.481545150746647,1.003251782744008
4.632298853376344,4.649768005059642,-0.0174691516832981
4.276666119016055,4.330732920684964,-0.05406680166890876
4.326381780706431,4.140002106620246,0.18637967408618472
4.927253685157205,4.418788523065466,0.5084651620917393
5.771441123130016,5.917298454296252,-0.14585733116623611
4.875197323201151,4.822947384939871,0.05224993826127999
6.387720716130836,6.234328893396747,0.1533918227340889
5.467849148413597,5.4294855373629245,0.03836361105067265
5.993138145859991,5.883311100492397,0.10982704536759424
5.53338948872752,5.710571897234985,-0.17718240850746447
5.786897381366708,5.793582547025127,-0.0066851656584194785
4.945207488773801,5.027673799552115,-0.08246631077831434
4.727387818712341,4.505070731100209,0.2223170876121321
5.2832037287379885,5.2861507064209965,-0.0029469776830080008
5.303304908059076,5.3384030098753055,-0.03509810181622974
5.497577977398914,5.505294679829505,-0.007716702430590416
4.75074130930731,4.644852867984357,0.1058884413229535
5.957131868027477,6.030075005073339,-0.0729431370458622
3.688879454113936,3.7477870149398194,-0.058907560825883554
5.886104031450156,5.7087953211647795,0.17730871028537631
5.59868118465576,5.536316269380535,0.06236491527522503
6.249975242259483,6.071549428285951,0.17842581397353197
5.056245805348308,5.558668910080853,-0.5024231047325456
5.907539312170221,5.971036059067468,-0.06349674689724694
4.68213122712422,4.683744331334699,-0.0016131042104792215
5.886104031450156,5.9698278769225555,-0.08372384547239964
5.572154032177765,5.5353044310637065,0.03684960111405822
5.69204721843778,5.556678868667733,0.1353683497700473
5.858647185217117,5.891799169818474,-0.03315198460135704
3.683866912290392,4.064616002479268,-0.38074909018887615
5.497332146283652,5.496092124354531,0.0012400219291208714
5.943665141974687,5.895628238127124,0.04803690384756365
5.37662009980521,5.19340998640344,0.1832101134017705
4.672828834461906,4.759950047394081,-0.08712121293217479
6.001414877961151,5.702754389121817,0.29866048883933427
3.713572066704308,3.9877487387281696,-0.27417667202386165
4.812184355372417,4.707730725145742,0.10445363022667475
5.065754593317335,5.394060691686249,-0.32830609836891433
6.413458957167357,6.51917833840209,-0.10571938123473235
6.313548046277095,6.349262654309154,-0.03571460803205895
4.394449154672439,4.864695144212448,-0.4702459895400093
5.081404364984463,5.005593916478231,0.07581044850623186
4.248495242049359,4.500052845957809,-0.2515576039084495
5.043425116919247,5.0232814071463325,0.020143709772914242
4.248495242049359,4.703741396715242,-0.4552461546658826
4.770684624465665,4.87445229814076,-0.10376767367509476
5.738183901373533,5.895459184175243,-0.15727528280170944
5.730099782973574,5.716010174989837,0.014089607983737373
5.726847747587197,5.920344595403273,-0.19349684781607657
5.62040086571715,5.383711738596094,0.23668912712105517
5.644315515822654,6.158298071805175,-0.5139825559825217
4.127134385045092,4.049195628634131,0.07793875641096104
5.170483995038151,4.850818958507639,0.3196650365305125
7.225814386792591,6.579652518281952,0.6461618685106387
6.539585955617669,6.4316710994705915,0.10791485614707774
4.897839799950911,4.921332593826307,-0.023492793875395712
3.610917912644224,4.011640768105759,-0.4007228554615354
5.366816782972729,5.809878690215697,-0.443061907242968
4.7535901911063645,5.0998664703664,-0.3462762792600351
4.584967478670572,4.581255341285947,0.0037121373846256134
5.36653660552518,5.212095045600456,0.15444155992472464
5.017279836814924,5.255670179156209,-0.23839034234128498
4.02535169073515,4.370105075890257,-0.34475338515510767
3.9448773422990935,3.9067453482894305,0.03813199400966294
5.993961427306569,5.395905447231346,0.5980559800752232
4.564348191467836,4.481911981232544,0.0824362102352918
4.553876891600541,4.526799223175644,0.027077668424897006
6.349138991379798,4.452049462461831,1.8970895289179666
5.476463551931511,5.457857034075695,0.01860651785581613
6.429719478039138,6.455246626145516,-0.025527148106378128
4.414856779264584,4.402940457412855,0.01191632185172864
5.786897381366708,5.816867903593008,-0.029970522226300034
6.714983306313341,6.511000481769395,0.2039828245439459
5.476045054331764,5.6421824029605006,-0.16613734862873653
4.695924549256556,4.81984407524584,-0.12391952598928402
6.272065356492644,5.992497852854762,0.27956750363788174
5.003946305945459,4.999181555947909,0.004764749997550055
4.882801922586371,4.9381066495322425,-0.05530472694587196
5.091723608778362,5.047378149205306,0.04434545957305591
4.787491742782046,4.817459838612561,-0.029968095830515296
5.303304908059076,5.416977199025199,-0.11367229096612341
3.857144343918157,5.039959391868725,-1.1828150479505677
5.0369526024136295,4.900468461713041,0.13648414070058834
5.556055562626746,5.5278273410020455,0.02822822162470029
4.945207488773801,5.098452846970753,-0.15324535819695217
5.8888779583328805,6.12929577964093,-0.2404178213080499
5.271973391208435,5.025204344250769,0.24676904695766577
5.8118892159820525,5.6557204710802145,0.15616874490183807
4.934473933130692,5.182878207420363,-0.24840427428967082
5.198497031265826,5.308173991650966,-0.10967696038513974
5.459585514144159,5.316319204266695,0.1432663098774638
5.303304908059076,5.088634414256889,0.2146704938021866
5.303304908059076,5.496269351721513,-0.19296444366243737
5.190175207928333,5.342191427443414,-0.1520162195150805
5.485336207143614,5.484968116453205,0.0003680906904088843
5.924255797414532,5.355178627681543,0.5690771697329895
5.938854596835685,5.79379635408132,0.14505824275436474
5.01329841151574,5.163247923640606,-0.1499495121248655
6.230481447578482,6.360943448503653,-0.13046200092517068
6.338594078203183,6.274485581734409,0.0641084964687737
4.189654742026425,4.191987452818448,-0.0023327107920225743
5.228431239083871,5.159927242036017,0.0685039970478547
4.418840607796598,4.300879167504769,0.11796144029182898
4.174387269895637,4.1452887420105275,0.02909852788510925
6.115892125483034,6.854664350601809,-0.7387722251187743
4.663439094112067,4.7492127454622866,-0.08577365135021964
4.248495242049359,4.925259593116253,-0.6767643510668933
5.043425116919247,5.114063225324844,-0.07063810840559714
4.879006851617819,5.0777080663585785,-0.1987012147407592
5.121401174412632,5.1862352092169575,-0.06483403480432504
4.460144413937834,4.494430838818008,-0.034286424880174415
5.739149618493492,5.939153721129599,-0.20000410263610657
4.460144413937834,4.518631107055779,-0.05848669311794552
5.787418717839867,5.775302794590214,0.012115923249653271
5.181783550292085,5.177538753950579,0.004244796341506429
6.8158592642776,6.189114182684291,0.6267450815933095
5.010635294096256,4.805939052248368,0.2046962418478886
5.101998300110228,5.149630367472588,-0.047632067362359365
5.0369526024136295,5.1746785629051715,-0.13772596049154195
5.7899601708972535,5.711632160325845,0.07832801057140859
5.82452409235233,5.681693433559366,0.1428306587929633
5.457455587886334,5.350723902636345,0.1067316852499891
5.147494476813453,5.158315264759922,-0.010820787946469679
5.607014566214904,5.591620212218373,0.015394353996530441
6.054439346269371,5.895779925774185,0.15865942049518544
6.478509642208569,6.541468770574173,-0.06295912836560458
5.564520407322694,5.593298384991358,-0.02877797766866408
5.783825182329737,5.824030613406483,-0.04020543107674612
3.970291913552122,3.9922204579700717,-0.02192854441794978
4.68213122712422,4.585624232787804,0.09650699433641563
5.4638318050256105,5.47532165802562,-0.011489853000009376
5.293304824724492,5.368449135818831,-0.07514431109433861
4.262679877041316,4.488023242602779,-0.2253433655614625
3.5263605246161616,3.4491549939943646,0.07720553062179691
4.127134385045092,4.104874474530363,0.02225991051472853
4.844187086458591,4.8252759872591415,0.018911099199449666
4.31748811353631,4.379115629607666,-0.06162751607135597
4.795790545596741,4.838608519238657,-0.04281797364191586
4.601864728979365,4.5563568340735126,0.045507894905852275
7.104144092987527,5.485348809673975,1.6187952833135517
5.493061443340548,5.692540359444853,-0.19947891610430446
5.093750200806762,4.933705709682794,0.16004449112396824
4.600157644164547,4.65935297148813,-0.059195327323583236
4.6570982788484505,4.491744762470601,0.16535351637784945
4.262679877041316,4.218521857136838,0.04415801990447843
5.170483995038151,5.808707106668228,-0.6382231116300767
4.997212273764115,4.935231694894055,0.06198057887005959
4.709530201312334,4.752070804441039,-0.042540603128705
6.580639137284949,6.4157154845753706,0.16492365270957876
4.605170185988092,4.489620587372996,0.11554959861509584
6.746412128573375,6.839630506534718,-0.09321837796134247
5.739792912179234,5.513616744725825,0.22617616745340907
4.520374534283375,4.997842659016678,-0.4774681247333028
5.5909869805108565,6.0902114163419245,-0.499224435831068
5.278114659230517,5.594906207716976,-0.3167915484864592
5.602118820879701,5.662176922895583,-0.06005810201588169
5.342334251964811,5.349804257593955,-0.007470005629143905
4.871373226762748,4.58784950263793,0.2835237241248185
5.596939379038152,5.262448932796239,0.3344904462419125
3.5667118201397288,3.714800271926551,-0.14808845178682217
4.143134726391533,4.146602200202936,-0.00346747381140311
4.848116364598481,4.844362368744279,0.00375399585420233
5.545177444479562,5.596123390640718,-0.05094594616115611
5.685856086122746,5.192614641498987,0.4932414446237585
4.110873864173311,4.28584049544289,-0.17496663126957834
5.209486152841421,5.147801655245852,0.06168449759556971
5.19351225218191,5.027549826396819,0.16596242578509113
5.186435633899945,5.2682513733887,-0.08181573948875442
5.25227342804663,5.241921553674145,0.010351874372484637
3.828641396489095,4.423472027996195,-0.5948306315070999
5.303304908059076,5.449854996834688,-0.14655008877561215
5.613128106388071,5.616091820486727,-0.002963714098656034
5.457455587886334,5.311288445730414,0.14616714215592008
5.7698822763607245,5.977312695097903,-0.2074304187371787
5.84354441703136,5.977121249187956,-0.13357683215659577
6.046426105181957,6.127153811943972,-0.08072770676201557
5.288267030694535,4.452365325646548,0.8359017050479869
5.461710913456472,5.492125112617768,-0.03041419916129584
5.758112819201249,5.598853127908835,0.15925969129241402
4.605170185988092,4.139071004272811,0.46609918171528086
4.413646418429337,4.674525950393251,-0.2608795319639139
4.912654885736052,4.762155673377495,0.15049921235855734
6.412638948921326,6.271881564977655,0.14075738394367043
6.368187186350492,6.443433819959199,-0.07524663360870676
5.308267697401205,5.126763259216068,0.1815044381851374
4.214642950244135,4.318253080044094,-0.10361012979995898
5.3230099791384085,5.369090507690704,-0.046080528552295164
7.225814386792591,7.17938655763525,0.04642782915734056
4.910225466497217,5.232692459185252,-0.32246699268803436
3.713572066704308,3.757040102954062,-0.04346803624975415
5.301661767798426,5.389023674817532,-0.08736190701910651
4.941642422609304,5.257172027792588,-0.31552960518328454
7.225814386792591,6.962159207971245,0.26365517882134526
4.736198448394496,4.660972749937771,0.075225698456725
5.205873076156757,5.170811900552814,0.03506117560394273
3.9889840465642745,4.13307947159165,-0.14409542502737516
4.799914262780603,4.884284641129978,-0.08437037834937477
4.653960350157523,4.621256345169359,0.03270400498816439
6.107022887742255,6.163554271133318,-0.05653138339106256
5.5073619934827445,5.3362623453054265,0.17109964817731793
4.268297869345539,4.284191496216809,-0.015893626871269717
5.846438775057725,5.812450385494681,0.03398838956304395
5.755742213586912,5.718353262546975,0.037388951039937446
5.0466457316192885,5.077946932607648,-0.03130120098835931
7.225814386792591,6.790174906475618,0.43563948031697297
6.957497370876951,6.853679601005409,0.10381776987154279
6.0330862217988015,6.033322412938059,-0.00023619113925743562
4.908971640319756,4.816993679833773,0.09197796048598228
5.7549507612306,6.099907750413364,-0.34495698918276396
4.262679877041316,4.376930174116758,-0.11425029707544176
4.0943445622221,4.257452748555376,-0.16310818633327528
4.04305126783455,4.145155676073492,-0.10210440823894196
3.871201010907891,4.209549588121001,-0.3383485772131096
5.480638923341991,5.464961692127191,0.015677231214800358
5.483260484046943,5.606563417839765,-0.12330293379282153
4.90527477843843,5.088264799012589,-0.18299002057415947
5.0369526024136295,4.9767418391484455,0.06021076326518404
7.032624261028007,6.951484925324325,0.08113933570368204
5.10594547390058,5.100598520493898,0.005346953406681898
4.514479320703588,4.615801300333334,-0.10132197962974576
5.860786223465865,5.676807206201913,0.18397901726395283
4.890349128221754,4.902055762812354,-0.01170663459059984
5.53338948872752,4.9172962762975505,0.6160932124299698
5.59285091394892,5.5328206482481095,0.060030265700810936
4.795790545596741,4.8142631132161675,-0.018472567619426172
4.262679877041316,4.259206335735718,0.0034735413055981823
6.194405391104672,5.941847897890365,0.2525574932143071
4.68213122712422,4.493254142737218,0.18887708438700201
5.8269730852114,5.774880347718823,0.05209273749257726
3.6635616461296463,4.041145405572389,-0.3775837594427429
5.110782242701195,5.08506757898448,0.02571466371671427
4.941642422609304,5.0764224000789735,-0.13477997746966963
4.879006851617819,4.873588815368028,0.005418036249791314
5.812337881210547,5.881405819066538,-0.06906793785599152
5.929589143389895,5.808525017161176,0.12106412622871865
3.8155121050473024,3.9004027543474886,-0.0848906493001862
4.879006851617819,4.860668603005692,0.018338248612127295
5.135798437050262,5.29492519701472,-0.15912675996445813
6.38856140554563,6.517763635934603,-0.12920223038897305
4.127134385045092,4.192354393562237,-0.06522000851714527
4.430816798843313,4.291177485697522,0.13963931314579092
5.497168225293202,5.384935331283153,0.11223289401004877
3.951243718581428,3.9254141266465967,0.025829591934831253
4.976733742420574,4.801951595006358,0.17478214741421638
5.367516883349041,5.369406309508863,-0.0018894261598214612
4.709530201312334,4.912557309693367,-0.20302710838103266
4.469694046425642,4.5093424824931505,-0.039648436067508896
5.32544603393629,5.237159158418227,0.08828687551806258
5.365976015021851,5.293206039882464,0.0727699751393871
4.832305758571839,4.739003075441581,0.09330268313025769
5.152482018324492,5.433969029029723,-0.28148701070523074
5.236441962829949,5.257790594643083,-0.021348631813133956
4.795790545596741,4.952492514339059,-0.15670196874231745
3.784189633918261,3.961334544486332,-0.1771449105680709
5.924255797414532,5.962351978254689,-0.038096180840156535
4.605170185988092,4.7381574101123825,-0.13298722412429065
6.489964521183336,6.501218317244405,-0.011253796061068577
5.081404364984463,5.031311503485787,0.0500928614986762
4.50313746042294,4.705976933161051,-0.20283947273811087
4.663439094112067,4.77889806037952,-0.115458966267453
5.321398925991358,5.395623149199355,-0.07422422320799704
4.418840607796598,4.501739223430381,-0.08289861563378231
5.075173815233827,5.108485399193687,-0.033311583959860336
4.499809670330265,4.514376673702636,-0.014567003372371268
5.703782474656201,5.773052176900857,-0.06926970224465645
6.338222984621494,6.237917619290714,0.1003053653307795
4.1640260854229085,4.754751734580456,-0.5907256491575472
5.043425116919247,5.083810317829644,-0.04038520091039732
5.354224998486333,5.369314208595225,-0.015089210108891749
5.498315108354934,5.5212201519483814,-0.022905043593447694
4.663439094112067,4.686616705281855,-0.023177611169788115
4.189654742026425,4.163149575111704,0.02650516691472138
4.158883083359672,4.278740639809469,-0.11985755644979701
4.90527477843843,4.9640631823597365,-0.05878840392130691
6.568077911411976,6.375526128582518,0.19255178282945806
5.214935757608986,5.142762320081934,0.07217343752705219
5.484796933490655,5.663884546558879,-0.17908761306822463
5.422744944923089,5.723914196821421,-0.3011692518983322
6.434546518787453,5.92799292314027,0.5065535956471834
5.843689334066611,5.388274805883698,0.4554145281829136
4.77912349311153,4.410370120826803,0.3687533722847265
6.066108090103747,5.964116030110284,0.10199205999346361
5.288267030694535,5.322749623165461,-0.03448259247092622
4.6443908991413725,4.648270330555008,-0.003879431413635892
4.0905038628361625,3.815020776747531,0.2754830860886317
6.26530121273771,4.497323694761576,1.7679775179761341
4.51085950651685,5.030555281332214,-0.5196957748153643
4.709530201312334,4.623663476211371,0.0858667251009626
5.159055299214529,5.230153835411651,-0.07109853619712148
5.666426688112432,5.757167330893871,-0.09074064278143901
5.942431853530671,5.527240639258985,0.4151912142716858
4.672828834461906,4.602535433167053,0.07029340129485284
5.3706380281276624,5.452153671627333,-0.08151564349967089
4.945207488773801,4.919891525815263,0.025315962958537774
5.123963979403259,5.196180310898598,-0.07221633149533968
3.713572066704308,4.043960722139414,-0.3303886554351063
4.189654742026425,4.233547916763526,-0.04389317473710097
5.820082930352362,5.8815919092004085,-0.06150897884804696
5.607895461849037,5.651166249414688,-0.043270787565650615
6.011830741060833,5.3236815570697456,0.6881491839910874
4.815431111471288,4.960328777070864,-0.14489766559957573
5.664695085948154,5.431907172845045,0.23278791310310964
5.695582278090861,5.830826177996256,-0.13524389990539465
6.175867270105761,6.019284645364368,0.15658262474139306
4.924350925499243,4.944044199362662,-0.019693273863419236
4.174387269895637,4.746504813148151,-0.5721175432525145
4.546799272661762,4.4082227224926385,0.13857655016912318
5.497168225293202,5.4049757530834395,0.09219247220976268
4.0943445622221,4.213092600128116,-0.11874803790601529
5.161695489005073,5.080625664101321,0.08106982490375181
4.158883083359672,4.014049525349131,0.1448335580105411
5.7745515455444085,5.716277070740506,0.0582744748039028
4.68213122712422,4.881196317901675,-0.19906509077745493
5.545177444479562,5.68002713237552,-0.13484968789595797
4.198704577546343,4.537367342649957,-0.3386627651036136
4.5290447955986,4.641534247740056,-0.11248945214145589
5.607638614103299,5.4876303897989525,0.1200082243043461
7.225814386792591,5.032702523495654,2.193111863296936
5.497168225293202,5.603336982489176,-0.10616875719597374
6.224895006290327,5.8747985814899595,0.35009642480036796
5.420534999272286,5.435377261616542,-0.014842262344255452
5.788429948716486,5.806781324526021,-0.018351375809535497
4.430816798843313,4.3846261124690695,0.04619068637424384
4.363098624788363,4.358938950818181,0.004159673970182354
5.174283585624589,5.2737073983136264,-0.09942381268903766
4.897839799950911,4.433331821869354,0.4645079780815573
6.18877733838767,5.875613084193559,0.31316425419411065
5.614331761266853,5.618196129879047,-0.003864368612194191
4.276666119016055,4.224892042772883,0.05177407624317265
5.723585101952381,5.80242999734059,-0.07884489538820905
6.049733455231958,5.9595940273810175,0.0901394278509402
5.225208894727398,5.1871791888216725,0.03802970590572574
5.683579767338681,5.661867227086925,0.021712540251756174
7.225814386792591,7.132170674297564,0.09364371249502668
4.855928904335275,4.808567602425928,0.04736130190934684
4.363098624788363,4.291172142217581,0.07192648257078194
5.72194977861165,5.874593649930558,-0.152643871318908
6.045005314036012,5.994010167306668,0.05099514672934369
6.085501189034365,5.856062173660748,0.22943901537361722
3.9318256327243257,4.520299808953411,-0.5884741762290857
4.51085950651685,4.411666446256631,0.09919306026021868
6.735613729633959,6.9970798882385274,-0.2614661586045681
3.800197190245889,3.836959847562101,-0.03676265731621209
4.158883083359672,4.145829888549505,0.013053194810167312
5.313205979041787,5.283482360087681,0.029723618954106357
5.891644211825772,5.866825868383523,0.024818343442249535
5.276429566790007,5.346165438276237,-0.0697358714862295
4.30406509320417,4.447987990792481,-0.14392289758831112
4.719302120033004,4.9223080433180515,-0.20300592328504763
5.71042701737487,5.633033322450911,0.07739369492395909
4.127134385045092,4.365453796082229,-0.23831941103713739
4.310799125385514,4.165702205711076,0.1450969196744376
5.159055299214529,5.327315800713505,-0.16826050149897576
6.953684210870537,6.943869838262442,0.009814372608095034
5.101876601193199,5.137787590345607,-0.03591098915240831
6.096950054953959,6.061105158695291,0.03584489625866816
4.51085950651685,4.362014281479696,0.14884522503715392
5.059425458265688,5.075080760055637,-0.015655301789949227
5.674456645274372,5.664245125166279,0.010211520108092564
5.786897381366708,5.7062154258636735,0.08068195550303425
5.5073619934827445,5.557167232423411,-0.04980523894066646
4.51085950651685,4.766142288993213,-0.25528278247636305
5.262690188904886,5.2406368237591945,0.022053365145691117
4.524935793277486,4.383043715578664,0.14189207769882195
4.6443908991413725,4.133538830170982,0.5108520689703901
5.4359030295006,5.096046798017882,0.3398562314827176
4.941642422609304,4.973400403551315,-0.03175798094201099
5.358941988364472,5.257069307713186,0.10187268065128574
4.375757021660286,4.221163417482424,0.15459360417786172
6.559615237493242,6.604071341126926,-0.04445610363368413
4.884996482474289,5.142715531468747,-0.2577190489944581
5.853638230200579,5.817940160943588,0.03569806925699037
5.960412380352513,5.04048747437649,0.919924905976023
6.307788739640646,6.279672190073926,0.02811654956671994
5.598421958998375,5.308955208884051,0.28946675011432443
5.666426688112432,5.5431444047451945,0.12328228336723779
6.586171654854675,6.453181933755931,0.13298972109874363
4.718498871295094,5.1520006589111444,-0.4335017876160503
5.393627546352362,5.39096110899992,0.002666437352441875
4.950531370026551,5.329509457713156,-0.3789780876866047
4.30406509320417,4.12191645941708,0.18214863378709012
4.07753744390572,4.184895408136216,-0.1073579642304967
5.472270673671475,5.4410918928332865,0.03117878083818848
5.828945617610208,5.821247330446744,0.0076982871634641015
4.085976312551584,4.216587830073993,-0.13061151752240896
4.976733742420574,4.969942884308361,0.006790858112212916
4.23410650459726,4.709916773790076,-0.47581026919281655
4.48863636973214,4.257267339398723,0.2313690303334166
4.962844630259907,4.971117993855824,-0.008273363595916905
5.003946305945459,5.014162389365737,-0.010216083420277577
4.430816798843313,4.31402925859699,0.11678754024632365
7.225814386792591,5.849903960254219,1.375910426538372
6.336825731146441,5.971990786731114,0.3648349444153274
5.937536205082426,6.429274710193537,-0.49173850511111095
3.389124800427886,3.906117297776454,-0.5169924973485678
5.600272098286537,5.437719852387327,0.16255224589920925
4.691347882229144,4.401222036567958,0.29012584566118615
6.150602768446279,5.9590135984101185,0.19158917003616072
5.850764665004847,5.773782137617115,0.07698252738773181
5.521460917862246,5.560195615696764,-0.038734697834517995
6.134482053942907,6.457133703799063,-0.322651649856156
5.630028286067539,5.532160619272087,0.09786766679545167
3.713572066704308,4.0910384077046675,-0.3774663410003596
5.515442845536684,5.495534593587141,0.019908251949543043
5.486869473092628,5.504443860830393,-0.017574387737765207
4.290459441148391,4.535452819912677,-0.24499337876428573
4.634728988229636,4.663494227046875,-0.028765238817238803
4.61512051684126,4.960518142366448,-0.34539762552518827
5.664695085948154,5.590606952115448,0.0740881338327064
5.655991810819852,5.59936898095383,0.05662282986602207
4.418840607796598,4.3712062321138605,0.04763437568273776
5.153291594497779,5.183211366180523,-0.029919771682743956
4.252771798816619,4.5561213068511766,-0.3033495080345574
5.1647859739235145,5.365664804520309,-0.20087883059679434
4.875197323201151,5.22061640015085,-0.34541907694969876
4.624972813284271,4.318743142924884,0.30622967035938675
4.30406509320417,4.436937916183269,-0.13287282297909897
6.2813317304651,6.24472767094249,0.03660405952260959
4.867534450455582,4.861432563095633,0.00610188735994921
5.734958092124651,4.935776769930714,0.7991813221939372
6.717804695023691,6.546958817681528,0.17084587734216328
4.258021154702763,4.379612981607183,-0.12159182690442005
4.795790545596741,4.824099450213028,-0.028308904616286767
5.3230099791384085,5.309620601767702,0.013389377370706335
6.36406205159053,6.044845660835226,0.3192163907553036
4.5217885770490405,4.439219209697751,0.08256936735128928
5.40042258948519,5.34420500123628,0.05621758824891021
5.26129024571096,5.154146056290718,0.10714418942024206
5.227519295239321,5.459267605278473,-0.2317483100391522
5.43372200355424,5.539319626289364,-0.1055976227351243
6.887552571664617,6.785080628586511,0.1024719430781067
5.249652194566756,5.263183993720945,-0.01353179915418945
4.07753744390572,4.193574131831372,-0.11603668792565269
4.653960350157523,4.530222345305749,0.12373800485177444
4.430816798843313,4.378204787679047,0.052612011164266725
4.158883083359672,4.229131431981903,-0.07024834862223095
3.80666248977032,4.994963659297686,-1.188301169527366
6.935049382806683,6.750397489254538,0.18465189355214484
4.86553244778491,5.033318715320626,-0.16778626753571668
4.919980925828125,4.993905283992798,-0.07392435816467291
4.454347296253507,4.463437797306325,-0.009090501052817501
4.158883083359672,4.131790408218483,0.027092675141189737
5.84354441703136,6.080589750781398,-0.23704533375003756
5.214935757608986,4.684164169286412,0.5307715883225734
5.720311776607412,5.6544951296908,0.06581664691661171
4.110873864173311,4.017311747760765,0.09356211641254664
4.290459441148391,4.428277077279343,-0.13781763613095244
5.619204498180904,5.364652624045839,0.25455187413506497
6.149536101678477,5.993514190468294,0.15602191121018283
4.705015520957808,4.738464695835146,-0.03344917487733845
4.75763372911456,5.044218502924607,-0.28658477381004666
3.8918202981106265,4.234134697859152,-0.3423143997485254
5.457455587886334,5.254928970228554,0.2025266176577798
5.802118375377063,5.832101930247992,-0.029983554870929296
4.110873864173311,3.960711700535618,0.15016216363769352
5.7698822763607245,5.975906886794378,-0.20602461043365317
4.962844630259907,5.484158169017718,-0.521313538757811
4.542230386214217,4.694976198235232,-0.15274581202101523
6.888572459565364,6.760531226060492,0.12804123350487195
6.160151912626133,6.119955933702242,0.04019597892389104
5.19295685089021,5.481268575396768,-0.2883117245065572
5.093750200806762,5.104616695260792,-0.010866494454029763
4.330733340286331,4.331162232529307,-0.0004288922429758202
5.457455587886334,5.532784789188811,-0.07532920130247689
5.618333512823718,5.432657427894633,0.18567608492908505
6.225548038460526,6.396942248063015,-0.17139420960248852
5.839187111662404,5.79671553843566,0.04247157322674333
4.762173934797756,4.872693358074909,-0.11051942327715292
4.22683374526818,4.394689960102519,-0.1678562148343392
4.976733742420574,4.8942466668119105,0.08248707560866375
4.890349128221754,5.361284035644545,-0.47093490742279087
5.596568390349052,5.5844818422529166,0.01208654809613563
4.386143150185721,4.591869841090693,-0.20572669090497175
4.454347296253507,4.253969732495198,0.20037756375830895
4.902827341461951,5.040761427166656,-0.13793408570470422
5.541263545158426,5.683649949851651,-0.14238640469322483
5.469872843189151,5.49944383408885,-0.029570990899698835
6.1092475827643655,5.661664703550644,0.4475828792137211
6.066943008283888,5.9285648327522225,0.13837817553166598
4.430816798843313,4.325265660022583,0.1055511388207302
4.8283137373023015,4.683101706830258,0.14521203047204345
5.3471075307174685,5.217212360858492,0.1298951698589761
6.2166061010848646,6.147622047767201,0.06898405331766355
5.25227342804663,5.486084805900567,-0.2338113778539368
7.143222579985179,6.737180686797618,0.40604189318756045
6.092666427616949,6.204741620079087,-0.11207519246213771
4.879539029377747,4.831213482967204,0.04832554641054276
4.983606621708336,5.269585083896927,-0.2859784621885906
7.174724309836376,6.622105790390041,0.5526185194463356
5.030437921392435,5.012888308018464,0.017549613373970985
5.627117389720715,5.489038109167516,0.13807928055319962
4.844187086458591,4.90407208452119,-0.05988499806259906
4.406719247264253,4.406965818079628,-0.0002465708153742696
5.525452939131784,5.49945406992225,0.025998869209534092
5.513428746164983,5.525156690528983,-0.011727944363999931
5.771441123130016,5.663840110406197,0.10760101272381917
4.335066045810379,4.423005292782627,-0.08793924697224842
5.081404364984463,5.2774711556741,-0.1960667906896365
5.924255797414532,5.938501393088615,-0.014245595674082345
4.795790545596741,4.900119189355401,-0.10432864375865947
4.465908118654584,4.454675398454064,0.011232720200519353
5.409411414053624,5.364493648572058,0.04491776548156601
5.241747015059643,5.2519752886408515,-0.010228273581208924
5.204006687076795,5.122624623755547,0.08138206332124831
5.793013608384144,5.579210434418015,0.21380317396612902
4.736198448394496,4.680726841312268,0.05547160708222787
5.366910158013648,5.36932525923247,-0.0024151012188218246
4.567156743789875,4.844463884602767,-0.2773071408128924
5.764156084579629,5.892204111042402,-0.12804802646277302
6.400257445308821,6.200853658350743,0.1994037869580776
5.187385805840755,5.359786783764904,-0.17240097792414932
4.30406509320417,4.193298513556583,0.11076657964758763
5.812636879568284,5.719655221502672,0.09298165806561265
4.582924577040772,4.873548004149581,-0.29062342710880884
4.68213122712422,4.722256106604436,-0.04012487948021626
5.07829394257007,5.059748032659235,0.018545909910835157
4.0163830207523885,4.1406622639163695,-0.12427924316398098
5.616771097666572,5.663081501776237,-0.046310404109664915
4.90527477843843,4.888378080359756,0.016896698078674
5.659482215759621,5.282444970043186,0.37703724571643527
4.418840607796598,4.661275601372063,-0.24243499357546483
5.185540528945076,5.114622301983541,0.07091822696153471
5.359741668535036,5.218471867342868,0.14126980119216803
2.519308076505333,2.4622459499973552,0.057062126507977595
5.303304908059076,5.204958300382983,0.09834660767609282
5.1298987149230735,5.097170529338933,0.03272818558414059
5.506834471000083,5.849802532131562,-0.3429680611314794
4.204692619390966,4.394129844207493,-0.18943722481652703
4.923623917106626,5.027266862097542,-0.10364294499091553
5.722767774567282,5.735559654959403,-0.01279188039212098
4.795790545596741,4.772003160059667,0.023787385537074712
5.777652323222656,5.944705443297316,-0.16705312007465967
5.675383000134503,5.75012127310839,-0.07473827297388702
6.320768294250582,6.639018430598999,-0.3182501363484169
5.402677381872279,5.467951581105559,-0.06527419923327926
4.290459441148391,5.034078595209729,-0.7436191540613377
5.8269730852114,5.8217357108234635,0.005237374387936811
4.959341999708705,4.8604315958292315,0.09891040387947392
5.641907070938114,5.457406108898905,0.18450096203920907
5.495116942522644,5.510901700951371,-0.015784758428726953
5.831882477283517,5.8630191622170145,-0.031136684933497527
6.385194398997726,6.38254725326559,0.0026471457321362024
4.700480365792417,4.392491010066475,0.3079893557259412
4.6443908991413725,4.572811713056646,0.07157918608472613
4.945207488773801,4.872986282064583,0.07222120670921761
5.153291594497779,5.177772230735386,-0.0244806362376071
5.36368366997929,5.250980958694634,0.1127027112846557
4.454347296253507,4.45443895015135,-9.165389784282496e-05
6.400257445308821,6.00266536472147,0.3975920805873505
5.0238805208462765,4.872664033383222,0.1512164874630546
4.189654742026425,4.220228218866512,-0.030573476840086933
5.8766147054290405,5.91580779248506,-0.039193087056019316
5.768320995793772,5.867343986870877,-0.09902299107710544
4.0943445622221,4.468953243536363,-0.37460868131426217
5.746203190540153,5.24466069939223,0.5015424911479229
4.709530201312334,4.741593849958125,-0.032063648645791254
5.655991810819852,5.566725050188697,0.08926676063115568
5.25227342804663,5.324995971425558,-0.07272254337892825
6.006968733643947,5.938593928548673,0.06837480509527438
5.442417710521793,5.4334521305745955,0.00896557994719771
4.465908118654584,4.480032098211975,-0.014123979557391309
4.349761674086606,4.639498839550388,-0.2897371654637819
6.393590753950631,6.409369785470785,-0.015779031520153808
5.3354204544995385,5.485073495524372,-0.14965304102483312
4.948759890378168,4.898817583256157,0.04994230712201109
5.757860222186865,5.706078227040494,0.05178199514637161
7.225814386792591,7.043562523528483,0.18225186326410725
3.9889840465642745,4.052219535539834,-0.0632354889755593
4.127134385045092,4.408705995201073,-0.2815716101559813
5.375278407684165,5.60490829427621,-0.2296298865920443
5.420534999272286,5.3152577739833955,0.10527722528889072
5.314731907816132,5.480089469550258,-0.16535756173412608
6.09807428216624,5.966208369662175,0.13186591250406554
5.402677381872279,5.319724416255563,0.08295296561671606
4.241614480957137,4.294068230160363,-0.05245374920322643
5.19295685089021,4.961065491854381,0.23189135903582958
6.020222057527178,5.991436063931356,0.02878599359582168
5.636573724962751,5.668143434373715,-0.03156970941096393
5.27556037942542,5.541119350119414,-0.26555897069399315
5.746203190540153,5.423761281869756,0.3224419086703971
3.610917912644224,3.7761453200453303,-0.16522740740110642
5.839187111662404,5.646554649545623,0.19263246211678098
5.143358026509894,4.979775628307296,0.1635823982025979
4.820281565605037,4.859777379539494,-0.039495813934457225
4.945207488773801,5.046013249151753,-0.10080576037795197
5.442417710521793,5.431996690748832,0.01042101977296106
4.356708826689592,4.3604103718126,-0.003701545123008465
4.837075242970874,4.997269043623734,-0.16019380065286004
5.6017497490910495,5.6822144310251,-0.08046468193405065
3.964046033495298,3.7628102615939576,0.20123577190134023
5.867883485336628,5.765796428449048,0.10208705688758002
5.665284167171766,5.61624315469871,0.049041012473056256
7.048386408721883,6.948529557930214,0.09985685079166906
5.2348982186783815,5.13554282134168,0.0993553973367014
5.497168225293202,5.260940694298783,0.2362275309944195
6.1675164908883415,5.458201109613858,0.7093153812744832
4.7535901911063645,4.717399593678484,0.03619059742788089
5.856503561673865,5.778211669072184,0.07829189260168068
4.902233120245624,5.01103735466503,-0.10880423441940579
5.176149732573829,5.1870383909800895,-0.010888658406260632
5.53338948872752,5.512944917609253,0.020444571118267696
4.564348191467836,4.542538054573028,0.02181013689480782
5.3471075307174685,5.666616429818597,-0.31950889910112856
5.870228682291866,5.85055876337877,0.01966991891309533
5.1375615876686425,4.2230038242339205,0.914557763434722
5.945944031806173,5.5793374288391036,0.36660660296706915
4.983606621708336,5.176883901282705,-0.19327727957436824
5.375278407684165,5.54444923413537,-0.16917082645120463
3.871201010907891,4.134119820265696,-0.2629188093578052
7.086570696446804,6.960550248087954,0.12602044835885007
4.584967478670572,4.615197811609894,-0.03023033293932187
4.739089003553879,4.5257320522511035,0.21335695130277532
4.483002552013883,4.3058831659023165,0.17711938611156697
4.0943445622221,3.974167202749674,0.12017735947242647
5.699607103245721,5.616032478151928,0.08357462509379232
3.9318256327243257,4.1443555290341525,-0.21252989630982677
4.394449154672439,4.7693207160433735,-0.37487156137093436
4.394449154672439,4.6267249964822375,-0.23227584180979832
4.174387269895637,4.885014336640425,-0.710627066744788
4.912654885736052,4.749917040036375,0.1627378456996773
4.77912349311153,4.997707231772647,-0.2185837386611178
6.871983013093988,6.461330126971158,0.41065288612283
4.248495242049359,4.269620910825063,-0.021125668775703765
4.876265454835473,5.289466542183396,-0.4132010873479226
6.073044534100405,6.183124361630091,-0.11007982752968548
4.663439094112067,4.751244186858889,-0.08780509274682213
6.971480969862681,6.921569641489184,0.0499113283734971
4.275832438267478,4.275127009188993,0.0007054290784846984
5.975843166205025,6.357310909068441,-0.3814677428634159
5.899897353582492,5.665792004647624,0.23410534893486812
5.093750200806762,5.036720922811709,0.05702927799505364
4.382026634673881,4.448300710109986,-0.06627407543610442
5.564520407322694,5.965707258064273,-0.40118685074157945
5.093750200806762,4.930126444479999,0.1636237563267633
4.7535901911063645,4.736007524923796,0.01758266618256865
7.225814386792591,6.686987234407883,0.5388271523847079
6.072583598392774,5.562126547092579,0.5104570513001949
4.997212273764115,4.923980433850716,0.0732318399133991
4.499809670330265,4.653148694936969,-0.15333902460670412
4.795790545596741,5.1127664105893915,-0.3169758649926502
4.394449154672439,4.41594150729379,-0.021492352621351074
5.3981627015177525,5.451441200741552,-0.05327849922379979
4.804021044733257,4.735265030222242,0.0687560145110151
4.479493577900089,4.1894395961050765,0.29005398179501274
5.302956588696461,4.807540589019162,0.49541599967729955
5.117993812416755,5.12952710936396,-0.011533296947204619
3.901972669574645,3.966445072856164,-0.06447240328151915
4.273884476054178,4.223310706539352,0.05057376951482606
5.27556037942542,5.389321715819273,-0.11376133639385255
6.042632833682381,5.802361410647301,0.24027142303507976
6.246106765481563,6.24237863484631,0.003728130635252569
4.127134385045092,4.568735672336202,-0.44160128729111037
5.993961427306569,6.0727711370975825,-0.0788097097910132
4.0943445622221,4.333525004506862,-0.23918044228476187
5.245602008876042,5.251000702015311,-0.005398693139269106
4.23410650459726,4.6123623182739095,-0.37825581367664984
5.4638318050256105,5.250452924725344,0.21337888030026608
4.430816798843313,4.476660330263146,-0.04584353141983222
5.689243967535078,6.25435342583085,-0.5651094582957716
5.14166355650266,4.868210502731892,0.27345305377076823
4.007333185232471,3.997068542461265,0.010264642771206312
6.371611847231857,6.292932327843311,0.07867951938854567
6.049733455231958,6.062573605994408,-0.012840150762450264
5.3981627015177525,5.162176893845225,0.23598580767252741
4.406719247264253,4.336588530274582,0.070130716989671
5.736572297479192,5.273517804879315,0.46305449259987697
5.598421958998375,5.581881685754518,0.016540273243856873
5.860786223465865,6.086987234014221,-0.22620101054835562
5.455321115357702,5.4655294320813415,-0.010208316723639754
4.1640260854229085,4.291890241233651,-0.12786415581074273
7.225814386792591,6.663385238914263,0.5624291478783272
4.475061500641071,4.516974968135927,-0.04191346749485625
4.350277936359301,4.3849538425222745,-0.034675906162973114
4.768988271217486,4.898573280049381,-0.12958500883189483
4.785823685681349,4.850072888915629,-0.0642492032342803
5.3230099791384085,5.342803764973741,-0.019793785835332756
6.0606873921489886,5.98262240348138,0.07806498866760858
5.955837369464831,5.899336214637969,0.056501154826862354
5.303304908059076,5.4883541324826375,-0.18504922442356175
5.278114659230517,5.671750249351553,-0.3936355901210362
4.31748811353631,4.318389013061402,-0.0009008995250923135
5.8888779583328805,6.083695429196067,-0.19481747086318624
4.365261888341151,4.362051767632591,0.0032101207085597494
7.225814386792591,6.326265686478106,0.8995487003144849
4.238877712954399,4.223861939647314,0.015015773307085034
4.7318028369214575,4.885093550860502,-0.15329071393904403
5.079352572055243,4.959026592758991,0.12032597929625233
4.624972813284271,4.628067887451978,-0.003095074167707601
4.406719247264253,4.408681810535829,-0.0019625632715758456
5.865050622252324,5.8390708904650905,0.025979731787233895
4.143134726391533,4.172869004136995,-0.029734277745462556
4.691347882229144,4.560412792338946,0.13093508989019842
4.189654742026425,4.789039065104232,-0.5993843230778069
4.406719247264253,4.588781715323546,-0.18206246805929283
5.154966491652154,5.102598011968704,0.05236847968344982
3.7727609380946383,3.9381723028863247,-0.1654113647916864
5.407799377165033,5.309135097017345,0.09866428014768847
6.189638947598647,5.834694412211917,0.3549445353867302
4.394449154672439,4.8720346228803955,-0.47758546820795633
4.394449154672439,4.290204429192243,0.10424472548019637
6.019395812036673,6.1263726359036665,-0.1069768238669937
4.248495242049359,4.059080519845019,0.18941472220434008
6.2166061010848646,6.265777643599791,-0.049171542514926614
4.174387269895637,4.330715836075072,-0.15632856617943514
4.22683374526818,4.254940644103409,-0.028106898835229543
5.107943476563253,5.0629583175165696,0.044985159046683876
5.491001710377538,5.5422937885980605,-0.05129207822052262
5.6240175061873385,5.453853646127483,0.17016386005985584
5.5909869805108565,5.53196299125271,0.05902398925814634
5.342334251964811,5.378298091315956,-0.03596383935114478
5.948034989180646,6.059379258770198,-0.11134426958955235
5.01396308418893,5.066002157175682,-0.052039072986752366
5.014892884348897,5.179001955638704,-0.16410907128980678
4.574710978503383,4.683237416695012,-0.1085264381916291
6.633384220590028,6.631099233748047,0.002284986841980974
4.189654742026425,4.193647666907763,-0.003992924881337956
4.48863636973214,4.550981771628185,-0.06234540189604498
5.564520407322694,5.673835157625412,-0.10931475030271809
5.5093883366279774,5.34442150912438,0.1649668275035978
4.30406509320417,4.137340041560525,0.16672505164364537
3.808216836702557,3.9631786644709064,-0.15496182776834955
5.1494112432934855,5.174863928098445,-0.02545268480495988
5.0072963928307415,4.9963756072090995,0.010920785621642004
3.620065138113576,3.8981104901752417,-0.2780453520616657
4.442651256490317,4.478864462007238,-0.036213205516921754
6.257667587882639,6.1202388314346425,0.13742875644799657
5.21275947818639,5.123609446527301,0.08915003165908875
4.127134385045092,4.112436885329674,0.01469749971541745
5.581614840681993,5.635293580716094,-0.053678740034100336
5.686365000619132,5.896855064096807,-0.21049006347767563
6.80903930604298,6.704517223582684,0.1045220824602957
4.930870325627393,4.923557120480495,0.007313205146898483
5.846438775057725,5.379680959427061,0.46675781563066376
4.919980925828125,5.012992541093601,-0.09301161526547563
5.547518452181536,5.1851403145525525,0.3623781376289834
5.777652323222656,5.67098489146656,0.1066674317560965
3.610917912644224,3.640649850963174,-0.029731938318950046
4.709530201312334,4.671669577179674,0.03786062413265956
4.605170185988092,4.52284934517063,0.08232084081746205
4.61512051684126,4.554307650905209,0.06081286593605029
4.465908118654584,4.597654985410238,-0.1317468667556545
5.762051382780177,5.868847396116072,-0.10679601333589517
5.536191882462241,5.592588213990527,-0.05639633152828605
5.068904202220232,5.135690132705794,-0.0667859304855618
5.844992643207725,5.9206411265611605,-0.07564848335343566
4.158883083359672,4.302953034493039,-0.14406995113336674
6.70073110954781,6.774021972687673,-0.07329086313986277
5.598421958998375,5.49262045114044,0.10580150785793485
4.983606621708336,4.9695170899210535,0.014089531787282894
4.726768157735579,4.7371701416941,-0.010401983958520766
4.248495242049359,4.611969069295176,-0.36347382724581667
5.14166355650266,5.17912577534072,-0.037462218838059336
4.110873864173311,4.553744084873632,-0.44287022070032034
7.225814386792591,6.972271918501674,0.25354246829091664
5.560681631015528,5.828293006440176,-0.2676113754246483
3.7395725684294554,3.9789786050359717,-0.23940603660651627
3.8918202981106265,4.019203668177335,-0.1273833700667084
5.819578352035555,5.579256330702765,0.24032202133279057
5.2699178920263385,5.1111719871197625,0.15874590490657603
5.6185876285929695,5.594282446319792,0.024305182273177017
5.170483995038151,5.173529139805351,-0.0030451447671993037
4.262679877041316,4.553455411998128,-0.2907755349568113
5.797576353942562,5.2803245530566025,0.5172518008859592
3.6821065698265074,4.252648711584555,-0.5705421417580472
5.472270673671475,5.489803295125597,-0.017532621454122044
5.909712045235723,5.556360532558129,0.3533515126775937
5.000584958242754,5.040639286335724,-0.04005432809296927
4.02535169073515,4.2191721252897745,-0.19382043455462483
5.311973692995522,4.894005849420921,0.41796784357460126
5.342334251964811,5.397064091955016,-0.05472983999020542
4.04305126783455,4.17080076436903,-0.12774949653447987
4.158883083359672,4.068306380423388,0.09057670293628473
3.8918202981106265,3.973504597334901,-0.08168429922427434
5.247024072160486,5.00041765486091,0.2466064172995761
5.169062530690774,5.209876838497924,-0.040814307807149675
5.457754050804533,5.557196416592382,-0.0994423657878496
5.531411248715415,5.541772304738268,-0.010361056022853532
5.66988092298052,5.641264549719564,0.028616373260955896
4.730303916744857,4.544648383379045,0.18565553336581164
4.836281906951478,5.081006983566776,-0.24472507661529797
6.540308238061494,6.539620834507299,0.00068740355419461
4.976733742420574,5.132976708290951,-0.15624296587037723
5.6577385361547945,5.142378195150775,0.5153603410040191
5.010635294096256,5.0154720344729835,-0.0048367403767271
5.472270673671475,5.452764790020746,0.01950588365072914
4.948759890378168,5.144606814527759,-0.19584692414959015
4.962844630259907,4.27459357174221,0.6882510585176966
5.349485653122436,5.497623017629493,-0.1481373645070576
5.666426688112432,5.578441542116392,0.0879851459960399
5.513428746164983,5.401710132996784,0.11171861316819953
5.086361004624392,5.061421601513836,0.024939403110555425
4.397899983830172,4.385108694411433,0.01279128941873875
5.5909869805108565,5.3780141272983295,0.212972853212527
6.557488331338735,6.5991883167480445,-0.04169998540930919
5.7062793548547885,5.823416705230202,-0.11713735037541362
5.8522024797744745,5.260916834842423,0.5912856449320518
5.903998521326706,5.8985140563858645,0.005484464940841427
4.976733742420574,4.927194220044958,0.049539522375615874
6.783891291759751,6.306616504162121,0.4772747875976302
5.315026980110984,5.351624459962178,-0.03659747985119388
6.703188113240863,5.8866060189281075,0.8165820943127553
4.7535901911063645,4.696730695536654,0.056859495569710816
4.473579765600494,4.444038297294848,0.029541468305645857
4.411585436915426,4.73942496102314,-0.32783952410771366
4.948759890378168,4.953261894810023,-0.004502004431854445
4.77912349311153,4.492219998683779,0.28690349442775087
6.125929878475914,5.811027695259852,0.3149021832160628
4.248495242049359,4.447098647200502,-0.19860340515114228
5.853638230200579,5.799231786018532,0.054406444182046876
4.276666119016055,4.28804501750869,-0.011378898492634626
6.498282149476434,6.408372446730741,0.08990970274569232
4.02535169073515,4.342985481474957,-0.3176337907398077
5.470167623474696,5.268821912361099,0.20134571111359723
5.056245805348308,5.541698699795832,-0.4854528944475245
5.339939041238856,5.351392577843674,-0.011453536604817849
5.576895624750347,5.775994164406708,-0.1990985396563607
5.592217566313047,5.4880518550855255,0.10416571122752138
5.782285536144145,5.630094334575775,0.15219120156837018
4.969813299576001,5.003833531889037,-0.0340202323130363
5.131849473677249,5.10967762957542,0.022171844101829485
6.677083461247136,6.596186212165795,0.08089724908134155
5.66988092298052,5.659281569437556,0.010599353542963819
5.627621113690637,5.635972232379908,-0.008351118689271075
3.890390705301032,4.882100488158251,-0.9917097828572192
4.412070756022258,4.961207527580132,-0.5491367715578743
5.117993812416755,4.964453665887031,0.1535401465297248
5.491125414066127,5.330100883038392,0.16102453102773584
5.525452939131784,5.3909280645059905,0.13452487462579388
6.16541785423142,6.106011549047976,0.05940630518344481
3.751854253275325,3.95591734499866,-0.20406309172333525
6.29156913955832,5.990768453974278,0.3008006855840426
5.067645548813036,5.145411319276466,-0.07776577046343025
5.666426688112432,5.859798310463198,-0.19337162235076555
3.871201010907891,3.844104550186761,0.027096460721130367
3.9889840465642745,3.773703696185432,0.2152803503788423
5.215804944973573,5.368413343399154,-0.15260839842558127
5.762491537470215,5.967467409884076,-0.20497587241386128
5.1298987149230735,5.065774080534841,0.06412463438823224
6.48768401848461,6.1152372322682105,0.3724467862163996
4.916910523532943,4.5194704884566494,0.39744003507629344
4.430816798843313,4.606610279727471,-0.17579348088415792
5.304547916298673,5.3398252233607755,-0.035277307062102636
5.968707559985366,5.874959510094423,0.09374804989094265
6.580125829420762,6.071813451277096,0.5083123781436658
4.30406509320417,4.350553439615764,-0.04648834641159372
5.25227342804663,5.714477705198726,-0.4622042771520958
5.731721843345443,5.685836070140272,0.04588577320517029
4.3694478524670215,4.47716528882147,-0.10771743635444864
6.2166061010848646,6.520461301718055,-0.3038552006331905
4.6443908991413725,5.495600037269729,-0.8512091381283566
5.311579040531222,5.430858519769193,-0.11927947923797078
5.58724865840025,5.369808343844328,0.2174403145559216
4.972171627644127,5.1653370901671725,-0.19316546252304523
4.292101927145895,4.429724110975163,-0.13762218382926772
5.020585624949423,4.97026538026404,0.05032024468538321
5.828945617610208,5.42594348105222,0.4030021365579888
4.22683374526818,4.514414959804602,-0.2875812145364227
6.874891120062954,6.691041570867466,0.18384954919548768
4.927253685157205,4.826979759307436,0.10027392584976891
4.564348191467836,4.587438708272589,-0.023090516804752603
5.436643496028323,5.382171923910842,0.05447157211748177
5.725217755376266,5.605538227903363,0.11967952747290322
5.068904202220232,4.842404072063787,0.22650013015644532
4.601864728979365,4.537151318061597,0.06471341091776761
6.458730056121593,6.381403641241568,0.07732641488002479
4.983606621708336,5.263995141599455,-0.2803885198911189
5.5626028611934215,5.5283898326903484,0.03421302850307306
5.2574953720277815,5.238040510412831,0.01945486161495058
4.477336814478207,5.058390870436933,-0.5810540559587265
6.399426535414734,6.399814276731896,-0.0003877413171622379
5.846438775057725,5.5278610530037575,0.31857772205396717
5.583496308781699,5.497553716757312,0.08594259202438703
5.664105657503303,5.851987413891125,-0.18788175638782256
4.59511985013459,4.4080686029574405,0.18705124717714927
5.221112295639065,5.118069826835073,0.10304246880399237
5.942799375126701,5.8778099077393415,0.06498946738735967
6.02707297457535,6.0362448489104565,-0.0091718743351068
5.5594115940907205,5.612717008883944,-0.053305414793223704
5.730099782973574,5.712936948435004,0.017162834538569705
5.187385805840755,5.195436383191456,-0.00805057735070136
5.820082930352362,5.846629362152373,-0.026546431800011483
4.795790545596741,4.481470045136569,0.31432050046017235
5.474788509663815,6.126190420075627,-0.6514019104118116
3.979681653901961,3.894493147500151,0.08518850640180986
5.19478850571918,5.1709180512843895,0.023870454434790744
4.308514638737202,4.30990223507734,-0.0013875963401375202
4.564348191467836,4.451104709644725,0.11324348182311095
4.010238052925101,4.516639551598638,-0.5064014986735375
4.945207488773801,4.892433354962417,0.05277413381138363
3.7727609380946383,4.197593097771715,-0.4248321596770763
5.539300835990577,5.434702765867168,0.10459807012340949
6.191339471482838,6.237353017829617,-0.04601354634677879
4.658710952916121,4.905310169307182,-0.24659921639106042
5.198497031265826,5.3973528191648175,-0.1988557878989914
5.10594547390058,5.001264566288157,0.10468090761242355
3.58351893845611,4.010239039400936,-0.42672010094482626
4.127134385045092,4.462515772275735,-0.33538138723064304
5.1647859739235145,5.028534878975113,0.1362510949484017
5.751301990624177,6.071548538327415,-0.32024654770323746
4.278608675475393,4.562238515654285,-0.28362984017889215
4.219507705176107,4.126184478495725,0.09332322668038184
5.25227342804663,5.192296536622111,0.0599768914245189
5.3981627015177525,5.2089202695643175,0.18924243195343493
5.262690188904886,5.291845815288865,-0.029155626383979616
4.454347296253507,4.404000780123997,0.05034651612951002
3.8918202981106265,4.100159115758154,-0.20833881764752737
5.081404364984463,5.100589171236861,-0.019184806252398268
5.337345753515515,5.439517049356051,-0.1021712958405363
4.834454842059064,5.053978455699013,-0.21952361363994832
5.010635294096256,4.618236866589084,0.3923984275071728
5.0238805208462765,5.068204702025123,-0.04432418117884662
6.663554063141892,6.612181259632605,0.0513728035092873
6.55250788703459,6.806646106518759,-0.2541382194841688
4.68213122712422,4.096760772828022,0.5853704542961982
5.241747015059643,5.254046389420604,-0.012299374360961401
4.757891273005756,4.814075957150357,-0.05618468414460143
5.25227342804663,5.181414732745906,0.07085869530072397
5.680172609017068,5.695460469400679,-0.015287860383611296
5.707110264748875,5.814021118826696,-0.10691085407782097
6.580639137284949,6.572338624798463,0.008300512486486333
5.0072963928307415,4.964067890456516,0.04322850237422582
4.158883083359672,4.399927676386218,-0.24104459302654568
4.110873864173311,4.101445638131228,0.009428226042083487
5.159055299214529,5.197425417152669,-0.038370117938139714
5.259160651346843,4.778463685909027,0.4806969654378159
6.089044875446846,6.029159174869454,0.059885700577392065
5.25227342804663,5.731383662922913,-0.47911023487628324
5.675040005790547,5.012466285752708,0.6625737200378392
5.963579343618446,5.9757968508019035,-0.012217507183457599
4.859812404361672,4.843005778997242,0.01680662536443034
5.332718793265369,5.354021470636859,-0.021302677371489942
5.659482215759621,5.53990364613257,0.11957856962705105
4.262679877041316,3.7832582510846477,0.4794216259566686
4.781892764381564,4.861513642984507,-0.07962087860294265
5.303304908059076,5.515326704534248,-0.21202179647517205
4.0943445622221,4.0757386463045595,0.018605915917540905
5.427150238391005,5.494853371595265,-0.06770313320425991
5.976350909297934,6.107223480612737,-0.13087257131480268
5.3230099791384085,5.147063643539639,0.17594633559876982
5.6513306146537765,5.584029365268913,0.06730124938486348
7.225814386792591,4.507672651311029,2.718141735481562
7.072633922164371,6.9037542548510205,0.1688796673133508
5.337538079701318,5.2656342799100235,0.07190379979129435
6.786716950605081,6.708736803327918,0.07798014727716307
3.784189633918261,3.8827580602788223,-0.09856842636056129
4.276666119016055,4.573632123019307,-0.29696600400325135
5.981414211254481,5.891966700216916,0.08944751103756499
5.4638318050256105,5.5044085083017436,-0.04057670327613305
4.5290447955986,4.59762483992122,-0.0685800443226201
3.828641396489095,3.9502618290278977,-0.12162043253880261
4.037244970181528,4.0834333123684265,-0.04618834218689827
4.789157022101107,4.617781458029023,0.17137556407208443
4.51085950651685,4.761700857451491,-0.25084135093464166
4.875197323201151,4.677692861531232,0.19750446166991953
5.34586866840626,5.179744291065225,0.1661243773410357
4.996536369716754,5.521116432053766,-0.5245800623370123
4.59511985013459,4.300427404681508,0.29469244545308193
5.718112638964356,5.832224631582387,-0.11411199261803162
5.110601285436775,4.986136317649518,0.12446496778725624
4.630837932736669,4.937787440899429,-0.30694950816276023
6.385750736624712,6.2465090088079105,0.13924172781680166
5.264398573344411,5.411276461679539,-0.14687788833512805
4.924859517074852,4.7033912043759445,0.22146831269890743
4.448516375942715,5.066616512869677,-0.6181001369269623
3.80666248977032,3.815619271161503,-0.008956781391182833
4.23410650459726,4.470336802081537,-0.23623029748427715
6.37434315654335,5.982929603698657,0.3914135528446936
3.942940108062868,3.9521349472070795,-0.009194839144211375
4.912654885736052,5.072804095378617,-0.1601492096425643
4.629862798578463,4.530880689241501,0.09898210933696205
5.58724865840025,5.712199988279239,-0.12495132987898927
5.351858133476067,5.512925074262024,-0.1610669407859575
5.720311776607412,5.674353408903169,0.045958367704242775
5.60947179518496,5.5577791470125915,0.051692648172368294
6.101305012787514,6.055006000395402,0.04629901239211254
4.276666119016055,4.599097665498967,-0.3224315464829113
5.181783550292085,5.054927716482716,0.12685583380936905
5.420534999272286,5.356354514429898,0.06418048484238792
4.875197323201151,4.826728361866297,0.04846896133485412
6.171345628362577,5.960063134167242,0.21128249419533507
6.558197802812269,6.651997597659708,-0.09379979484743917
5.446090610837469,5.39327674859571,0.052813862241759324
5.4510384535657,5.94900891459711,-0.49797046103140996
5.218570448457781,5.446389146891513,-0.22781869843373226
3.4011973816621555,3.422807474075226,-0.021610092413070436
4.324132656254979,4.607391558879296,-0.2832589026243175
6.262578879369813,6.26248327032872,9.560904109306989e-05
4.110873864173311,4.018060593206666,0.09281327096664516
4.895149617488555,5.077062109505196,-0.1819124920166404
5.351858133476067,5.313232312884788,0.03862582059127906
5.017279836814924,5.023480320924892,-0.006200484109967874
4.51085950651685,4.735738479271706,-0.22487897275485658
6.419994928147142,6.225590480421538,0.1944044477256046
4.564348191467836,4.535605694629924,0.028742496837912412
5.253999685896911,5.431705928195052,-0.17770624229814125
5.407171771460119,5.661866228027267,-0.2546944565671483
5.542400153875902,5.704783652026425,-0.16238349815052278
4.812184355372417,4.586378591531396,0.2258057638410209
4.746061924685573,5.0919342497654085,-0.3458723250798359
4.42484663185681,4.327834802625871,0.0970118292309392
4.672828834461906,4.680690702751556,-0.007861868289650076
3.828641396489095,4.071384118486079,-0.24274272199698377
7.08114540233728,6.433902466927865,0.6472429354094151
5.081404364984463,5.0763972749095805,0.0050070900748826475
6.431331081933479,6.646538889032927,-0.2152078070994481
4.430816798843313,4.219270262854102,0.21154653598921147
5.867883485336628,5.803383699634035,0.0644997857025924
4.127134385045092,4.290031658156041,-0.16289727311094904
4.07753744390572,3.8641818829545227,0.213355560951197
5.782285536144145,5.827336695340489,-0.04505115919634406
5.213848209921586,5.258381167565313,-0.044532957643726334
5.405690854816366,5.508433470546634,-0.10274261573026777
5.944556360906547,5.9948444195882695,-0.0502880586817227
5.459585514144159,5.533403931863562,-0.07381841771940323
6.568077911411976,6.3800995357160035,0.1879783756959723
5.860786223465865,5.9245889636092794,-0.06380274014341403
5.081404364984463,4.694847485037627,0.38655687994683596
4.442651256490317,4.91062598993642,-0.46797473344610374
6.83087423464618,6.749268242090592,0.08160599255558854
5.551019720103791,5.425969447060878,0.1250502730429126
3.8501476017100575,4.358396699068629,-0.5082490973585712
4.430816798843313,4.167378686927313,0.26343811191600075
6.626717749249025,6.5048452569958535,0.12187249225317132
4.290459441148391,4.88126062047638,-0.5908011793279888
6.803505257608338,5.934994355119951,0.8685109024883868
5.096812990337308,5.255650545640687,-0.1588375553033785
3.8501476017100575,4.003394799050396,-0.1532471973403382
4.61512051684126,4.5695501098409865,0.04557040700027315
5.5369798735199165,5.064086432683529,0.47289344083638785
7.225814386792591,6.6348065853766105,0.5910078014159801
5.580823567255753,5.532934825508259,0.047888741747494024
5.541263545158426,5.353219831126532,0.18804371403189357
5.049856007249537,4.873182309269601,0.17667369797993615
4.262679877041316,4.754909211240768,-0.49222933419945125
5.655991810819852,5.816559156018252,-0.1605673451984
5.70601331780756,5.620405555101723,0.08560776270583759
5.318119993844216,5.092841697791096,0.2252782960531201
4.394449154672439,4.333602062906858,0.060847091765580785
5.638354669333745,5.405020011588534,0.23333465774521134
5.8522024797744745,5.854892690274287,-0.002690210499812551
3.595118074299462,3.7466602870064376,-0.15154221270697565
5.564520407322694,5.870947740563353,-0.3064273332406593
5.440250862436703,5.482172629031922,-0.041921766595218735
3.8501476017100575,4.3338419356478015,-0.48369433393774397
5.382980154426746,5.353851415488996,0.029128738937750143
5.066763547873856,5.196864167959514,-0.13010062008565715
4.634728988229636,4.768679610933246,-0.13395062270361002
5.0466457316192885,5.147169892195887,-0.1005241605765983
6.521357233591198,6.55801477656587,-0.036657542974672275
6.371611847231857,6.246689168921998,0.1249226783098587
4.832305758571839,5.053689858986989,-0.22138410041515044
5.375278407684165,5.213562317196861,0.16171609048730406
5.44673737166631,5.401374933910498,0.045362437755811946
5.868364274972146,5.86299721062166,0.005367064350486395
5.419428192297095,5.61142620898351,-0.1919980166864157
5.262690188904886,5.183785380486276,0.07890480841860992
6.173786103901937,6.0849896254191655,0.08879647848277106
4.532599493153256,4.371248638003651,0.161350855149605
5.746203190540153,5.758752489004813,-0.01254929846466002
6.275515033325713,6.509458338396901,-0.23394330507118788
6.356107660695892,5.998593538065637,0.3575141226302554
5.68697535633982,5.820141845480835,-0.13316648914101492
6.338081579406941,6.044495345384368,0.2935862340225732
5.2574953720277815,5.185469515182798,0.07202585684498342
5.393627546352362,5.435555511748307,-0.04192796539594479
5.241747015059643,5.240447940111886,0.0012990749477568286
4.787491742782046,4.763190061517171,0.024301681264875086
5.770412556953964,5.809726700695362,-0.03931414374139752
5.768320995793772,5.67242139822602,0.0958995975677519
3.58351893845611,3.580347646439333,0.0031712920167770164
3.208017081533325,3.6051304817014436,-0.3971134001681187
4.564348191467836,4.554999112922654,0.009349078545182188
5.462559809942086,5.741762264168609,-0.2792024542265237
5.405690854816366,5.381099332625059,0.024591522191307114
6.144185634125646,5.81477393569183,0.3294116984338151
4.976733742420574,4.889931070276883,0.08680267214369142
5.427897212083932,5.509788924979669,-0.08189171289573682
5.020585624949423,5.046476360789933,-0.025890735840509826
5.525452939131784,5.862033885147607,-0.33658094601582267
4.727387818712341,4.755341393271627,-0.027953574559286487
4.640151154883337,4.452602396194131,0.18754875868920617
5.14166355650266,5.051586211349211,0.0900773451534489
6.054439346269371,6.068529306885052,-0.014089960615681463
7.225814386792591,6.666608906575012,0.559205480217579
5.30305612089521,5.225775670525561,0.07728045036964915
5.116795489924646,5.159618970260832,-0.04282348033618533
4.442651256490317,4.34166489279493,0.1009863636953865
5.260667419096131,5.098362829700787,0.16230458939534387
5.929589143389895,5.889654537637263,0.03993460575263175
5.3981627015177525,5.501420943064047,-0.10325824154629437
5.831882477283517,5.760191916392532,0.07169056089098458
6.111467339502679,6.304865275520406,-0.19339793601772737
5.375278407684165,5.4579946107280675,-0.08271620304390215
5.1487146623168085,5.0647921449743265,0.08392251734248202
4.95350040939126,4.968632193093935,-0.015131783702675428
5.25227342804663,5.343623611047037,-0.09135018300040709
5.484796933490655,5.606544312876566,-0.12174737938591118
5.4638318050256105,5.316271714811585,0.14756009021402594
5.695414224985685,5.709241669528004,-0.013827444542319434
5.226284163648205,4.9981067329504185,0.2281774306977864
5.298317366548036,5.2897891998988005,0.008528166649235835
5.147494476813453,4.9931381227450355,0.1543563540684172
4.804021044733257,4.528710195678942,0.275310849054315
5.298317366548036,5.260661732790033,0.037655633758003404
4.709530201312334,4.757216578862814,-0.04768637755048033
5.62040086571715,5.640811197528749,-0.02041033181159957
4.999439521335521,4.561658568900158,0.4377809524353635
4.718498871295094,4.768607381411561,-0.05010851011646711
4.622813621160686,4.330589369142444,0.29222425201824187
5.151382258424339,4.9901777314254,0.1612045269989384
4.948759890378168,5.025608339779785,-0.07684844940161639
5.368309738368072,5.376064013875335,-0.007754275507263486
5.090062427727577,5.010474807869985,0.07958761985759288
4.023206534388761,4.066432855952019,-0.04322632156325845
5.022761473894096,5.097773274079621,-0.07501180018552489
5.858333074504786,6.409177860929336,-0.55084478642455
5.907185796727432,5.882550630580282,0.024635166147149334
5.170483995038151,5.282347254442939,-0.11186325940478792
7.225814386792591,6.659392001526961,0.5664223852656294
3.951243718581428,4.104103802704964,-0.15286008412353613
5.925591802957274,5.9128129262023315,0.012778876754942381
4.382026634673881,4.462848269948483,-0.08082163527460207
4.135166556742356,4.293400521505579,-0.15823396476322316
4.262679877041316,4.562442276026868,-0.29976239898555157
4.4277167605909975,4.221675161236951,0.2060415993540463
5.030437921392435,5.004703333114177,0.02573458827825803
6.68586094706836,6.71622569894807,-0.030364751879710106
4.04305126783455,3.978526223486789,0.06452504434776118
6.100632804108636,6.049239226188987,0.05139357791964905
5.247024072160486,5.572479838052682,-0.3254557658921957
4.875197323201151,4.70607189657967,0.16912542662148145
5.66988092298052,5.793126217504677,-0.12324529452415778
4.936342689514401,4.838084416961841,0.09825827255255959
5.87493073085203,5.830205187917798,0.044725542934232365
4.709530201312334,4.7451412407863796,-0.03561103947404565
5.8210616797075545,5.979130233121167,-0.1580685534136128
5.707110264748875,5.221300818549607,0.48580944619926836
5.145574029282837,5.222525723639199,-0.07695169435636195
5.43153621033426,5.538234841795526,-0.10669863146126612
5.111987788356544,4.806654343622857,0.3053334447336864
5.198497031265826,5.361554385878591,-0.16305735461276516
4.795790545596741,4.800436137686953,-0.004645592090211537
4.189654742026425,3.9970672178149704,0.19258752421145475
5.232871767472967,5.232983502156226,-0.00011173468325864633
7.225814386792591,7.171422634736315,0.05439175205627578
5.220355825078324,5.281517128731219,-0.06116130365289418
4.68610480348409,4.766735131637264,-0.08063032815317417
4.442651256490317,4.654188732491904,-0.21153747600158734
4.966335035199676,5.058533753141695,-0.09219871794201939
6.056784013228625,5.9691190419115046,0.08766497131712025
4.51085950651685,4.399760513500679,0.11109899301617077
4.844187086458591,4.683935971186331,0.16025111527225988
5.719229223645226,5.491067502493478,0.22816172115174815
5.25227342804663,5.670511966248844,-0.418238538202214
7.225814386792591,7.2923253212180725,-0.06651093442548195
6.201928045264817,5.834320432199079,0.3676076130657382
4.90527477843843,4.893044647652211,0.012230130786218929
4.605170185988092,4.598346971161031,0.006823214827060831
4.174387269895637,4.361927908879599,-0.187540638983962
6.311734809152915,6.13768238003373,0.17405242911918517
6.60214003072033,6.4636114448986675,0.13852858582166228
5.480638923341991,5.391888625921667,0.08875029742032403
3.935934825474459,4.230828226608038,-0.29489340113357887
5.258796608385754,5.3932954596830935,-0.13449885129733996
5.019462882698935,5.0497538316088235,-0.03029094890988837
6.803505257608338,5.855508692077508,0.94799656553083
5.224670826379739,5.550707116865858,-0.3260362904861198
5.631211781821365,5.554592915133261,0.07661886668810425
4.969813299576001,4.794440163674937,0.1753731359010633
5.980150787207709,6.774484077698659,-0.7943332904909504
5.734958092124651,5.692634514258675,0.04232357786597607
6.111467339502679,6.0663576653129105,0.04510967418976808
3.957569820384117,4.000125841428167,-0.042556021044049874
4.695102293488699,4.668095844251658,0.027006449237040542
5.397574293145378,5.410869577299018,-0.013295284153640452
5.857933154483459,5.680886151605295,0.17704700287816433
6.0490020557490825,6.124264301840915,-0.07526224609183263
4.142340760490356,3.946316668323924,0.1960240921664318
5.043425116919247,5.290643429406117,-0.24721831248687032
3.976499024612511,4.0162159407017,-0.03971691608918926
5.624522793670569,5.625000313658987,-0.00047751998841771837
5.293304824724492,5.219669057494209,0.0736357672302832
5.187385805840755,5.157122225966795,0.03026357987396011
5.739792912179234,6.055739413571447,-0.31594650139221336
5.707110264748875,5.606188949048465,0.1009213157004103
6.990256500493881,4.4986998035387264,2.491556696955154
5.251487779191239,5.50033344737505,-0.2488456681838116
4.103469469999101,3.878554968700711,0.22491450129838952
5.5594115940907205,5.593249775147474,-0.03383818105675385
5.707110264748875,6.047560800317038,-0.34045053556816285
5.603335792246684,5.540110338383373,0.06322545386331058
4.110873864173311,4.161453312247509,-0.05057944807419723
4.77912349311153,4.8282130226091615,-0.0490895294976319
3.525772116243786,3.6402833304531246,-0.11451121420933852
6.51025834052315,6.406119194638713,0.10413914588443696
5.041810911564705,4.640814897498979,0.4009960140657265
3.604954219176175,3.8564854546388836,-0.2515312354627084
3.9889840465642745,3.9919705388522595,-0.0029864922879849765
5.504355449959308,5.599649949795591,-0.09529449983628258
4.356708826689592,4.067923789277378,0.2887850374122136
5.860786223465865,5.6563289247940265,0.20445729867183893
4.672828834461906,4.917612182353706,-0.24478334789179979
4.804021044733257,4.756616948838436,0.04740409589482031
3.9889840465642745,4.088790723478532,-0.09980667691425715
5.2351112906442445,5.279473840313339,-0.0443625496690947
4.897839799950911,4.99519373927091,-0.0973539393199987
5.810631881365446,5.369145284785194,0.44148659658025213
4.0943445622221,4.117665501615457,-0.023320939393356888
4.30406509320417,4.446788298512921,-0.1427232053087506
5.662265794453267,5.662037097109928,0.00022869734333941238
5.560681631015528,5.543106627382087,0.017575003633441
5.729027780012239,5.775598947694527,-0.04657116768228775
6.541029999189903,6.339665121435469,0.20136487775443435
5.41164605185504,5.298989164818658,0.11265688703638244
4.812997033190408,5.131073625771031,-0.31807659258062326
5.477843352706524,5.557627414466211,-0.07978406175968722
6.856461984594587,6.612859576836444,0.2436024077581429
4.95109758138006,4.9012945426550445,0.0498030387250159
5.602118820879701,5.660239461250283,-0.058120640370582066
4.59511985013459,4.8164324526831415,-0.22131260254855167
5.201255653704905,5.169068887425479,0.03218676627942596
4.875197323201151,4.963357837055659,-0.08816051385450763
5.803326104992462,6.458746869393521,-0.6554207644010592
5.2832037287379885,5.606565747109537,-0.3233620183715482
4.532599493153256,4.494754688549817,0.03784480460343964
5.375278407684165,5.39767828518296,-0.022399877498794574
4.795790545596741,5.209545250043206,-0.41375470444646467
4.01204931949527,5.0050001282394625,-0.9929508087441921
6.877296071497429,6.698043681990441,0.17925238950698752
6.660575149839686,6.375106815253165,0.285468334586521
5.43372200355424,5.4267911352908955,0.006930868263344436
4.855928904335275,5.012513890348416,-0.15658498601314097
4.350277936359301,4.316253497578963,0.034024438780338784
4.501474949649326,4.394196332392454,0.10727861725687227
4.037597828336212,4.334680978716242,-0.29708315038002997
5.985194934094387,5.839050071061101,0.14614486303328533
5.325348705599067,5.283306706155275,0.042041999443791944
5.275918371604558,5.333111979954895,-0.057193608350337044
6.177529090180771,6.410704597958303,-0.23317550777753215
4.77912349311153,4.558637700559619,0.22048579255191036
5.595937393538776,5.524651378400843,0.07128601513793331
4.912654885736052,5.011383820576325,-0.09872893484027223
4.831269365127934,5.339257670340876,-0.5079883052129421
6.1534770984179605,6.106806622466976,0.04667047595098417
3.959669658895499,4.3372438730247,-0.37757421412920067
6.054439346269371,6.069734710988521,-0.01529536471915005
4.110873864173311,4.080480568064442,0.030393296108869094
5.648093568795613,5.669799110831409,-0.021705542035796555
5.065754593317335,5.561589343271606,-0.49583474995427146
5.831882477283517,5.79306823098168,0.03881424630183705
5.258796608385754,5.275697988352813,-0.016901379967059427
4.795790545596741,5.517797119111131,-0.7220065735143892
4.07753744390572,4.0726915936022605,0.004845850303459187
5.278114659230517,5.323427685008536,-0.04531302577801899
5.491001710377538,5.272201449263321,0.21880026111421724
5.063860055333554,5.019505054039587,0.04435500129396708
5.7430031878094825,5.653642215882757,0.08936097192672587
5.420534999272286,5.478586134374177,-0.058051135101890416
4.356708826689592,4.253519214351809,0.10318961233778268
4.97769879384999,4.947819874433233,0.02987891941675702
4.406719247264253,4.5153397743806005,-0.10862052711634718
5.420534999272286,5.529723617197832,-0.1091886179255459
4.594109238628667,4.84560199519605,-0.2514927565673837
4.672828834461906,4.873917774030833,-0.20108893956892704
5.401550621189688,5.33026351408444,0.0712871071052481
6.271933165041461,6.10562205496286,0.16631111007860078
4.174387269895637,4.7124908567524155,-0.5381035868567787
5.593781579441872,5.594573589742321,-0.0007920103004490642
6.111467339502679,5.938129904796756,0.1733374347059229
5.555553118030016,5.574418036397381,-0.018864918367365036
5.707110264748875,5.8054123800933,-0.09830211534442501
4.294560608892605,4.220769639512274,0.07379096938033136
5.8045323777563445,5.704242725586695,0.10028965216964902
6.2166061010848646,6.626880720650171,-0.41027461956530686
6.089044875446846,6.239717672322735,-0.15067279687588897
5.763622475012218,5.739208801496728,0.02441367351548962
4.927253685157205,4.7639785834974555,0.16327510165974957
4.978731745083247,4.880217574608243,0.09851417047500455
4.189654742026425,4.020675454276508,0.16897928774991744
5.472270673671475,5.454972723206025,0.017297950465449574
5.782285536144145,5.714987956351517,0.06729757979262807
4.72384171570559,4.853689621248929,-0.1298479055433388
4.477336814478207,4.813791890023488,-0.3364550755452811
3.5046560900303856,3.907005412507805,-0.4023493224774195
6.39024066706535,6.261173787202207,0.12906687986314314
5.493061443340548,5.360431229671226,0.13263021366932204
4.048475128563646,4.000789807882101,0.04768532068154485
5.699774453258662,5.78131358029455,-0.08153912703588784
6.084499413075172,6.01663206568583,0.06786734738934275
5.877735781779639,5.911856247842886,-0.03412046606324726
5.440250862436703,5.413867085994879,0.02638377644182377
4.553876891600541,4.700753587386221,-0.1468766957856804
6.197075293129886,6.380709313455493,-0.1836340203256075
6.933423025730715,6.836792844803718,0.09663018092699716
4.959341999708705,4.88938276608422,0.06995923362448497
4.937347498326424,6.021737622138036,-1.0843901238116125
5.147494476813453,5.263342265411276,-0.11584778859782308
5.678464666671911,5.7406256764405255,-0.06216100976861405
5.673323267171493,5.53286520434704,0.14045806282445294
3.970291913552122,4.43070569856481,-0.46041378501268815
5.476463551931511,5.406593832772249,0.06986971915926166
4.959341999708705,4.973762978587065,-0.014420978878360025
5.659482215759621,5.857107030583327,-0.19762481482370564
5.486869473092628,5.463144952574686,0.02372452051794216
4.2408950047047895,4.549194959171804,-0.30829995446701464
4.879006851617819,5.0013998004319244,-0.12239294881410512
4.3694478524670215,4.305242670247276,0.06420518221974536
5.198497031265826,5.242093868514211,-0.043596837248385256
4.324132656254979,4.2848823428103575,0.039250313444621376
4.795790545596741,4.885883668418332,-0.09009312282159065
3.884857337355376,3.9120194309845138,-0.027162093629137907
5.422744944923089,5.310277550593633,0.11246739432945585
5.350672596881965,5.473324194658937,-0.12265159777697221
3.935934825474459,3.9239000726200692,0.012034752854389819
4.8467821415853445,4.913735383203402,-0.06695324161805782
4.51085950651685,4.461876245571132,0.04898326094571814
4.882801922586371,4.78135436893625,0.1014475536501207
4.941642422609304,5.031009874065612,-0.08936745145630809
6.552978532326485,6.135899542570951,0.4170789897555336
5.981414211254481,5.920899670099924,0.060514541154556234
5.286598973593838,5.261011235498534,0.02558773809530379
5.293304824724492,5.3818426529489685,-0.0885378282244762
4.51085950651685,4.488061747694732,0.022797758822117764
5.117993812416755,5.2755635259712035,-0.15756971355444804
4.276666119016055,4.137495049373177,0.1391710696428783
5.272999558563747,4.651937756814798,0.6210618017489491
5.942799375126701,5.9132512578061105,0.029548117320590706
3.688879454113936,4.198445112921766,-0.5095656588078299
4.927253685157205,5.147929865740593,-0.22067618058338834
6.298029706561264,6.085690864614087,0.21233884194717767
5.3230099791384085,5.298305107816041,0.024704871322367872
5.771441123130016,5.87373792292223,-0.10229679979221462
4.641598542601643,4.82438194946788,-0.18278340686623729
4.941642422609304,5.036164649740438,-0.0945222271311339
6.976749483801533,7.194939396904241,-0.21818991310270786
4.770684624465665,4.520361275371249,0.25032334909441634
4.07753744390572,3.9761761521761114,0.10136129172960828
4.158883083359672,4.3474938646332015,-0.18861078127352915
4.709530201312334,5.557994950333314,-0.8484647490209802
6.897078484318022,6.447254072123777,0.4498244121942445
5.1089711948171175,5.089055879069068,0.019915315748049167
4.653960350157523,4.927940881928214,-0.2739805317706905
3.6375861597263857,4.351884542535029,-0.7142983828086438
5.87493073085203,5.798469590113082,0.07646114073894861
3.8501476017100575,4.131364023172691,-0.28121642146263337
5.43372200355424,5.328095247342744,0.10562675621149609
5.4638318050256105,5.53925527981659,-0.07542347479097966
5.525452939131784,5.595580110076302,-0.07012717094451748
6.90875477931522,6.705330356589538,0.20342442272568206
3.6375861597263857,3.706608030200153,-0.06902187047376751
5.752572638825633,5.469254418668889,0.2833182201567439
4.945705585343674,5.0808473150992715,-0.13514172975559724
4.127134385045092,4.258898596380952,-0.13176421133586036
5.049856007249537,4.961452149939392,0.0884038573101451
5.120983351265121,5.056218196666501,0.06476515459861965
5.054141682405396,5.2580624783260745,-0.2039207959206788
3.713572066704308,4.471468550720934,-0.7578964840166265
5.351858133476067,5.2987304155704225,0.05312771790564419
5.382980154426746,5.2625979588573335,0.12038219556941243
5.081404364984463,5.115707325505843,-0.034302960521380044
7.089009599815669,5.999084087417761,1.0899255123979081
4.629862798578463,4.793476928000398,-0.16361412942193532
6.084499413075172,5.927581296926618,0.156918116148554
5.303304908059076,5.547827009545142,-0.24452210148606657
5.445874930905651,5.406744305450791,0.03913062545486046
6.304448802421981,6.450273609691044,-0.14582480726906244
4.770684624465665,4.785487650337163,-0.01480302587149751
4.941642422609304,4.948668377965142,-0.007025955355838498
5.332718793265369,5.37371323431016,-0.04099444104479133
6.516193076042964,6.282022775872954,0.2341703001700104
5.198497031265826,5.19546413905568,0.00303289221014591
4.727387818712341,4.477938102210008,0.24944971650233239
5.41164605185504,5.242236525767487,0.169409526087553
5.934894195619588,5.817301617353144,0.11759257826644376
4.959341999708705,5.0248444346560985,-0.06550243494739316
4.007333185232471,4.086250252042387,-0.0789170668099155
5.993961427306569,5.7008336341828,0.29312779312376946
6.244166900663736,6.398273504080878,-0.15410660341714166
4.418840607796598,4.245587397380941,0.17325321041565722
4.189654742026425,4.031058416443687,0.15859632558273784
4.61512051684126,4.479089209962139,0.13603130687912035
5.652489180268651,5.710839086265551,-0.058349905996900375
5.53022242353082,5.42245994703878,0.10776247649204063
6.077642243349034,5.607798857287833,0.4698433860612017
5.091354695837631,4.992842218984573,0.09851247685305786
3.9318256327243257,3.9253804961880925,0.0064451365362332425
5.532084289499378,5.607192415551992,-0.07510812605261474
5.332718793265369,5.297536543763769,0.03518224950159965
5.017279836814924,5.159964622873683,-0.14268478605875856
5.451896454476337,5.49977107133447,-0.04787461685813277
5.14166355650266,5.081699962248437,0.059963594254223374
5.049856007249537,5.117697511047755,-0.06784150379821785
5.495116942522644,5.4854182024579075,0.00969874006473681
6.672349351095727,6.810215866243134,-0.13786651514740633
5.063037972889304,5.033719429144879,0.029318543744424552
5.178970608915471,5.148120153845114,0.030850455070356553
4.564348191467836,4.5843607761066405,-0.020012584638804398
5.941486177301741,5.945399350343159,-0.003913173041418361
5.187385805840755,5.105407180862413,0.0819786249783423
4.0943445622221,4.204634996820327,-0.11029043459822674
5.209486152841421,5.48389308591877,-0.27440693307734865
4.795790545596741,5.184120023206857,-0.3883294776101156
5.828357209237832,5.5998354934864,0.2285217157514321
5.8522024797744745,5.8837407975037035,-0.03153831772922899
5.7408534428653,5.546279302943256,0.19457413992204398
6.126869184114185,5.914662096465853,0.2122070876483324
5.736572297479192,5.858120538630951,-0.12154824115175877
5.198220750009751,5.253583628210415,-0.05536287820066388
4.0547371076273215,4.204416431036649,-0.14967932340932766
6.163314804034641,6.305453697592756,-0.1421388935581147
3.6635616461296463,3.8887798220638774,-0.2252181759342311
4.990432586778736,4.883636236463353,0.10679635031538304
5.4359030295006,4.825360269759254,0.610542759741346
5.502441184024992,5.500743112266264,0.001698071758728048
3.828641396489095,4.401968269894001,-0.5733268734049055
3.9318256327243257,3.9276460966392697,0.004179536085056057
6.3784261836515865,6.479839577705594,-0.10141339405400718
6.030084118073037,5.731275852862921,0.2988082652101163
4.705015520957808,4.760452325133475,-0.055436804175666765
4.418840607796598,4.3044907582885,0.11434984950809834
4.881437355624573,5.111535277915651,-0.23009792229107795
5.332718793265369,5.629917685614714,-0.2971988923493454
6.93828448401696,7.02804028481785,-0.08975580080088985
4.653960350157523,4.688257882477378,-0.03429753231985533
5.817111159963204,5.92411395110025,-0.10700279113704614
5.159055299214529,5.091209570705206,0.06784572850932324
5.575949103146316,5.5856486165955035,-0.009699513449187513
3.956805148200039,3.8579096466858562,0.0988955015141828
5.178237946217495,5.9205371481794975,-0.7422992019620027
3.828641396489095,3.8600926504311732,-0.03145125394207815
5.898526551448713,5.818294093306868,0.08023245814184499
4.330733340286331,4.2445256219219365,0.08620771836439456
4.980657070576569,5.1177727475073596,-0.1371156769307902
5.005622752272712,5.059978144883422,-0.05435539261070943
4.330733340286331,4.414470928771583,-0.08373758848525181
5.993961427306569,6.072864317190994,-0.07890288988442506
4.505349850705881,4.413616924473735,0.09173292623214557
4.840242308167575,4.696950048878162,0.1432922592894128
6.1516682986483175,6.142521569771995,0.009146728876322285
4.689235561105759,4.853520349420676,-0.16428478831491677
4.844187086458591,4.886364793660135,-0.04217770720154412
5.135798437050262,4.773901523059405,0.361896913990857
4.821893169499378,4.8929850509081785,-0.07109188140880018
7.225814386792591,6.344389378509897,0.8814250082826938
5.113492679535963,5.1168501013731404,-0.0033574218371770215
5.179927897047815,5.0492398992638385,0.13068799778397633
5.7430031878094825,5.512812562646657,0.23019062516282585
5.574053367981417,5.715180118875715,-0.14112675089429771
5.41610040220442,5.31541249059201,0.1006879116124102
5.627621113690637,5.471316967910937,0.15630414577969987
3.49650756146648,3.4788377301384714,0.017669831328008367
6.29156913955832,6.12596758909357,0.16560155046475078
5.769101940776844,5.846708734360692,-0.07760679358384781
6.349138991379798,5.807332703344779,0.5418062880350192
5.1647859739235145,5.3796691813760456,-0.2148832074525311
4.530446639792155,5.021072991895502,-0.49062635210334715
4.605170185988092,4.6657875310331915,-0.060617345045099746
4.189654742026425,4.221937996609406,-0.03228325458298098
5.521460917862246,5.407939423741022,0.11352149412122436
5.100780643947601,5.028362100212,0.0724185437356013
4.948759890378168,5.095698094207861,-0.14693820382969225
5.25227342804663,5.463597534789328,-0.21132410674269853
4.804021044733257,5.261431128794013,-0.457410084060756
5.4641283712150015,5.614483648411528,-0.15035527719652642
4.787491742782046,4.8706801838037865,-0.08318844102174072
5.457754050804533,5.416397830058149,0.04135622074638334
4.897839799950911,4.938393139454411,-0.04055333950350004
5.116015809554085,5.14417241868646,-0.028156609132374832
5.643678550586496,5.547806620370238,0.09587193021625762
6.96979066990159,6.7735323825705995,0.19625828733099038
5.320567975482857,5.00922768550354,0.3113402899793165
4.948759890378168,4.93620588403872,0.012554006339448698
7.173460111380421,7.151593851264412,0.021866260116008895
6.071199515126835,5.892277174502724,0.17892234062411116
6.246746095949999,6.087349860159013,0.15939623579098594
5.739792912179234,5.693957869937925,0.04583504224130852
5.6937321388027,5.551990922510717,0.1417412162919831
5.135798437050262,4.997319498038666,0.1384789390115957
5.41164605185504,5.515790454746186,-0.10414440289114513
4.9004483350615,4.638492228587864,0.26195610647363665
5.435162014275881,5.370313846058119,0.06484816821776196
3.9345669698630408,4.625737176273933,-0.6911702064108924
5.116015809554085,4.915169317684982,0.20084649186910308
5.1149953094204985,5.283600233895391,-0.1686049244748924
5.648974238161206,5.591187532114334,0.05778670604687264
5.116015809554085,5.154147019054157,-0.038131209500072316
5.69035945432406,5.677349968535583,0.01300948578847727
4.135166556742356,4.174314266227081,-0.03914770948472501
5.611301621862036,5.499664661925733,0.11163695993630274
5.752572638825633,5.669825267887997,0.08274737093763651
5.954800562736391,5.716778681183719,0.23802188155267245
5.552959584921617,5.562990283512803,-0.010030698591185327
4.948759890378168,4.011805354079898,0.9369545362982707
5.14166355650266,5.21588412965349,-0.07422057315082942
5.572914199451162,5.696332006092186,-0.12341780664102409
4.212127597878484,4.057374027275379,0.15475357060310557
6.251903883165888,6.23139377227051,0.02051011089537802
4.997212273764115,5.043088998570818,-0.04587672480670335
5.69035945432406,5.773521391392326,-0.08316193706826613
5.581614840681993,5.56014366834,0.02147117234199314
6.232172929601664,6.129219325617409,0.10295360398425579
4.477336814478207,4.177938989359468,0.2993978251187386
6.338594078203183,5.974533369141156,0.36406070906202714
4.343805421853684,4.333221654643996,0.010583767209688233
5.8664680569332965,5.877237324407355,-0.010769267474058708
3.8501476017100575,3.9979766001066834,-0.1478289983966259
4.537961436294641,4.425267495076525,0.11269394121811604
5.375278407684165,5.59716932080635,-0.22189091312218512
5.389071729816501,5.383547816662015,0.005523913154485527
4.364626119993714,4.6903799695936,-0.3257538495998862
5.4638318050256105,5.646951176778829,-0.1831193717532189
5.680513847716846,5.684438304343585,-0.0039244566267386816
4.887864841928826,5.010258179922378,-0.12239333799355201
4.930870325627393,5.144453830032884,-0.21358350440549057
4.22683374526818,4.207521451237027,0.019312294031152533
5.404927101606295,5.485958415744331,-0.08103131413803588
4.276666119016055,4.676165400358252,-0.39949928134219626
5.265794174842477,5.124595082616366,0.1411990922261106
5.5434963447228585,5.733994291540467,-0.1904979468176089
6.561030665896573,6.844063159220042,-0.2830324933234687
5.218570448457781,5.443932885685032,-0.22536243722725136
4.143134726391533,4.23071262182037,-0.08757789542883732
6.544329024720517,6.410639021505468,0.13369000321504831
5.865050622252324,5.852159463157084,0.012891159095240745
6.234410725718371,5.910024396913731,0.32438632880464
4.379899373657707,4.253528310389412,0.12637106326829528
4.733299513698619,4.747153818919799,-0.013854305221179253
5.568344503761097,5.560323996751829,0.008020507009267597
4.160132302760104,3.83522576365226,0.32490653910784406
5.094608727872434,5.542561770378977,-0.44795304250654233
4.02535169073515,4.026097036221185,-0.0007453454860355535
5.272999558563747,5.132576193395887,0.1404233651678597
4.51085950651685,4.571946764851317,-0.061087258334467265
6.107022887742255,6.038170776195543,0.068852111546712
4.844187086458591,4.876183121807617,-0.0319960353490254
5.493061443340548,5.641709846544423,-0.1486484032038744
5.065754593317335,4.976321423226947,0.08943317009038765
5.405690854816366,5.651213086077905,-0.24552223126153905
6.55250788703459,6.396700259754917,0.1558076272796729
5.652489180268651,5.583909781684515,0.06857939858413609
6.737761422876716,6.872992009825318,-0.13523058694860257
4.499809670330265,4.666588496340025,-0.16677882600976002
5.216727629508083,4.371597412150005,0.8451302173580775
4.230185785133514,4.288384654192103,-0.05819886905858862
5.272999558563747,5.248531169696533,0.024468388867213697
4.262679877041316,4.23555067374921,0.02712920329210622
4.454347296253507,4.309380172571785,0.14496712368172204
5.081404364984463,5.473014767722227,-0.39161040273776404
6.063785208687608,5.642649782136421,0.42113542655118685
5.761013108110473,5.51176657925785,0.24924652885262244
6.246106765481563,6.302659425331495,-0.05655265984993196
6.179333190331053,6.20802095041496,-0.0286877600839075
5.225746673713202,5.3423348046207515,-0.11658813090754983
5.393627546352362,5.53175369029857,-0.1381261439462076
6.3473892096560105,6.278225127647843,0.06916408200816715
5.012832877639743,5.081307154149578,-0.06847427650983562
5.525452939131784,5.603407767996753,-0.07795482886496874
4.983606621708336,5.011990095118582,-0.02838347341024594
6.90875477931522,5.978347454306204,0.9304073250090168
6.0764947962925575,5.988402246778384,0.08809254951417334
6.8265777609882,6.370805716217239,0.4557720447709608
4.61512051684126,4.764072888840991,-0.148952371999731
6.202535517187923,6.183176621567568,0.0193588956203552
5.336094730882067,5.382916051297784,-0.04682132041571663
4.598447640227264,4.820767580183031,-0.22231993995576715
4.566429357671661,5.415466660414946,-0.8490373027432856
6.068888444072786,5.349883073415512,0.7190053706572739
5.7899601708972535,5.771679933153782,0.018280237743471872
5.889791668196679,6.5315283676803055,-0.6417366994836264
5.6155703770900525,5.601565453151115,0.014004923938937708
5.166669912482037,5.342145641650527,-0.17547572916848964
6.186208623900494,6.040760161268185,0.14544846263230848
5.495116942522644,5.55604887162988,-0.06093192910723566
4.02535169073515,4.192676561219041,-0.167324870483891
4.262679877041316,4.641080584722079,-0.37840070768076295
5.298317366548036,5.36293085747444,-0.064613490926404
5.328749573668238,5.378865162684685,-0.050115589016446194
6.588169657517348,6.247460991178593,0.3407086663387551
4.290459441148391,4.415626433303334,-0.1251669921549432
5.581614840681993,5.611714957387122,-0.030100116705128244
4.262679877041316,4.1723694714647985,0.09031040557651782
6.282266746896006,5.815702167153277,0.46656457974272936
4.0943445622221,4.323005474804134,-0.22866091258203358
4.962844630259907,5.093341449022405,-0.13049681876249775
3.610917912644224,3.770231269136917,-0.15931335649269318
4.204692619390966,4.595127490685206,-0.39043487129424026
5.313205979041787,5.32129128537957,-0.008085306337783038
7.199678345691172,7.143381499491083,0.056296846200089234
5.640132447579745,5.604944211546516,0.03518823603322918
5.85601703418262,5.951496699994043,-0.09547966581142298
5.555282466337757,5.519569826230745,0.03571264010701203
4.219507705176107,4.180056733188544,0.039450971987562866
4.007333185232471,4.125345494181175,-0.11801230894870418
5.713732805509369,5.566438074276838,0.147294731232531
4.639088404191552,4.498188319509972,0.14090008468158022
6.0806880588556576,6.057346850692276,0.02334120816338192
2.995732273553991,3.1842857090789396,-0.18855343552494874
5.081404364984463,5.056862814664368,0.024541550320095418
7.225814386792591,5.287873623224556,1.9379407635680348
5.14166355650266,5.172410901769216,-0.030747345266555648
4.841901010810817,4.949107730139919,-0.10720671932910175
5.547791213108276,5.678795960755685,-0.13100474764740877
4.875197323201151,4.880399352870904,-0.005202029669752584
4.709530201312334,4.733357255609161,-0.0238270542968273
7.225814386792591,7.332360842345549,-0.10654645555295872
4.30406509320417,4.579302555879632,-0.2752374626754621
4.218772140597153,4.680248809531489,-0.4614766689343357
5.278114659230517,5.341296891282976,-0.06318223205245932
5.337538079701318,5.370774235843741,-0.033236156142423035
4.454347296253507,4.38612496752172,0.06822232873178713
5.905361848054571,5.780113525786407,0.1252483222681633
4.297285406218791,4.672237967441141,-0.37495256122235077
5.010635294096256,5.012298343845034,-0.00166304974877729
4.110873864173311,4.415856134703301,-0.3049822705299894
5.977619140285929,5.8889831418663245,0.08863599841960479
4.465908118654584,4.741675356625146,-0.27576723797056246
5.514758506802571,5.417016589820762,0.09774191698180879
5.368309738368072,5.205924648938001,0.1623850894300709
4.524935793277486,4.4195703004130955,0.10536549286439012
5.966146739123692,5.965320341871641,0.0008263972520508034
4.59511985013459,4.633696885215049,-0.03857703508045951
4.04305126783455,4.531857363425228,-0.4888060955906779
4.454347296253507,4.447465204758025,0.0068820914954823564
5.840641657373398,5.908485075498527,-0.06784341812512906
3.7297814454343614,3.7756352810726903,-0.0458538356383289
3.9889840465642745,3.9736317150198444,0.015352331544430164
5.1647859739235145,5.184437637852129,-0.019651663928614838
4.774912960575186,4.927302429931345,-0.1523894693561587
5.234685101303181,5.297150320305798,-0.06246521900261737
5.808142489980444,5.608818492979383,0.19932399700106096
5.017279836814924,4.331660462151243,0.6856193746636814
4.189654742026425,4.155608929330126,0.03404581269629947
5.7430031878094825,5.746606663155924,-0.0036034753464413427
3.688879454113936,3.919555351879448,-0.23067589776551234
5.043425116919247,5.145633475371607,-0.10220835845236032
5.085557220613515,5.180207622979006,-0.09465040236549171
4.962844630259907,4.86155225674954,0.10129237351036657
5.32544603393629,5.320781242753814,0.00466479118247598
5.303304908059076,5.299097201941216,0.004207706117859367
5.059425458265688,4.967605040923492,0.0918204173421957
5.940171252720432,5.8793063892104245,0.06086486351000708
6.586171654854675,6.483778911632141,0.10239274322253333
5.327876168789581,5.352712442907274,-0.024836274117692625
5.430222437427975,5.3575066371966305,0.07271580023134483
5.545177444479562,5.613614350616119,-0.06843690613655706
4.955827057601261,5.072120019656155,-0.11629296205489403
5.573407998484993,5.476837691168846,0.09657030731614658
4.976733742420574,4.935754404328383,0.04097933809219079
5.574053367981417,5.135963669434959,0.43808969854645774
6.6005505400414926,5.361798113794764,1.2387524262467284
4.356708826689592,4.334581793567761,0.02212703312183084
3.1467351470905185,3.723978426629737,-0.5772432795392186
3.594843462187342,4.560756448995311,-0.9659129868079686
4.948759890378168,4.963821372528321,-0.015061482150152905
4.051784947803305,3.9828471906732497,0.06893775713005512
5.600272098286537,5.421328912007837,0.17894318627869943
5.87493073085203,5.027050737505283,0.8478799933467478
6.415096959171596,6.141457030061113,0.27363992911048296
4.795790545596741,4.7415773567331865,0.05421318886355486
4.198854716425088,4.166563781777817,0.032290934647271285
4.491441420659749,4.603125329245358,-0.11168390858560961
5.539300835990577,5.9812197579404955,-0.44191892194991844
5.318119993844216,5.513410206681657,-0.19529021283744097
4.663439094112067,4.704736925040657,-0.041297830928590074
4.927253685157205,4.916146568264488,0.011107116892716817
6.23539063760472,6.113123540860354,0.1222670967443662
4.990432586778736,5.15720762728035,-0.16677504050161396
5.651611602327291,5.607575810003898,0.04403579232339272
6.975413927455952,6.8404193048529836,0.13499462260296813
3.663048694079415,3.687589118459109,-0.02454042437969406
5.3981627015177525,5.776282647333935,-0.3781199458161826
6.171700597410915,6.15491076584856,0.01678983156235514
5.236441962829949,5.322159707981967,-0.08571774515201813
5.212705010472114,4.687097905485095,0.525607104987019
4.297285406218791,4.195194307764813,0.10209109845397801
7.225814386792591,7.142795980858786,0.08301840593380483
4.356708826689592,4.11675326120095,0.23995556548864183
4.0943445622221,3.9227504110586913,0.17159415116340915
6.298949246855942,4.554229879097955,1.7447193677579875
5.170483995038151,5.3375343627375855,-0.16705036769943415
3.970291913552122,4.033687571121934,-0.06339565756981225
5.170483995038151,5.233449423806451,-0.06296542876829925
5.560681631015528,5.21696269125155,0.3437189397639777
4.783316371371566,4.878307418369946,-0.09499104699838057
4.406719247264253,4.454136030757555,-0.04741678349330147
4.68213122712422,4.677545402254058,0.004585824870162014
4.418840607796598,4.511888486643354,-0.0930478788467557
5.505128263241349,5.538018530878181,-0.032890267636831894
6.156555166973575,5.357187663366809,0.7993675036067662
5.725217755376266,5.7996824485318,-0.07446469315553372
5.602118820879701,5.582012425227176,0.020106395652525144
5.234685101303181,5.239631569523953,-0.004946468220771827
3.912023005428146,3.998208348485463,-0.08618534305731718
3.713572066704308,4.03040437176735,-0.31683230506304216
5.472270673671475,5.343615175517866,0.12865549815360922
5.611301621862036,5.378642513963863,0.232659107898173
6.100318952020064,6.029094467857547,0.07122448416251714
4.6443908991413725,4.354333187962806,0.2900577111785667
4.352469082431556,4.424001857246149,-0.0715327748145933
5.499910363831802,5.494286009112828,0.005624354718974267
5.073923033332174,5.143725660424783,-0.06980262709260909
5.765191102784844,5.640552663974705,0.12463843881013936
5.279796916910658,5.404778999131639,-0.12498208222098128
5.153291594497779,5.484079519769036,-0.3307879252712569
4.90527477843843,5.185699252850286,-0.2804244744118565
4.77912349311153,4.393432769233615,0.38569072387791437
5.957131868027477,5.90502445366987,0.05210741435760724
4.795790545596741,4.909194054165965,-0.11340350856922399
5.8888779583328805,6.289166527870165,-0.40028856953728464
6.746412128573375,5.929479376487111,0.8169327520862639
5.1714494379390485,5.6120243809942645,-0.44057494305521594
5.58010711329498,5.612461459297469,-0.032354346002488654
5.056245805348308,4.900661754237553,0.1555840511107549
7.225814386792591,6.423868975161658,0.8019454116309328
5.39906726964818,5.386979403624273,0.01208786602390699
5.697093486505405,5.655642038392518,0.0414514481128867
5.291645156779972,5.255586296547535,0.036058860232436984
4.564348191467836,5.181325095132364,-0.6169769036645283
4.912654885736052,4.9236470593392925,-0.010992173603240118
5.267136249064462,5.276973442316521,-0.009837193252058896
5.676753802268282,6.241616683754018,-0.5648628814857366
5.1647859739235145,5.179793834411281,-0.015007860487766145
4.983606621708336,5.026492496501938,-0.04288587479360206
5.566434283504978,5.459514995824521,0.10691928768045678
4.948759890378168,4.31889998364921,0.6298599067289583
5.111987788356544,5.325474965729865,-0.21348717737332112
3.435920817720541,3.067117819220943,0.36880299849959775
4.6570982788484505,4.656643669486107,0.0004546093623432057
5.629418059367339,5.469917542263212,0.15950051710412705
4.776515052068413,4.989929583476091,-0.2134145314076772
4.795790545596741,4.7316700305146515,0.06412051508208982
4.837075242970874,4.670822295097467,0.1662529478734074
5.8888779583328805,5.724965097558011,0.16391286077486988
5.783825182329737,5.641981204178333,0.14184397815140404
5.61633463879589,5.616102159932613,0.00023247886327748546
6.481577129276431,6.293959277611982,0.18761785166444866
5.792403666309729,5.88665600526785,-0.09425233895812024
5.429345628954441,5.5085120563510594,-0.07916642739661839
4.816241156068032,4.871158555372517,-0.05491739930448514
3.7954891891721942,4.395074853923542,-0.5995856647513476
5.685279003091641,5.522270957449695,0.16300804564194582
6.324358962381311,6.2836187958107645,0.04074016657054624
4.330733340286331,4.379098760668256,-0.04836542038192526
4.709530201312334,4.657012456762361,0.05251774454997271
6.003887067106539,5.887202544313049,0.11668452279348962
5.062595033026967,4.584986007172564,0.47760902585440324
4.382026634673881,4.5101213074702,-0.12809467279631903
5.214935757608986,5.501566373091634,-0.28663061548264857
5.332718793265369,5.315467155034667,0.01725163823070197
6.549364578259901,6.736823500215218,-0.18745892195531688
5.910796644040527,5.603068214988246,0.3077284290522808
3.7495040759303713,4.230723358563408,-0.48121928263303637
3.9889840465642745,4.2141301962304905,-0.22514614966621593
4.744671224765649,4.287091489838657,0.4575797349269921
4.356708826689592,4.419734441464942,-0.06302561477535029
5.849324779946859,5.785976634096914,0.06334814584994497
3.853121897507985,3.930382924322977,-0.07726102681499203
4.612145799724517,4.728654193928879,-0.1165083942043621
6.868234520819854,6.774227351808617,0.0940071690112374
5.4638318050256105,5.4032432964132875,0.06058850861232301
4.624972813284271,4.605457484862347,0.019515328421923606
5.017279836814924,5.137185082613734,-0.1199052457988099
6.20455776256869,6.115331725520186,0.08922603704850474
6.133398042996649,6.152292339440777,-0.018894296444128322
5.204006687076795,5.3109532212782025,-0.10694653420140732
5.855071922202427,5.691537846892852,0.16353407530957487
5.214935757608986,5.3316683503798314,-0.11673259277084558
4.189654742026425,4.0225676898910825,0.1670870521353427
5.303304908059076,5.354783106051507,-0.051478197992431696
5.293304824724492,5.505442707967307,-0.21213788324281513
4.564348191467836,4.676391149485079,-0.11204295801724307
4.836281906951478,4.732711490566636,0.10357041638484166
5.818092820833612,5.780451643848642,0.037641176984969604
3.58351893845611,3.167292844376536,0.4162260940795739
5.1298987149230735,4.5673751169092744,0.562523598013799
4.7155480934577,4.528100811058412,0.18744728239928854
4.418840607796598,4.507063009189598,-0.08822240139299975
6.385194398997726,6.58426212996012,-0.19906773096239405
5.220355825078324,5.330521423380655,-0.11016559830233064
5.731397641689174,5.79669059490788,-0.0652929532187061
4.836281906951478,4.666903364955615,0.16937854199586333
6.140961558253893,6.051132022803347,0.08982953545054606
4.430816798843313,4.356874510555397,0.07394228828791594
5.1943447761650585,5.086364369727417,0.10798040643764129
5.99248902215417,5.907864639698991,0.08462438245517934
5.5053315359323625,5.697611101289696,-0.19227956535733348
5.887963412839786,5.780911078017621,0.10705233482216503
6.505679420871968,6.170454606439918,0.33522481443205
4.6443908991413725,5.017049925602597,-0.37265902646122484
4.770684624465665,4.641310882587373,0.12937374187829231
4.233961566558017,5.071184693859311,-0.8372231273012938
5.639528357516423,6.142825691985528,-0.5032973344691047
5.641907070938114,5.457543313860648,0.18436375707746588
5.959715848793402,6.140765486522333,-0.1810496377289308
6.415096959171596,5.880144528115186,0.5349524310564098
4.560904769690076,4.453282368528724,0.10762240116135224
5.929589143389895,5.820298283042743,0.10929086034715141
5.047738382047758,4.952697579475264,0.09504080257249381
5.823045895483019,5.957186240085178,-0.13414034460215873
6.285998094508865,6.25105395866734,0.034944135841525004
4.787491742782046,4.773581298941608,0.013910443840437381
5.317286313095639,5.290441633608129,0.026844679487510348
5.532400857900581,5.343311713017664,0.1890891448829164
4.248495242049359,4.20261715792969,0.04587808411966954
4.812184355372417,4.8964810913403065,-0.08429673596788945
3.8918202981106265,3.8784052054302998,0.013415092680326701
6.675823221634848,6.720994322345146,-0.04517110071029862
4.204692619390966,5.130237091236124,-0.925544471845158
4.262679877041316,4.328563286920978,-0.06588340987966124
4.90527477843843,4.782285617807254,0.12298916063117549
4.532599493153256,4.553708132693482,-0.021108639540226015
4.912654885736052,5.1011076104176984,-0.1884527246816461
5.081404364984463,4.850005433719306,0.23139893126515698
4.290459441148391,4.131639255046345,0.15882018610204618
4.6443908991413725,4.508383477312475,0.13600742182889736
5.167639042905921,5.21332352164957,-0.04568447874364878
5.25227342804663,5.22689017528578,0.025383252760850183
4.980863135762585,4.97141437221633,0.009448763546255456
5.41164605185504,5.788720943317143,-0.3770748914621027
4.262679877041316,4.308797134793169,-0.04611725775185249
5.2949617427346745,5.364183081108265,-0.06922133837359024
3.9672684796541247,4.126718985827102,-0.1594505061729774
5.525452939131784,5.382813194952473,0.14263974417931102
5.673323267171493,5.667811952189063,0.005511314982429738
5.099866427824199,5.2199017792836795,-0.12003535145948074
4.68213122712422,4.475208986180157,0.20692224094406253
4.674602960703428,4.9004375964919955,-0.22583463578856744
6.439350371100098,6.45761181477388,-0.01826144367378202
4.564348191467836,4.733563683028074,-0.16921549156023818
6.450470422144176,6.390421471753397,0.06004895039077862
5.525452939131784,5.329034100978034,0.19641883815375039
6.255750041753367,6.461547706293325,-0.20579766453995774
5.563255239519225,5.5865330806258475,-0.023277841106622787
5.187385805840755,5.134100254984962,0.053285550855792785
5.768320995793772,4.994127281520108,0.7741937142736637
6.287244989065904,5.739672812115492,0.5475721769504123
5.209486152841421,5.1351400836381975,0.07434606920322384
4.605170185988092,4.5361415201308075,0.06902866585728429
4.8283137373023015,4.5581087749092495,0.27020496239305203
5.292299294222474,5.051770829068844,0.2405284651536297
5.0466457316192885,5.276322971104789,-0.22967723948550045
5.030437921392435,4.994838450699939,0.03559947069249603
5.529429087511423,4.935452281331591,0.5939768061798327
5.902633333401366,5.761589670710308,0.14104366269105828
6.548219102762372,4.427002511307906,2.1212165914544663
4.68213122712422,4.731840742266949,-0.049709515142729366
4.90527477843843,4.903072159337173,0.002202619101256964
7.225814386792591,6.716252431782218,0.5095619550103727
6.906153997615164,5.2994060574632105,1.606747940151953
5.111987788356544,5.116095580443849,-0.004107792087305384
5.891644211825772,5.9761571880889015,-0.08451297626312915
4.290459441148391,4.334162290232725,-0.04370284908433408
6.329720905522696,6.578569431407917,-0.24884852588522133
5.179927897047815,5.548825022835727,-0.3688971257879121
5.017279836814924,5.099233847552233,-0.08195401073730846
5.578483766958155,5.701236490109831,-0.12275272315167562
6.142037405587356,6.0598328650879,0.0822045404994558
5.461710913456472,5.117326370043566,0.3443845434129065
4.709530201312334,4.735031961627688,-0.025501760315354005
5.170483995038151,5.145786947681687,0.024697047356464275
3.9318256327243257,4.0293114799514465,-0.09748584722712073
6.2166061010848646,6.391047748400055,-0.17444164731519063
4.0163830207523885,4.532951606572196,-0.5165685858198072
5.958424693029782,6.1670089550492415,-0.20858426201945957
4.962844630259907,4.825901369639363,0.1369432606205443
4.948759890378168,4.960113090930569,-0.011353200552400189
4.8283137373023015,4.924590173104577,-0.09627643580227563
5.773308537304811,5.52928405347209,0.24402448383272102
5.6937321388027,5.622656360785695,0.07107577801700504
4.686750172980514,4.872158353113472,-0.18540818013295723
4.350277936359301,4.445070380832159,-0.09479244447285762
5.167012065770046,5.013786505700378,0.15322556006966792
5.244389024522481,5.313036131889365,-0.06864710736688373
4.849370479827911,5.047653098811652,-0.19828261898374056
5.218570448457781,5.093770213545691,0.12480023491209025
4.695924549256556,4.527784303605933,0.1681402456506227
5.159055299214529,5.334829508029591,-0.17577420881506178
4.718498871295094,4.736723138247185,-0.018224266952090673
4.417273114860951,4.491480501613539,-0.07420738675258853
6.1092475827643655,6.219194632462385,-0.10994704969801905
4.579852378003801,4.396077284396924,0.1837750936068776
5.162497643405501,5.95707257180143,-0.7945749283959289
5.631211781821365,5.796121337428091,-0.1649095556067257
5.948034989180646,5.927819050634076,0.020215938546569667
6.49329987903584,6.274203310537076,0.21909656849876402
6.687108607866515,6.557124057050278,0.1299845508162365
4.686750172980514,4.762149782528971,-0.07539960954845704
4.605170185988092,4.607345291776532,-0.00217510578844049
4.709530201312334,4.822246858261723,-0.11271665694938893
3.8772244998854495,4.102432673521738,-0.22520817363628876
4.972102344379472,5.325593672939644,-0.35349132856017196
5.51209721490928,5.449643733716421,0.06245348119285943
4.822295664976738,5.304221028408161,-0.4819253634314231
5.634789603169249,5.610733130863668,0.024056472305581167
4.948759890378168,4.932118379052372,0.01664151132579672
4.532599493153256,4.543993062836446,-0.011393569683189497
5.434769489683537,5.056402755341974,0.3783667343415624
4.51085950651685,4.542980324868489,-0.032120818351638825
3.9318256327243257,3.97481104053503,-0.042985407810704146
4.219507705176107,4.354229652676752,-0.13472194750064492
4.0943445622221,4.2332647636818255,-0.13892020145972506
5.081404364984463,5.179681644500761,-0.09827727951629761
6.576009853367306,6.4913324362603655,0.08467741710694021
6.626717749249025,6.691448377372224,-0.06473062812319963
3.5997749790311158,4.517465335191665,-0.9176903561605494
3.487375077903208,4.1945694139270575,-0.7071943360238495
5.049856007249537,5.339668200260412,-0.28981219301087524
5.4638318050256105,5.477241365293966,-0.013409560268355492
4.083620598859125,4.165696441543034,-0.082075842683909
4.859812404361672,4.70088411159914,0.15892829276253195
6.281013625618804,6.1297928392674965,0.1512207863513071
5.153291594497779,5.10987878689415,0.04341280760362931
4.02535169073515,4.207446998052232,-0.18209530731708234
5.198497031265826,5.42771708787407,-0.22922005660824407
4.653960350157523,4.5803204108171505,0.0736399393403726
5.339939041238856,5.390636019173119,-0.050696977934262755
5.356586274672012,5.260901602754574,0.09568467191743846
4.634728988229636,4.560159340571645,0.07456964765799068
4.021415382199343,4.434781942133741,-0.4133665599343983
5.298317366548036,5.266073981852014,0.03224338469602195
5.116015809554085,5.045572199494025,0.07044361006006028
6.4853983032037545,6.595464347037132,-0.11006604383337759
5.920049100697453,6.582095251921634,-0.6620461512241809
5.60396213937399,5.554126201380075,0.04983593799391439
6.154858094016418,6.075085610842892,0.07977248317352537
5.786897381366708,5.809240540731894,-0.02234315936518616
5.459585514144159,5.686608963524387,-0.22702344938022812
5.2832037287379885,5.405155743443048,-0.12195201470505967
4.116269119637892,4.398110777785352,-0.2818416581474592
3.8809450498572846,3.922296363802365,-0.04135131394508029
5.480638923341991,5.254772039531446,0.22586688381054554
4.248495242049359,4.317085895895827,-0.06859065384646801
5.081404364984463,5.027736380577918,0.05366798440654552
3.449987545831587,3.8016654976041813,-0.3516779517725941
5.54907608489522,5.611442881550693,-0.06236679665547307
6.741700694652055,5.96103976307724,0.7806609315748148
5.681877639268151,5.64762719542694,0.03425044384121101
5.506672100388808,5.471525223633859,0.03514687675494965
7.225814386792591,7.121922687031514,0.1038916997610766
5.568344503761097,5.62397034235775,-0.05562583859665349
4.158883083359672,4.149175557064036,0.009707526295636093
6.294804640416468,6.280038689585046,0.014765950831422181
5.884241186319959,5.90106010019495,-0.01681891387499146
5.368309738368072,5.2784624672151,0.08984727115297186
6.349138991379798,5.807332703344779,0.5418062880350192
6.877811402609065,6.756851547337606,0.12095985527145903
7.189922170745808,6.342963633434442,0.8469585373113659
4.959341999708705,4.963551780425283,-0.00420978071657796
5.748755840298932,5.996977463807929,-0.24822162350899735
5.159055299214529,5.020410500025495,0.13864479918903427
4.356708826689592,4.4668655468570035,-0.11015672016741185
5.564903475705084,5.614962225739663,-0.05005875003457838
5.796057750765372,5.630554186258453,0.16550356450691872
5.899897353582492,5.442278213413359,0.4576191401691334
5.420534999272286,5.260124095539354,0.16041090373293265
6.769641976852503,6.757416582298224,0.012225394554278957
5.635039571924457,5.47450537463799,0.16053419728646734
5.116015809554085,5.2219061959116315,-0.10589038635754644
6.031165913959534,5.822993200813848,0.20817271314568675
5.851224990693394,5.63808525239493,0.2131397382984641
5.010635294096256,5.056061306718763,-0.04542601262250656
4.356708826689592,4.346496921773996,0.01021190491559576
5.60396213937399,5.531445319561864,0.07251681981212599
5.54907608489522,5.527149944778096,0.021926140117123794
5.525452939131784,6.011806550858163,-0.48635361172637825
5.467469249293349,5.5378023196392006,-0.07033307034585157
5.638354669333745,6.115947325156606,-0.4775926558228605
5.116015809554085,5.191057487073198,-0.0750416775191125
4.530446639792155,4.796910860285349,-0.2664642204931944
4.686750172980514,4.798387157551053,-0.11163698457053872
3.8426729272933526,4.1398347686416574,-0.2971618413483048
5.117993812416755,4.918773084690154,0.19922072772660115
5.817111159963204,5.885201031930757,-0.0680898719675529
5.666426688112432,5.7242880640627245,-0.05786137595029217
5.324228748332538,5.5469101934891265,-0.2226814451565886
5.809642865355678,5.840777966911974,-0.03113510155629573
5.908979275469038,5.8150066378133705,0.09397263765566777
4.68213122712422,4.791087710946215,-0.10895648382199496
5.007831366763521,5.0075042635610485,0.00032710320247275604
4.394449154672439,4.385418061387393,0.0090310932850457
5.54907608489522,5.588140199169857,-0.03906411427463663
4.787491742782046,4.795812544262136,-0.008320801480090623
5.14166355650266,5.096564245295046,0.0450993112076139
5.631211781821365,5.607788271563946,0.023423510257419622
4.844187086458591,4.121656279238499,0.7225308072200924
4.31748811353631,4.333494409293826,-0.01600629575751622
4.770684624465665,5.080247282940931,-0.309562658475266
3.948354934675536,4.03413048386202,-0.08577554918648378
4.605170185988092,4.741484764172464,-0.13631457818437198
4.822456617817903,5.04298174396715,-0.2205251261492469
3.970291913552122,3.9278739978104484,0.04241791574167353
5.607638614103299,5.7576411327605515,-0.1500025186572529
6.323175466627484,5.532973278943034,0.79020218768445
4.804021044733257,4.841725541871951,-0.03770449713869439
5.25227342804663,5.411295528392934,-0.15902210034630393
4.844187086458591,4.782839495235772,0.06134759122281963
5.726293848284959,5.742301975007976,-0.016008126723017213
5.736572297479192,5.728573463004627,0.007998834474564731
4.5217885770490405,4.60723095119031,-0.08544237414126954
5.655991810819852,5.380293130463506,0.2756986803563466
4.81014976667463,4.675544834777657,0.13460493189697242
4.499809670330265,4.511159294086968,-0.011349623756703231
3.366260811781259,3.216626586774312,0.14963422500694712
6.156978985585555,6.17533384723999,-0.01835486165443534
5.163642463221435,5.196841654839144,-0.03319919161770901
3.828641396489095,3.976491227327619,-0.1478498308385241
5.495116942522644,5.476978400132122,0.01813854239052226
4.22683374526818,4.311329354311101,-0.08449560904292142
3.6375861597263857,3.7896413310720765,-0.1520551713456908
6.3473892096560105,6.385389423234392,-0.0380002135783819
4.8610519458900745,5.2924390596369015,-0.43138711374682703
5.731721843345443,5.678542596163459,0.05317924718198341
4.703657132702745,5.069672694103729,-0.36601556140098346
6.095824562432225,5.940736290406515,0.15508827202570963
4.826311734631628,5.054453034667246,-0.2281413000356176
6.650279048587422,6.97800605484059,-0.3277270062531672
5.442417710521793,5.345741879833035,0.09667583068875807
5.948034989180646,5.970479608513276,-0.022444619332630644
3.8501476017100575,4.094010355454399,-0.24386275374434163
5.82600010738045,5.946795813387318,-0.12079570600686829
5.849324779946859,5.730654575859695,0.11867020408716389
5.655991810819852,5.3254211455596785,0.33057066526017387
5.339939041238856,5.310301834560349,0.029637206678507333
5.151382258424339,5.160912775377706,-0.00953051695336704
5.161695489005073,5.450078540843609,-0.28838305183853663
5.855071922202427,6.0752403448597585,-0.2201684226573315
4.394449154672439,4.543349370661724,-0.1489002159892845
4.007333185232471,3.9119637758668255,0.09536940936564564
4.060443010546419,4.511128788652164,-0.45068577810574517
4.727387818712341,4.599502612595175,0.12788520611716603
4.736198448394496,4.6717178345092325,0.06448061388526316
5.58724865840025,5.460153587629324,0.12709507077092574
5.501258210544727,5.429695644650209,0.07156256589451804
6.259581464064923,6.463133176178609,-0.2035517121136854
5.342334251964811,5.206586363968776,0.1357478879960352
6.369900982828227,6.38990157645306,-0.02000059362483242
5.872117789475416,5.748604455971695,0.12351333350372062
5.442417710521793,5.504088639831196,-0.0616709293094031
4.660983250807304,4.505407168815872,0.15557608199143136
5.91301640077884,5.868620874008559,0.04439552677028136
4.859812404361672,4.379644515482873,0.4801678888787988
4.343805421853684,4.617289281748431,-0.2734838598947471
5.07310918535161,5.076183515283027,-0.003074329931417097
6.965788310232747,6.6049480652905235,0.36084024494222344
6.34948858061601,6.29890478534364,0.050583795272370224
6.134850350143871,6.102606903466994,0.03224344667687706
5.342334251964811,5.377556370352507,-0.03522211838769618
3.58351893845611,3.6061097458516524,-0.022590807395542534
4.836281906951478,4.77026003576219,0.06602187118928793
5.775327641819297,5.811213875437061,-0.035886233617763885
3.828641396489095,3.8216125365224647,0.007028859966630385
4.799914262780603,4.839714046156844,-0.03979978337624157
3.729061243746768,4.037242321919085,-0.3081810781723173
6.610696044717759,5.291292000588059,1.3194040441297004
6.75518668033753,6.619958267548311,0.1352284127892185
6.29519219797823,6.350640486396312,-0.05544828841808158
5.402677381872279,5.010124610184616,0.39255277168766334
5.579729825986222,5.121174067695955,0.4585557582902666
6.296869880589224,6.442003836409667,-0.14513395582044275
5.438079308923196,5.128719910618454,0.3093593983047418
5.150397236471415,4.912061551782438,0.2383356846889768
6.878326468291325,5.765318173437539,1.1130082948537865
4.624972813284271,4.2113626786176575,0.4136101346666132
6.255750041753367,6.387921778289194,-0.13217173653582748
5.491702495697971,5.226389194056596,0.2653133016413749
5.376805019596778,5.425935790234016,-0.04913077063723836
7.110149034577745,6.71346466419546,0.3966843703822853
4.297285406218791,4.463664523538293,-0.1663791173195026
5.859360706474645,5.937666569627781,-0.07830586315313592
4.976664774525102,4.848207701572815,0.12845707295228692
6.230481447578482,6.264245552818287,-0.033764105239805
5.14166355650266,5.317909797489413,-0.17624624098675312
4.267597343922845,4.586506011023461,-0.31890866710061605
5.564520407322694,5.648576920443155,-0.08405651312046114
5.043425116919247,5.067928042853593,-0.02450292593434611
5.613128106388071,5.358445179398831,0.2546829269892408
5.247024072160486,5.438053367314077,-0.1910292951535908
2.158714722574344,2.9209485117471212,-0.7622337891727771
4.330733340286331,4.640737909792148,-0.3100045695058169
4.855928904335275,5.238969166062538,-0.38304026172726324
4.709530201312334,5.217648540108177,-0.5081183387958434
3.837083918763653,4.3301262260929745,-0.4930423073293215
4.987025428457122,4.898588824855542,0.08843660360158001
4.61512051684126,5.553658389620064,-0.9385378727788041
5.480638923341991,5.44533537121974,0.03530355212225089
4.836281906951478,4.837381358790003,-0.0010994518385247787
3.986016685336472,4.546519327025934,-0.5605026416894625
6.137727054086234,6.0323687125391245,0.10535834154710955
4.7535901911063645,4.988839024242161,-0.23524883313579625
4.430816798843313,4.468816529370318,-0.03799973052700434
5.075173815233827,5.2397294087750215,-0.16455559354119487
6.111467339502679,6.0113832430281615,0.1000840964745171
6.860663671448287,6.351804830741718,0.5088588407065693
4.3694478524670215,4.617021628025857,-0.24757377555883586
4.07753744390572,4.296963941158179,-0.2194264972524591
5.470883156893275,5.796572454393425,-0.3256892975001504
5.247024072160486,5.30139400164721,-0.05436992948672348
6.411818267709897,6.692404663099696,-0.2805863953897987
5.639528357516423,5.49847732793703,0.1410510295793932
5.929589143389895,5.809821449154122,0.11976769423577238
4.955827057601261,5.0710316905034984,-0.11520463290223759
5.220355825078324,5.342440580307252,-0.12208475522892748
5.174170373805154,5.394312793414892,-0.22014241960973813
3.6958550678503617,4.088450168928021,-0.39259510107765916
6.318968113746434,6.130479040453085,0.18848907329334974
6.045005314036012,6.154202823611808,-0.10919750957579577
5.212214667494625,4.910590413230963,0.301624254263662
4.846075066880943,4.815652211805917,0.03042285507502651
5.111987788356544,5.2439943484550815,-0.13200656009853784
4.852030263919617,5.433943218890898,-0.5819129549712807
4.51085950651685,4.5434279956899575,-0.03256848917310773
5.71042701737487,5.573950539332735,0.1364764780421348
4.214642950244135,4.146621927671904,0.06802102257223108
5.511814540810441,5.538520545354997,-0.02670600454455574
4.663439094112067,4.794549331889022,-0.13111023777695507
5.384495062789089,5.3520244614385,0.03247060135058888
4.394449154672439,4.476488579564148,-0.08203942489170846
5.62040086571715,5.4637971752934655,0.15660369042368405
5.369474560864365,5.345694049064872,0.02378051179949292
4.0163830207523885,4.167777908975129,-0.1513948882227405
5.122176668829163,4.835961927305519,0.28621474152364446
4.262679877041316,4.34908748495819,-0.08640760791687363
5.111987788356544,5.038734713508586,0.0732530748479574
5.75890177387728,5.810203156820041,-0.051301382942760654
4.727387818712341,4.587551727852542,0.13983609085979865
6.755244919759812,6.634571212185062,0.12067370757474993
6.048553514092109,5.791243425985091,0.25731008810701805
4.198704577546343,4.869769459113549,-0.6710648815672053
6.461468176353717,6.271205382302072,0.19026279405164548
4.8283137373023015,4.866287808788168,-0.03797407148586629
5.733341276897746,5.724981842453767,0.00835943444397902
5.10594547390058,5.0423733574308,0.06357211646978023
5.2390980068880655,5.182579749723559,0.0565182571645062
4.619270310366873,4.682787039191589,-0.06351672882471604
3.737669618283368,4.365765670914842,-0.6280960526314736
7.225814386792591,6.8004810956157415,0.42533329117684904
5.800092154793609,5.7430400673415125,0.05705208745209678
4.262679877041316,4.451681461390297,-0.18900158434898096
6.326149473155099,6.591363413817756,-0.26521394066265724
4.394449154672439,4.557139995040336,-0.1626908403678966
3.9889840465642745,4.108264609483123,-0.11928056291884825
5.272999558563747,5.152378521134421,0.12062103742932617
6.405228458030842,5.296493697015742,1.1087347610151
5.318119993844216,5.339686851444109,-0.021566857599893297
5.147494476813453,5.127839501095049,0.01965497571840391
6.398594934535208,6.354359752089224,0.044235182445983234
4.919980925828125,4.95250749515313,-0.03252656932500475
5.725217755376266,5.457178284652084,0.2680394707241822
4.532599493153256,4.559445709149802,-0.026846215996545908
4.977974351856695,5.229797941875455,-0.25182359001876087
4.283586561860629,4.457271165394503,-0.17368460353387416
5.470041299706711,5.457063438089113,0.012977861617597952
5.043425116919247,4.710747067934685,0.33267804898456177
5.71042701737487,5.518630643968569,0.19179637340630062
4.795790545596741,4.808845225626219,-0.013054680029477517
4.007333185232471,3.933739070198124,0.07359411503434732
6.125776884715576,5.8382500879804775,0.28752679673509807
5.953243334287785,5.907472786730639,0.04577054755714549
4.564348191467836,4.378146146287862,0.18620204517997418
5.286598973593838,5.209433377700619,0.07716559589321914
6.517671272912275,6.3024126027518745,0.21525867016040046
3.879499813722586,4.406929082563085,-0.5274292688404993
6.7010385653534605,6.537074241352559,0.16396432400090166
5.901266279189834,5.857745704103826,0.04352057508600726
4.869071729774468,5.10277797374049,-0.23370624396602135
5.83773044716594,5.765724541577437,0.07200590558850362
4.110873864173311,4.491157078104379,-0.3802832139310679
5.3482972988530575,5.266630582043042,0.08166671681001514
5.043425116919247,5.17318360987402,-0.12975849295477282
4.7535901911063645,4.7271475366363855,0.026442654469978955
5.303304908059076,4.926904869751033,0.37640003830804236
6.96979066990159,7.150779253674776,-0.18098858377318638
5.521460917862246,5.504263520334934,0.017197397527311864
5.225746673713202,5.047238636670781,0.17850803704242058
4.189654742026425,3.830294954159159,0.3593597878672661
7.225814386792591,7.156628284859132,0.06918610193345831
4.7318028369214575,4.851574315868459,-0.11977147894700124
4.2859286446285445,4.006334896208831,0.2795937484197131
5.420534999272286,5.419850837121886,0.000684162150400347
4.804021044733257,4.82793435024441,-0.02391330551115356
5.093750200806762,5.37803349777267,-0.28428329696590726
5.293304824724492,5.322406078799384,-0.029101254074891614
5.062595033026967,5.155234965580413,-0.09263993255344616
5.176149732573829,5.2020556303513485,-0.025905897777519726
5.84354441703136,5.885759919320842,-0.04221550228948168
4.406719247264253,4.408276031247046,-0.0015567839827923535
5.390577444973334,5.354055073113094,0.0365223718602401
3.9889840465642745,4.469634270521671,-0.4806502239573964
4.864992761560793,4.856839684988981,0.008153076571812079
4.984975547315679,5.101910956093047,-0.1169354087773673
3.970291913552122,3.9498021676736648,0.0204897458784572
5.390577444973334,5.441922768631621,-0.051345323658287256
5.934894195619588,5.765951341638208,0.1689428539813802
4.859812404361672,4.943563358213837,-0.08375095385216547
4.647558952479878,4.5895536057803525,0.05800534669952562
4.20960590255719,4.284708755490311,-0.07510285293312169
4.477336814478207,4.345729629843024,0.1316071846351825
4.997212273764115,5.029964308804278,-0.03275203504016311
5.423671667700738,5.469087817314953,-0.045416149614214696
4.844187086458591,4.853663332790886,-0.00947624633229438
4.182050142641207,4.243222695993923,-0.06117255335271654
4.61512051684126,4.598729378054889,0.01639113878637044
5.226230427653136,5.453479196590542,-0.22724876893740564
5.916202062607435,5.7872511646166345,0.1289508979908005
4.975353479951616,4.838305025193152,0.13704845475846472
6.776506992372183,6.642865463466577,0.13364152890560632
5.351858133476067,5.360616183315581,-0.008758049839514115
5.969730054961976,6.150416496987513,-0.18068644202553763
4.262679877041316,4.237517441190844,0.025162435850472065
4.934473933130692,4.672099537619269,0.26237439551142305
4.262679877041316,4.2068838630796135,0.05579601396170286
4.204692619390966,4.164900904478593,0.03979171491237299
5.065754593317335,5.049072402124123,0.016682191193211793
5.165928178502291,5.163268730958107,0.0026594475441843457
5.949782808113339,5.831406294665829,0.11837651344750988
5.5053315359323625,5.466375354254896,0.03895618167746662
6.282266746896006,6.488064484105258,-0.20579773720925143
6.935856709093012,6.8711320477078575,0.06472466138515465
5.552959584921617,5.438619346641518,0.1143402382800991
5.771441123130016,5.586077576690391,0.18536354643962483
4.430816798843313,4.371112712467321,0.05970408637599256
4.718498871295094,4.759202434213815,-0.040703562918721126
5.356586274672012,5.10691588080527,0.24967039386674195
4.51085950651685,4.440055387135131,0.0708041193817186
5.231108616854587,4.779107518866384,0.45200109798820254
4.52720864451838,4.4670866310722115,0.06012201344616841
5.200814785186798,5.481669663067721,-0.2808548778809232
3.7612001156935615,3.7783652864416246,-0.01716517074806312
4.966335035199676,5.097104921137958,-0.13076988593828176
4.122770036405805,4.0995546348702465,0.023215401535558122
5.730099782973574,5.714571849348801,0.015527933624772672
4.90527477843843,4.883992690136233,0.02128208830219691
5.045551885999816,5.220786326443169,-0.17523444044335257
4.781892764381564,4.787835955105941,-0.00594319072437699
5.213576138092946,5.422351391491135,-0.2087752533981897
5.159055299214529,5.00034415143264,0.15871114778188922
4.770684624465665,4.905779628233777,-0.1350950037681118
3.4657359027997265,4.001949157691769,-0.5362132548920422
5.178012403504388,5.2228263567272,-0.04481395322281223
5.896329351992943,5.799990256112328,0.09633909588061496
5.707110264748875,5.723043858423583,-0.015933593674708035
4.605170185988092,4.810304646379373,-0.2051344603912808
6.506785053735233,6.490178567791264,0.016606485943968963
5.365976015021851,5.448286995599282,-0.08231098057743047
6.374530660272668,6.694493949043756,-0.31996328877108837
5.516287559088249,5.591101289228429,-0.07481373014018011
5.313205979041787,4.994845562272825,0.31836041676896176
4.959341999708705,4.945705146294134,0.013636853414570993
6.351461467169,6.244025900817402,0.10743556635159823
5.545177444479562,5.61758382223956,-0.07240637775999748
5.488937726156687,5.3901121562878185,0.09882556986886826
4.709530201312334,4.862006127558968,-0.15247592624663397
4.768563732896527,4.753285463652322,0.015278269244205056
5.60947179518496,5.557995842945163,0.051475952239797174
4.330733340286331,5.219909657680469,-0.8891763173941376
5.017279836814924,5.5379292415278645,-0.5206494047129402
5.560681631015528,5.517897406628918,0.04278422438660989
5.3415205238486845,5.428674920353592,-0.08715439650490708
4.006059647354529,4.521475866290371,-0.515416218935842
5.0072963928307415,4.896599349321008,0.11069704350973364
4.68314922730468,4.372934057059892,0.3102151702447884
4.739089003553879,4.799923914271965,-0.060834910718086554
6.68586094706836,6.7822950343674,-0.09643408729904035
5.6240175061873385,5.5652841305034695,0.05873337568386905
4.143134726391533,4.175188738888452,-0.032054012496919526
5.375278407684165,5.447171025877471,-0.0718926181933055
5.111987788356544,5.076902633527377,0.035085154829166854
5.74194493575055,5.896024823533926,-0.154079887783376
5.914853444736141,5.821133771096341,0.09371967363980005
4.962844630259907,4.8837824613209015,0.07906216893900542
4.394449154672439,4.4875515026720985,-0.09310234799965933
7.225814386792591,6.922793776359646,0.30302061043294426
4.356708826689592,4.505282662351332,-0.14857383566174054
6.030685260261263,6.112573203557891,-0.08188794329662752
5.556828061699537,5.5893965651467274,-0.03256850344719009
6.721425700790643,6.162868701738598,0.5585569990520449
5.201255653704905,5.273875849367022,-0.0726201956621173
5.805134968916488,5.740454723813601,0.06468024510288739
5.278114659230517,5.418412502835319,-0.14029784360480235
4.997212273764115,4.942095373838247,0.05511689992586799
6.118097198041348,6.195364236848801,-0.07726703880745234
5.929589143389895,6.000921418918347,-0.07133227552845245
4.330733340286331,4.281112733494025,0.04962060679230618
4.330733340286331,4.776226733238296,-0.4454933929519651
6.3228703998244615,6.2898998335783185,0.03297056624614303
6.68586094706836,6.4339178745016445,0.2519430725667151
4.272490747605575,4.4502223888764885,-0.17773164127091334
5.333925794015404,5.4283660252693755,-0.09444023125397116
5.068904202220232,5.382890731751055,-0.3139865295308226
6.09807428216624,5.984203801119479,0.11387048104676101
4.59511985013459,4.639642412387925,-0.044522562253335174
5.214935757608986,5.24697045607582,-0.032034698466834044
4.31748811353631,4.265576573866415,0.051911539669895035
5.519458915191573,5.485535167793137,0.03392374739843618
7.090909822079984,6.516724494955973,0.5741853271240114
4.442651256490317,4.295770490161532,0.14688076632878477
5.542830943598439,5.526225973574011,0.016604970024427956
5.220355825078324,5.270883158057954,-0.050527332979629414
4.248495242049359,4.447538241043812,-0.19904299899445288
4.127134385045092,4.858812323922187,-0.7316779388770955
4.400603020246817,4.369600076152442,0.031002944094375096
5.41610040220442,5.248548313349968,0.16755208885445239
7.225814386792591,6.5170364454488565,0.7087779413437341
5.253999685896911,5.355524532321762,-0.1015248464248506
6.461983668464826,6.458960355262675,0.003023313202151101
4.236567242612494,4.37717950190229,-0.1406122592897967
4.248495242049359,4.131612883957298,0.11688235809206127
4.356708826689592,4.211718429294052,0.14499039739553954
4.590056548178043,4.593246133658845,-0.0031895854808015045
5.519458915191573,5.379500721488687,0.13995819370288665
4.795790545596741,4.7822539053305695,0.013536640266171851
4.709530201312334,4.728267514564312,-0.018737313251977916
4.867534450455582,4.99531817728366,-0.1277837268280777
3.901972669574645,3.6680816771261546,0.2338909924484902
5.8888779583328805,5.902518054823347,-0.013640096490466824
5.404927101606295,5.397743378455123,0.007183723151171328
5.94628411002744,5.997099211766607,-0.05081510173916737
4.836281906951478,4.852661657462098,-0.01637975051062046
5.501258210544727,5.638318604184465,-0.13706039363973765
3.8501476017100575,4.332797894385973,-0.4826502926759151
5.60396213937399,5.560844544499037,0.04311759487495248
4.27957854046309,4.488066072208523,-0.20848753174543244
4.584967478670572,4.761546413403511,-0.1765789347329383
5.531411248715415,5.571932773451218,-0.04052152473580328
4.110873864173311,4.417672004481817,-0.30679814030850583
5.455321115357702,5.534474685330092,-0.07915356997238998
4.442651256490317,4.413557929409973,0.029093327080343734
6.248042874508429,6.411606019280291,-0.16356314477186196
5.84354441703136,5.871518933137112,-0.027974516105751412
7.225814386792591,7.683064959504732,-0.457250572712141
4.174387269895637,4.731841168402128,-0.5574538985064912
6.697861066251599,6.816896834737135,-0.11903576848553588
5.4638318050256105,5.373032482566691,0.09079932245891964
4.55597994179732,4.121691874592954,0.4342880672043661
5.60947179518496,5.567396122156161,0.042075673028798555
5.19295685089021,5.394153681119751,-0.2011968302295406
4.499809670330265,4.802565488037745,-0.30275581770747984
4.394449154672439,4.328791141172133,0.06565801350030576
6.199332010869675,6.259308530816736,-0.05997651994706121
5.236441962829949,5.448673211167227,-0.2122312483372779
4.709530201312334,4.663127996863652,0.046402204448681594
6.551080335043404,6.470712005166109,0.08036832987729525
6.018593214496234,5.719092369279509,0.29950084521672515
6.682734967655067,6.682148391352327,0.0005865763027399495
5.247024072160486,5.229520126738001,0.01750394542248479
5.929589143389895,5.725618119320108,0.2039710240697863
6.042632833682381,6.079376392105885,-0.0367435584235043
4.0505668148762055,4.412931234839669,-0.36236441996346347
5.796057750765372,5.861963895916395,-0.06590614515102278
5.830914266783482,5.748406207176637,0.08250805960684549
4.394449154672439,4.5880788928791,-0.19362973820666074
4.454347296253507,4.615498159766135,-0.16115086351262775
6.878326468291325,6.912782606033506,-0.034456137742180815
6.386879319362645,6.264382836352469,0.1224964830101758
5.41164605185504,5.081961050348055,0.3296850015069852
5.351858133476067,5.525757870580381,-0.17389973710431406
4.6315199613108735,4.557614934160792,0.07390502715008118
3.8918202981106265,4.785600649699376,-0.8937803515887492
5.955837369464831,5.892825105796637,0.06301226366819357
4.890349128221754,4.923343306481086,-0.03299417825933215
5.14166355650266,5.533831684668316,-0.3921681281656557
3.693866995624976,3.6783529877136005,0.015514007911375582
5.918544330831353,5.611066344509177,0.3074779863221764
5.303304908059076,5.104408979678872,0.1988959283802041
5.525452939131784,5.572857930204786,-0.04740499107300167
4.276666119016055,4.04061207526981,0.23605404374624506
4.756430979828675,4.917840177886029,-0.16140919805735354
5.867883485336628,5.90706334455462,-0.03917985921799261
6.134026912461908,5.8207849237571425,0.3132419887047657
4.189654742026425,4.2072203251000655,-0.017565583073640312
6.671855714566727,6.525093896190463,0.14676181837626423
6.4105037752432645,6.311751981010896,0.0987517942323688
6.198478716492308,5.959638422331818,0.23884029416048946
6.111467339502679,6.256131641318334,-0.1446643018156557
4.255612709818223,4.33551960701901,-0.07990689720078681
4.465908118654584,4.5923917629103235,-0.12648364425573977
5.808142489980444,5.66271033109269,0.14543215888775407
4.23410650459726,4.362057903923396,-0.12795139932613608
4.727387818712341,4.408051186538831,0.3193366321735098
6.400257445308821,6.39266552012332,0.007591925185501225
4.6839813664123815,5.370009679522342,-0.6860283131099605
5.000584958242754,4.727696240772487,0.2728887174702672
4.934473933130692,5.099410091905117,-0.1649361587744247
3.9318256327243257,4.61983390700096,-0.6880082742766347
5.860786223465865,5.805645336110414,0.055140887355451085
6.78897174299217,6.611162968591167,0.1778087744010035
4.262679877041316,4.272750162465768,-0.010070285424451875
6.311734809152915,6.013895935347724,0.2978388738051905
4.736198448394496,4.857510070255489,-0.12131162186099331
4.639571612705423,4.684749330468399,-0.045177717762975966
5.170483995038151,5.152352547780879,0.01813144725727245
4.609361390606559,4.562675406406944,0.04668598419961523
6.285066562070753,6.238881195378158,0.046185366692594876
6.310826956162734,6.351077686618237,-0.04025073045550265
5.7899601708972535,5.89563182233654,-0.10567165143928658
5.680172609017068,5.863826157888862,-0.18365354887179475
4.021415382199343,4.428099928187267,-0.4066845459879245
5.189227683960333,5.009336475631795,0.179891208328538
3.8501476017100575,4.0702168547215045,-0.22006925301144697
3.828641396489095,4.003038466429042,-0.17439706993994708
5.19295685089021,4.808057192945562,0.384899657944648
5.87493073085203,5.641977122813585,0.23295360803844556
4.997212273764115,4.754672124758668,0.24254014900544707
4.61512051684126,5.224657814451989,-0.6095372976107294
5.012566760946003,5.084950825553697,-0.07238406460769387
4.51085950651685,4.633894594697291,-0.1230350881804414
6.049285241591683,5.763785895607282,0.28549934598440085
6.424869023905388,6.706740230901526,-0.2818712069961382
4.966335035199676,5.705471784905922,-0.7391367497062458
4.276666119016055,4.848298231054508,-0.5716321120384524
3.3568971227655755,3.17472327348447,0.18217384928110558
5.62040086571715,5.353078481256749,0.26732238446040046
5.733341276897746,5.590627440260553,0.14271383663719295
5.3706380281276624,5.238940297456492,0.13169773067117063
5.647212123167807,5.497323446424096,0.14988867674371154
5.153291594497779,4.969470521959819,0.18382107253796054
5.799092654460526,5.77136156863723,0.02773108582329531
5.491702495697971,5.491240472582723,0.00046202311524812245
4.674136390452814,4.618256488699488,0.055879901753326244
5.839187111662404,5.719359301061206,0.11982781060119763
4.174387269895637,4.14913780761683,0.025249462278806867
4.897839799950911,5.278550274658609,-0.3807104747076977
4.52720864451838,4.575471758941503,-0.04826311442312292
3.713572066704308,3.648026876671416,0.06554519003289183
4.518631424570852,4.572699082425672,-0.05406765785481937
4.6443908991413725,4.62754054392614,0.01685035521523215
5.412761500938905,5.54313079879665,-0.13036929785774465
5.616771097666572,5.5835169944052865,0.033254103261285195
4.394449154672439,4.2501017868041115,0.14434736786832758
6.236721778667303,5.512220335714892,0.7245014429524117
6.107022887742255,5.491365376907899,0.6156575108343567
4.382026634673881,4.489591714689291,-0.10756508001540954
5.375278407684165,5.22993742673021,0.14534098095395542
5.048252157667562,4.157700580046743,0.890551577620819
6.111467339502679,5.867194345849948,0.24427299365273036
4.241326752570746,4.217003362500209,0.02432339007053752
4.356708826689592,4.447518849238775,-0.09081002254918324
5.563255239519225,5.507622097898522,0.055633141620702986
6.39024066706535,6.96029912826693,-0.5700584612015804
5.501258210544727,5.091859263653103,0.40939894689162415
5.065375972753716,5.135912077259236,-0.0705361045055195
5.934761911738185,5.886975360219509,0.04778655151867639
6.056385807491543,6.04525087248384,0.011134935007702573
4.752382565668478,5.075059837158004,-0.32267727148952563
5.363636832668679,5.214351063822652,0.14928576884602762
3.5263605246161616,3.6839078122608475,-0.15754728764468595
4.90527477843843,4.869204976162781,0.03606980227564893
4.574710978503383,5.003982165364804,-0.4292711868614214
5.523458920524919,5.536480301506164,-0.013021380981244945
5.8944028342648505,5.902909693008599,-0.00850685874374868
4.875197323201151,4.973033341767155,-0.09783601856600388
4.2310583855379225,4.637392692889993,-0.4063343073520702
5.572154032177765,5.507718866877819,0.06443516529994575
4.875197323201151,5.554081525286667,-0.6788842020855155
6.131226489483141,6.525910599827889,-0.39468411034474826
5.017279836814924,4.937381671943041,0.07989816487188328
4.137882864236584,4.305610859268152,-0.16772799503156843
3.487375077903208,4.453232287135196,-0.9658572092319884
4.862599215268851,4.873653082001578,-0.011053866732726902
5.147494476813453,5.262445971278966,-0.11495149446551345
5.853638230200579,5.788007294535892,0.0656309356646867
5.486165291467522,5.7427901350714095,-0.2566248436038876
5.741399338227508,5.806829194984479,-0.0654298567569711
4.757891273005756,4.78451941234579,-0.026628139340034274
4.07753744390572,4.310307368812183,-0.23276992490646364
5.421640582580036,5.3669076559506985,0.054732926629337264
4.709530201312334,4.935265947104744,-0.2257357457924103
5.602118820879701,5.633102390616675,-0.030983569736974026
5.065754593317335,4.718017527620723,0.3477370656966121
5.662960480135946,5.906016251081532,-0.24305577094558561
6.089044875446846,6.093248198661547,-0.004203323214700738
4.7535901911063645,5.059956366256104,-0.30636617514973974
5.880923971408613,5.554175626655705,0.32674834475290826
4.430816798843313,4.257933778414915,0.1728830204283982
5.701546643714624,5.582189960478238,0.11935668323638637
4.639571612705423,4.67913029056554,-0.03955867786011691
3.7612001156935615,3.8449811843097894,-0.08378106861622792
5.82600010738045,5.185046325902356,0.6409537814780943
3.70499883599382,3.731726985147758,-0.026728149153937952
5.272999558563747,5.157487315982786,0.11551224258096049
5.081404364984463,5.255703798831839,-0.17429943384737623
5.83627165770228,5.823486898102506,0.012784759599774098
6.327936783729195,5.868464025163886,0.4594727585653082
6.342121418721152,6.279207278316474,0.06291414040467735
4.388753955423308,4.785782135394649,-0.39702817997134066
6.493753839851686,6.448967035553662,0.04478680429802395
4.558078578454241,4.247868960739253,0.310209617714988
5.711519136027923,5.73302108319032,-0.021501947162397173
6.567023985440541,6.540697292119841,0.02632669332069959
4.04305126783455,4.007822204141986,0.03522906369256429
6.018593214496234,5.547568188864133,0.4710250256321009
6.0513123967267575,6.170885539724854,-0.11957314299809685
4.844187086458591,4.935396638885463,-0.09120955242687145
5.303304908059076,4.738199880348187,0.5651050277108887
6.152200638293575,6.153318776747438,-0.0011181384538634376
5.470167623474696,5.4352443851714956,0.03492323830320032
5.4359030295006,5.4176785602100255,0.01822446929057442
3.9889840465642745,3.9769027954800333,0.012081251084241185
4.77912349311153,4.786949802464481,-0.00782630935295181
4.994980054485683,4.980164924506775,0.014815129978907216
4.477336814478207,4.5282071321552655,-0.05087031767705863
5.117993812416755,5.063550787161299,0.05444302525545641
5.34094572860366,5.383786029546004,-0.04284030094234392
5.84354441703136,5.83392364805866,0.009620768972700589
5.976604684200958,6.035019924513428,-0.058415240312469585
3.6232736970159434,3.274937894361172,0.34833580265477115
6.435236489370733,6.5060548691925595,-0.07081837982182648
6.782192056006791,6.682493308534413,0.09969874747237828
5.298317366548036,5.332572525695519,-0.03425515914748267
4.5081084731449605,4.49468708970169,0.013421383443270152
4.0943445622221,4.161792434027493,-0.0674478718053928
5.910796644040527,6.47441300753324,-0.5636163634927129
5.262690188904886,5.1478586626162945,0.11483152628859106
4.543294782270004,4.568540142473026,-0.025245360203022038
5.750984076140496,5.785074398264753,-0.034090322124257
4.812184355372417,4.875223808380359,-0.06303945300794211
5.10230248262208,4.811623864208318,0.29067861841376175
4.229749199228304,4.523361572789726,-0.2936123735614222
4.031227252906622,4.296224645192926,-0.26499739228630403
3.58351893845611,4.3021907533460935,-0.7186718148899836
4.356708826689592,4.243817378289384,0.11289144840020793
5.697093486505405,5.607454180710706,0.08963930579469892
5.71042701737487,6.0586369579564225,-0.34820994058155286
5.272999558563747,5.274652999684123,-0.0016534411203759092
5.732531887942187,5.871119401529743,-0.13858751358755583
5.157905212831292,5.196354607162079,-0.038449394330787534
6.604621101971435,6.5778654565587855,0.026755645412649187
5.126342101808226,4.480583495455157,0.6457586063530689
5.017279836814924,5.270932678953558,-0.25365284213863415
5.645446897643238,5.5926752744887525,0.05277162315448525
6.258050656265029,5.827748585227309,0.4303020710377199
5.2390980068880655,5.37057936092934,-0.13148135404127448
4.454347296253507,4.457655433608798,-0.0033081373552903415
4.960394077659509,5.198293864068345,-0.23789978640883636
5.459585514144159,5.168881682571503,0.2907038315726558
7.0952467818776,6.9870662995525645,0.10818048232503585
6.147762918992699,6.015119943930346,0.13264297506235323
4.8283137373023015,4.338726158531059,0.4895875787712427
5.225746673713202,5.138315973119484,0.0874307005937176
4.897839799950911,5.232057657285514,-0.3342178573346031
5.043425116919247,4.7441598785507475,0.2992652383684993
4.663439094112067,4.68970791698186,-0.026268822869792707
6.094133944954318,6.130455440982274,-0.036321496027956535
4.465908118654584,4.380406028532154,0.08550209012242949
4.02535169073515,4.241534477999923,-0.21618278726477325
3.4506222649896783,3.7150323438929846,-0.26441007890330637
6.022236205774735,5.93087245657301,0.09136374920172496
5.860786223465865,5.9340761218061,-0.07328989834023414
3.80666248977032,3.780269280254817,0.02639320951550328
4.376511453985772,4.402437330034635,-0.02592587604886276
6.095824562432225,6.221649166275664,-0.12582460384343896
6.627710633659567,6.006356656533788,0.6213539771257794
6.583409222158765,6.543051954020789,0.04035726813797602
5.296114942992837,5.269308231467687,0.026806711525149574
4.0943445622221,4.096224522416745,-0.0018799601946444255
4.060443010546419,3.9904289193023157,0.0700140912441034
5.11883178457329,5.119241296011412,-0.00040951143812240076
5.480638923341991,5.263314158901897,0.21732476444009396
5.663446473133327,5.682011787112937,-0.018565313979610032
5.665041646339771,5.673717454479733,-0.008675808139962271
5.351858133476067,5.140545436148372,0.21131269732769464
4.356708826689592,4.115105834091397,0.24160299259819507
6.3473892096560105,6.237646345929885,0.10974286372612507
5.010635294096256,4.63422802158178,0.37640727251447625
5.069972813441763,4.910966095799755,0.1590067176420078
3.6299253112702656,3.746472101513378,-0.11654679024311232
5.153291594497779,5.231283003226404,-0.07799140872862509
6.01028630134857,5.983549809309887,0.026736492038683224
5.627621113690637,5.080239968904397,0.5473811447862396
5.081404364984463,5.060435312695385,0.020969052289077972
4.523417684115833,4.515328491788877,0.008089192326955263
5.5909869805108565,6.027003483310682,-0.4360165027998253
5.214935757608986,5.160598963401134,0.054336794207851646
4.624972813284271,4.48741927942186,0.13755353386241076
4.700480365792417,4.688225337307293,0.012255028485123276
5.357529226179882,5.357686169389378,-0.00015694320949588558
6.311734809152915,6.274092891468538,0.03764191768437719
7.225814386792591,6.524814421279121,0.7009999655134695
4.343805421853684,4.506818922501647,-0.1630135006479625
5.855387058788096,5.5804964510612045,0.2748906077268911
4.605170185988092,4.433362259596637,0.17180792639145448
6.966024187106113,6.698982416533297,0.2670417705728161
4.060443010546419,4.019595386316675,0.04084762422974375
5.482720089545816,5.448455118830453,0.03426497071536261
5.521460917862246,5.503959230375698,0.0175016874865479
5.199766942818759,3.727680426056457,1.4720865167623023
5.0238805208462765,5.003812940252721,0.020067580593555512
5.144583266605995,5.064498462912739,0.08008480369325621
4.574710978503383,4.65231188765044,-0.07760090914705753
4.890349128221754,4.788439755202515,0.10190937301923864
4.174387269895637,4.064459531015651,0.10992773887998553
5.723585101952381,5.5700963736927145,0.1534887282596662
5.459585514144159,5.068884158511743,0.3907013556324159
4.709530201312334,4.731079914766647,-0.02154971345431278
5.1328529268205045,5.202774451848071,-0.06992152502756621
4.709530201312334,4.709375826262726,0.0001543750496075802
5.176149732573829,5.225898235316986,-0.04974850274315745
4.859812404361672,4.9133292455460404,-0.0535168411843685
5.187385805840755,5.330794385696192,-0.14340857985543742
4.919980925828125,4.515864997103458,0.40411592872466695
5.96255053694334,6.379142652137753,-0.41659211519441275
5.598421958998375,5.614113179963023,-0.015691220964647812
6.376165565863419,6.3350495118141215,0.04111605404929719
4.3694478524670215,4.670265937887033,-0.3008180854200111
4.900894830083057,4.869160808945926,0.03173402113713042
6.604648183527543,6.397211003731939,0.20743717979560383
5.185540528945076,5.212538400824714,-0.026997871879638424
4.276666119016055,4.376360641388964,-0.09969452237290888
5.750666060555052,5.7547874619091735,-0.00412140135412109
5.578483766958155,5.575191209330473,0.00329255762768188
5.857933154483459,5.953134216566028,-0.09520106208256873
4.30406509320417,4.492177742505252,-0.18811264930108162
6.3826616834184415,6.159808988540464,0.22285269487797787
5.272999558563747,5.558314306795652,-0.2853147482319054
4.356708826689592,4.1615393408557875,0.19516948583380422
5.558101381957238,5.631501276519282,-0.07339989456204421
5.610679856393877,5.660082021002562,-0.04940216460868552
5.60947179518496,5.531431829566708,0.07803996561825155
6.569481420414296,6.542111208443479,0.027370211970817238
5.878435816809977,5.875240894105371,0.0031949227046057516
3.61469455592456,3.5078587593482986,0.10683579657626119
5.320567975482857,5.3759614992061495,-0.05539352372329276
5.869438146097783,5.85550905510395,0.013929090993832993
6.278521424165844,5.34172600585886,0.9367954183069847
6.066108090103747,6.0699706960161235,-0.0038626059123760825
5.752572638825633,5.863601241583206,-0.11102860275757287
4.596129441335942,4.6528560371271315,-0.056726595791189105
5.3471075307174685,5.435626824560032,-0.0885192938425634
5.81910322210828,5.875085567359343,-0.055982345251062604
5.488937726156687,5.458777976518251,0.03015974963843604
4.48863636973214,4.602107120073363,-0.11347075034122334
4.61512051684126,4.72337941791586,-0.10825890107460001
6.374530660272668,6.2020565440479976,0.17247411622467013
4.394449154672439,4.791274635635253,-0.3968254809628142
4.338597076746545,4.556489981884691,-0.21789290513814574
6.86171134048073,7.024859528992051,-0.16314818851132085
6.100318952020064,6.078813252933718,0.021505699086346475
5.673323267171493,5.671738087390772,0.0015851797807204804
5.785946008709825,5.405199073092398,0.38074693561742645
6.45833828334479,6.355039219612245,0.10329906373254438
4.909709375506295,5.206011097058141,-0.2963017215518464
5.1298987149230735,5.470556204063467,-0.3406574891403933
5.510723477319505,5.559272763773816,-0.04854928645431045
4.864992761560793,4.8429779716315196,0.022014789929273526
4.454347296253507,4.6475985112079865,-0.19325121495447917
4.787491742782046,4.478971566018337,0.30852017676370913
6.061060569995885,6.088576192469479,-0.027515622473594625
6.639875833826536,6.804442696868886,-0.16456686304235024
5.953243334287785,5.95263325283089,0.0006100814568945623
4.869071729774468,5.062977028032061,-0.19390529825759284
5.684701586843409,5.995584774468935,-0.31088318762552625
5.41610040220442,5.382454856856836,0.033645545347583905
4.586598800402656,4.931386099707144,-0.34478729930448804
5.608958843134728,5.556693678754471,0.0522651643802563
5.111987788356544,5.106225804111546,0.005761984244998075
6.0063531596017325,6.235540978542868,-0.22918781894113582
4.919980925828125,5.067405756944028,-0.1474248311159032
5.488937726156687,5.4601694726886185,0.028768253468068217
4.363098624788363,4.62619892213769,-0.26310029734932705
4.51085950651685,4.717092562201747,-0.2062330556848977
4.948759890378168,5.05235875898231,-0.10359886860414136
5.117993812416755,5.291336162030208,-0.17334234961345274
5.633002292595154,5.638738306492974,-0.005736013897820413
5.337538079701318,5.444322258237054,-0.10678417853573574
5.292601059551927,4.994431271849067,0.29816978770285996
4.394449154672439,4.0247918469053605,0.3696573077670786
6.593044534142437,6.772518539295187,-0.17947400515275014
3.9318256327243257,3.92525549053625,0.006570142188075945
5.424950017481403,5.389867155262893,0.03508286221850998
5.643678550586496,5.602912839817929,0.040765710768567054
5.214555250442706,5.6146292942658995,-0.4000740438231931
6.396929655216146,6.5700924813605015,-0.1731628261443552
4.188138441508461,4.294156662625025,-0.1060182211165639
5.5053315359323625,5.4402500259859465,0.06508150994641593
4.465908118654584,4.538331268105203,-0.07242314945061956
4.3694478524670215,4.5624158346834776,-0.19296798221645606
3.650398467295655,4.314500000739823,-0.664101533444168
4.330733340286331,4.345308188572742,-0.014574848286410536
4.836281906951478,4.6854680062813925,0.1508139006700855
5.727922088842681,5.8253800385599295,-0.0974579497172483
3.9219733362813134,4.347054803859272,-0.42508146757795817
4.844187086458591,4.888804409989864,-0.04461732353127257
4.219360635538369,4.458928329343787,-0.23956769380541854
5.320567975482857,5.281876414815265,0.038691560667591496
4.912654885736052,5.021495680380159,-0.10884079464410679
5.06050424124939,5.287324901542858,-0.22682066029346792
5.040323537798081,5.108890410625056,-0.06856687282697571
4.817616727753966,4.539633920064743,0.2779828076892228
5.214935757608986,5.256629610429012,-0.04169385282002569
3.885679030088544,3.841135770379766,0.04454325970877804
5.278114659230517,5.359440405066038,-0.08132574583552099
4.278054044290903,4.3943256941707425,-0.11627164987983907
5.003946305945459,5.029768354718533,-0.02582204877307337
4.852030263919617,4.830267767596502,0.021762496323114888
5.529429087511423,5.4468269917015,0.08260209580992317
5.445486589764657,5.702778376522291,-0.25729178675763364
5.866326403841481,6.150131648685721,-0.2838052448442401
4.48863636973214,4.440981120279766,0.047655249452373205
5.381048764145501,5.444874666833394,-0.0638259026878929
5.072043922224899,5.053980157861962,0.018063764362937107
5.931581837506605,5.804718471771944,0.1268633657346605
4.804021044733257,4.75549912018953,0.048521924543726946
4.900001640593084,4.968382285079531,-0.06838064448644676
5.407171771460119,5.369373806322853,0.03779796513726552
5.852920612659915,5.393260756445748,0.4596598562141665
5.707110264748875,5.739160667718476,-0.03205040296960071
5.3230099791384085,5.284592565389441,0.038417413748967455
4.871373226762748,4.661681379944086,0.2096918468186626
3.828641396489095,4.065091012059863,-0.23644961557076805
5.673323267171493,5.784186874352681,-0.11086360718118815
5.482012978895135,5.525249832273143,-0.04323685337800853
5.0238805208462765,4.696382806130838,0.3274977147154381
5.372496764722288,5.172823254627075,0.19967351009521295
4.770684624465665,5.108317400887719,-0.3376327764220539
5.453182077108952,5.564947069755763,-0.11176499264681095
3.688879454113936,3.8093480333831926,-0.1204685792692568
4.276666119016055,4.4812603632074755,-0.20459424419142014
5.755742213586912,5.354710936128359,0.4010312774585536
3.7612001156935615,3.751352335415307,0.009847780278254614
5.176149732573829,5.6763312950170075,-0.5001815624431787
4.224348908792687,4.434753515131523,-0.21040460633883562
6.29156913955832,6.0789346631231735,0.21263447643514688
5.426710581316436,5.964603196486677,-0.5378926151702412
5.728475087246572,5.726770065207621,0.0017050220389513981
5.955837369464831,5.702754389121817,0.2530829803430139
5.2699178920263385,5.305221608873825,-0.03530371684748612
7.090909822079984,6.8042877954841305,0.2866220265958539
5.488937726156687,5.515493594921372,-0.026555868764685187
5.241747015059643,5.242575336654723,-0.0008283215950806166
5.4359030295006,5.541494238884393,-0.1055912093837934
3.80666248977032,4.745352240857135,-0.9386897510868146
5.697093486505405,5.683926585547765,0.013166900957639172
5.521460917862246,5.5435590158408505,-0.022098097978604514
5.377590547442544,5.310288796377578,0.06730175106496628
7.225814386792591,7.153398759888742,0.07241562690384828
4.189654742026425,4.219309781792142,-0.02965503976571693
3.8918202981106265,3.907726336497969,-0.01590603838734239
6.429025689036099,6.569564690855908,-0.1405390018198096
4.007333185232471,4.476152518072919,-0.4688193328404475
5.729677615951538,5.775868301339907,-0.04619068538836846
5.886104031450156,5.842892906513557,0.04321112493659918
4.3694478524670215,4.3524896471437176,0.016958205323303943
5.241747015059643,5.071916288595674,0.16983072646396824
4.832305758571839,4.617514933183873,0.2147908253879658
5.0238805208462765,4.809673113630847,0.2142074072154294
4.414856779264584,4.302123418210479,0.11273336105410525
6.610696044717759,4.244364578725004,2.3663314659927552
6.803505257608338,6.505039998175399,0.29846525943293845
4.658521361485086,5.109778400472397,-0.4512570389873112
5.9207201425822245,5.948643402604735,-0.027923260022510554
6.028278520230698,6.033427282905425,-0.005148762674727081
4.330733340286331,4.3754324527707995,-0.04469911248446845
4.454347296253507,4.5222540560437565,-0.06790675979024918
5.56578397649891,5.672251405669367,-0.10646742917045682
5.616771097666572,5.339375992271103,0.27739510539546863
5.138148614395216,5.269821338683152,-0.1316727242879363
4.394449154672439,4.681291055185058,-0.28684190051261904
5.017279836814924,5.008905088529931,0.008374748284992961
4.7535901911063645,5.030905855301103,-0.2773156641947381
5.153291594497779,5.065642177009251,0.08764941748852806
6.13880638500591,6.048767997422449,0.09003838758346028
4.691347882229144,4.72999514866395,-0.03864726643480587
5.802118375377063,5.759797658556899,0.04232071682016425
4.61512051684126,4.669795924815711,-0.05467540797445114
5.099012404713669,5.404332072717288,-0.3053196680036194
4.499809670330265,4.338660563305412,0.16114910702485297
4.6443908991413725,4.550349606528459,0.09404129261291327
4.564348191467836,4.67030715265539,-0.10595896118755377
3.6696966346971625,3.47351187510987,0.1961847595872923
4.532599493153256,4.815748792908193,-0.2831492997549363
6.19644412779452,6.111438493079252,0.08500563471526856
3.819907716520341,4.466761916360693,-0.6468541998403521
4.812184355372417,4.948722862111813,-0.13653850673939605
4.439115601658009,4.452767540567969,-0.01365193890995986
4.882801922586371,4.933247766442691,-0.05044584385632067
5.705248066817811,5.745727843670254,-0.040479776852443194
4.48863636973214,4.818804702922185,-0.3301683331900458
6.9252709795281575,6.161174308358686,0.7640966711694714
5.476463551931511,5.446138185134229,0.030325366797281816
6.58285581871354,6.240330450912998,0.3425253678005422
5.703782474656201,5.707193940156203,-0.003411465500001931
5.393582090773818,5.146828540260368,0.24675355051344994
5.170483995038151,5.193995134361893,-0.023511139323741936
5.703782474656201,4.448744930798206,1.2550375438579948
5.377590547442544,5.350511082245971,0.027079465196573338
5.602118820879701,5.538144345115182,0.06397447576451931
5.942799375126701,6.026216259694711,-0.08341688456800966
4.143134726391533,4.658824130164627,-0.5156894037730941
4.997212273764115,4.971761564015545,0.025450709748569444
5.135798437050262,5.05343808129348,0.0823603557567818
4.276666119016055,4.274195052290283,0.002471066725772353
5.247024072160486,5.30339191534208,-0.05636784318159371
5.771441123130016,5.724165160517998,0.04727596261201761
6.775936704361289,6.915387607550571,-0.13945090318928166
5.851483830803552,5.825266190686635,0.02621764011691674
4.304605487705297,4.47880429888239,-0.17419881117709313
4.976733742420574,4.783259581820452,0.1934741606001218
5.488937726156687,5.3353339343016675,0.15360379185501927
5.229770824012927,5.3512614856417455,-0.12149066162881894
5.14166355650266,5.24371833913666,-0.10205478263400014
6.739336627357174,6.517500783705585,0.22183584365158904
4.830950258623431,4.9046764735325965,-0.07372621490916575
4.553876891600541,4.737447233161356,-0.18357034156081564
6.094314413722431,6.155590955203066,-0.06127654148063488
3.962716119743664,4.527196032165736,-0.5644799124220721
5.6993392849588265,5.866671301913432,-0.16733201695460576
3.970291913552122,4.160541181343773,-0.1902492677916512
5.327536305217257,5.209527629451645,0.11800867576561203
5.0369526024136295,4.9510429108937695,0.08590969151986005
6.501289670540389,5.722656630789109,0.7786330397512806
5.4785534168509695,5.555008154657342,-0.07645473780637246
6.369900982828227,6.2406139181630405,0.1292870646651867
5.375278407684165,5.279650394491676,0.09562801319248937
5.134032172240181,5.207706366997818,-0.07367419475763715
4.844187086458591,4.829658462657905,0.014528623800686091
3.610917912644224,3.6291139703005744,-0.01819605765635046
6.051689088903077,6.103133146633016,-0.05144405772993821
6.48768401848461,6.360716805934078,0.12696721255053234
6.692083742506628,6.131036260216996,0.5610474822896316
4.8283137373023015,4.702919609911358,0.12539412739094313
6.05818817915089,5.858661641932234,0.19952653721865587
3.9415818076696905,3.6964842931851627,0.24509751448452777
5.541263545158426,5.588926783479767,-0.04766323832134134
6.214608098422191,6.143448283689417,0.07115981473277433
4.110873864173311,4.012237800130382,0.09863606404292913
4.832305758571839,4.93267463429262,-0.10036887572078079
5.267858159063328,5.167749373615785,0.10010878544754309
4.356708826689592,4.193183845604967,0.16352498108462488
5.844992643207725,5.806356811530919,0.03863583167680584
4.677955855713739,4.73985722222664,-0.06190136651290157
5.220355825078324,4.97670249926267,0.24365332581565458
6.582025138892826,6.463947392155519,0.11807774673730709
4.727387818712341,4.834294300461035,-0.10690648174869377
6.260212240227208,5.7325096089165815,0.5277026313106266
5.363636832668679,5.536089019887539,-0.1724521872188598
5.725543966437714,5.772366943843598,-0.046822977405883925
5.262690188904886,4.873878206989757,0.38881198191512834
5.382198850528739,5.353805404554231,0.028393445974507436
6.009623667723892,5.964933704314972,0.04468996340891973
5.953243334287785,5.974429584520704,-0.02118625023291898
5.7440923380597,5.845852464488503,-0.10176012642880217
5.331123318273214,5.392220033865766,-0.061096715592552364
5.5053315359323625,5.346148539984221,0.15918299594814123
4.083115080270552,4.083866165611848,-0.0007510853412959761
6.22317132908268,5.989759381192694,0.23341194788998632
4.119037174812473,4.04421181881088,0.07482535600159235
4.820281565605037,5.02753054932501,-0.2072489837199729
3.939443601004138,4.525676655303808,-0.5862330542996705
4.52720864451838,4.216208469898347,0.31100017462003304
5.592590172323767,5.700286991873821,-0.10769681955005339
5.331461965140338,5.7374266290133455,-0.4059646638730072
6.198478716492308,6.172620143348002,0.02585857314430573
3.339321977944068,3.712513069924567,-0.37319109198049905
6.042632833682381,5.714012806482309,0.32862002720007233
5.3230099791384085,5.152573773446224,0.17043620569218465
5.876334239854351,5.835660672383387,0.0406735674709644
5.22789490225149,5.145683308696749,0.0822115935547405
6.164156554926094,6.187532363828957,-0.023375808902863504
4.931592086755803,4.985280173572381,-0.05368808681657811
5.71042701737487,5.563152595442316,0.14727442193255325
5.0271645960474665,5.172664331257043,-0.14549973520957682
4.51085950651685,4.5152401202416685,-0.004380613724818794
5.497168225293202,5.492314800303839,0.004853424989363475
7.079184394609668,4.747447835787805,2.331736558821863
4.30406509320417,4.321765552058761,-0.017700458854590373
4.795790545596741,4.95732031476569,-0.1615297691689488
6.055026028597727,6.071714071094551,-0.016688042496824096
5.940171252720432,5.913235749575959,0.026935503144472683
5.434987577922902,5.169577901516073,0.2654096764068292
5.525452939131784,5.298175714888475,0.2272772242433092
3.688879454113936,4.013459135798818,-0.3245796816848818
5.169346985251076,5.013587567537709,0.15575941771336765
5.330300412401088,5.266869362614211,0.06343104978687641
4.330733340286331,4.9870594902920455,-0.6563261500057145
4.182050142641207,4.137474429287642,0.044575713353564694
5.285738584341177,5.277452742937802,0.008285841403374405
5.638354669333745,6.633815975304769,-0.9954613059710233
5.60396213937399,5.556824242204616,0.047137897169373666
7.225814386792591,6.64443237116696,0.5813820156256302
5.364432768754897,5.286297114862623,0.07813565389227417
5.581614840681993,5.176289670723721,0.4053251699582727
5.393627546352362,5.772180379081185,-0.3785528327288228
4.167749906638376,4.263605399572949,-0.0958554929345734
6.660575149839686,6.58702445927672,0.07355069056296593
5.220355825078324,5.147437860952877,0.07291796412544738
5.174283585624589,5.225272961697921,-0.05098937607333198
4.820281565605037,4.99606888923634,-0.17578732363130278
4.836281906951478,5.102934400445626,-0.2666524934941483
4.174387269895637,4.158119457059197,0.016267812836439965
5.310739886546594,5.211840536296406,0.09889935025018826
3.713572066704308,4.130697940494332,-0.41712587379002386
5.241747015059643,5.220797051788913,0.020949963270729732
4.110873864173311,3.7866746501501063,0.32419921402320506
6.403574197934815,5.608247494031242,0.795326703903573
3.9219733362813134,4.026380469922744,-0.1044071336414305
5.169915651743512,5.339379598989656,-0.1694639472461441
4.892602227184663,4.909246959487055,-0.016644732302391496
4.721885985684052,5.2980681925953315,-0.5761822069112794
5.484796933490655,5.51861636294116,-0.033819429450505645
5.468060141135132,5.357413539952144,0.11064660118298875
4.110873864173311,4.186832243719442,-0.0759583795461305
5.631211781821365,5.346299106903086,0.28491267491827976
3.788724789083653,3.9377275270861976,-0.1490027380025447
6.059123195581797,6.657206071693847,-0.5980828761120502
4.875197323201151,4.765155435367835,0.11004188783331603
6.1675164908883415,6.093644542492102,0.07387194839623934
6.449680220601676,6.737892142091226,-0.28821192148955
5.229877913325516,5.290337490652887,-0.060459577327371505
4.607168188650764,4.392879240497687,0.21428894815307675
5.2045559867335625,5.14911196529262,0.05544402144094285
5.5073619934827445,5.500222796331112,0.007139197151632359
5.802118375377063,5.080019977419221,0.7220983979578417
4.23410650459726,4.594345539568565,-0.36023903497130494
5.545177444479562,5.546085539434235,-0.0009080949546724781
5.407171771460119,5.377470900597625,0.029700870862494178
4.969813299576001,4.9117619782387685,0.05805132133723223
5.345677937907874,5.321176355671277,0.024501582236597486
6.478509642208569,6.443322420913227,0.035187221295341686
6.163314804034641,6.181069220906003,-0.017754416871361478
4.202451303547952,4.314343465526056,-0.11189216197810392
5.337538079701318,5.389896533266319,-0.05235845356500146
5.497168225293202,5.4619991370774175,0.03516908821578468
5.564520407322694,5.552197900189551,0.012322507133142757
5.707110264748875,5.2573032965359445,0.44980696821293087
5.303304908059076,5.447655921606509,-0.14435101354743285
4.61512051684126,4.854582067927729,-0.23946155108646927
5.718802441412587,5.226212293690226,0.4925901477223604
6.841615476477592,5.978641926099696,0.8629735503778955
5.519458915191573,5.480059730164526,0.03939918502704742
7.225814386792591,6.865668221815881,0.3601461649767099
5.639599445879288,5.623862193329584,0.015737252549703484
5.175019150203543,5.4469534929827095,-0.2719343427791667
6.143176541471878,6.362125709410869,-0.218949167938991
4.31748811353631,4.915137407861025,-0.5976492943247145
5.772997543677674,5.851997479670404,-0.07899993599273003
5.081404364984463,5.0383951917698,0.04300917321466269
4.870760011965056,4.9150008847809605,-0.044240872815904275
4.029806041084529,4.012028558706693,0.01777748237783605
5.471976512763338,5.70193618618214,-0.22995967341880164
3.5647324613710536,3.8044187203485627,-0.23968625897750906
7.225814386792591,6.755189703172897,0.47062468361969323
6.920079028670969,6.601039937669462,0.31903909100150685
5.041552396730977,4.944276813253181,0.09727558347779652
5.010635294096256,4.943169541411539,0.06746575268471755
6.0473721790462776,5.45250695673022,0.5948652223160575
5.543418085214289,5.727817738798132,-0.18439965358384303
5.337538079701318,5.349090767070729,-0.011552687369411174
5.89349332988201,5.942738141962485,-0.04924481208047471
5.017279836814924,5.129732950835738,-0.1124531140208136
4.584967478670572,4.9292621591444075,-0.34429468047383516
5.153291594497779,5.368897617885532,-0.21560602338775237
5.27556037942542,5.095727140406454,0.17983323901896675
4.5217885770490405,4.3082311770348465,0.213557400014194
4.543294782270004,4.483700831821818,0.059593950448185495
4.543294782270004,4.586465844815533,-0.04317106254552883
5.5093883366279774,5.515153510621625,-0.005765173993647288
6.29156913955832,6.37926063018172,-0.0876914906233992
5.225746673713202,5.153295358534692,0.07245131517851
5.808142489980444,5.760190364885263,0.047952125095180875
4.465908118654584,4.53795422136626,-0.07204610271167589
4.343805421853684,4.504061424454106,-0.1602560026004216
5.501258210544727,5.730797270365721,-0.22953905982099343
5.5909869805108565,5.521540090635609,0.06944688987524739
5.220355825078324,5.283968678523607,-0.06361285344528245
4.262679877041316,4.30871459528274,-0.046034718241423356
4.477336814478207,4.459834714161541,0.017502100316665548
4.210645017918261,4.286778732561495,-0.07613371464323393
5.281018601969707,5.06595240105971,0.21506620090999728
3.4339872044851463,3.5305344375508003,-0.09654723306565405
3.9318256327243257,4.014969611718161,-0.08314397899383552
5.560681631015528,5.649896704020885,-0.08921507300535758
5.159055299214529,5.041241391797432,0.11781390741709696
5.484796933490655,5.560649380626189,-0.07585244713553418
5.293304824724492,5.292521389199015,0.0007834355254772163
6.280395838960195,5.881479349040041,0.39891648992015405
5.538632636370566,5.70109084177556,-0.16245820540499434
3.828641396489095,4.263485193556306,-0.4348437970672112
5.511410582008745,5.494031402489582,0.017379179519163124
4.691347882229144,4.9236566779474344,-0.2323087957182901
5.494706180553427,5.529814204313354,-0.03510802375992661
4.097672352314776,4.145204082522882,-0.04753173020810664
3.8501476017100575,4.386015363815641,-0.5358677621055836
5.003946305945459,4.859457225019403,0.14448908092605617
4.881437355624573,4.633361924598483,0.24807543102609042
5.348059458442851,5.13791252109931,0.2101469373435405
4.110873864173311,4.4629535707808925,-0.35207970660758114
4.087152091640596,4.197627088339133,-0.110474996698537
5.721393158915862,5.423278602470563,0.2981145564452987
5.187385805840755,5.332673841569458,-0.1452880357287034
4.969813299576001,4.996850800855952,-0.02703750127995086
4.902827341461951,4.976587944621859,-0.07376060315990784
5.886104031450156,5.759278202586029,0.12682582886412685
5.161924741642482,4.892042217304703,0.2698825243377785
5.384036241950574,5.218459745601557,0.1655764963490176
5.709333704694526,5.520504869955543,0.18882883473898282
6.0330862217988015,5.942629735829132,0.09045648596966949
6.466922027036182,6.665518890454201,-0.19859686341801908
5.075173815233827,4.992170879516624,0.08300293571720285
5.44673737166631,5.457485573281096,-0.010748201614785735
4.51085950651685,4.190722000135008,0.32013750638184213
6.392754283805666,6.381574286853322,0.011179996952344062
4.887337077751762,4.731654635901172,0.15568244185058955
5.514234872770507,5.674876909339039,-0.16064203656853238
5.308267697401205,5.171063926260473,0.13720377114073212
5.03909316691274,5.169693699704707,-0.13060053279196726
5.989212012054688,5.841716821380493,0.1474951906741948
6.394142441208111,6.34617632579673,0.047966115411381516
5.20839265902005,5.212046238439302,-0.00365357941925204
5.274485633294691,5.19220551326112,0.08228012003357055
5.771441123130016,5.931024798193193,-0.1595836750631774
5.751937516543248,5.5122362002023415,0.23970131634090652
5.332718793265369,5.401180956299186,-0.06846216303381691
6.226536669287466,6.103332419968308,0.12320424931915763
2.6803363625346943,3.5767901185656714,-0.8964537560309771
4.276666119016055,4.2810019245432045,-0.0043358055271491835
4.61512051684126,4.817704299644618,-0.20258378280335876
4.255612709818223,4.361651446498796,-0.10603873668057329
5.43372200355424,5.462694737132659,-0.028972733578418897
4.836281906951478,4.931091110957479,-0.09480920400600112
4.343805421853684,4.475392521073097,-0.1315870992194128
5.413430173648541,5.247139551268108,0.16629062238043257
4.814863689577897,4.880454984205518,-0.06559129462762137
5.632393878568548,6.06198001411325,-0.42958613554470215
4.007333185232471,4.161337601363796,-0.15400441613132454
5.342334251964811,5.258984713160592,0.08334953880421914
5.420534999272286,5.37795097306062,0.04258402621166635
3.951243718581428,4.049888024304372,-0.09864430572294403
5.247024072160486,5.298183729465224,-0.05115965730473793
5.6222108209623896,5.607608950742398,0.01460187021999193
3.597038250448356,3.755329361813622,-0.15829111136526608
5.03909316691274,5.099474059383721,-0.060380892470980996
4.875197323201151,5.012608631129985,-0.13741130792883371
4.07753744390572,4.0514196604375705,0.02611778346814919
5.493061443340548,5.557187807754581,-0.06412636441403308
4.718498871295094,4.699548575608062,0.018950295687032437
4.189654742026425,4.5410613095198675,-0.35140656749344235
5.771441123130016,5.714082338033266,0.057358785096750076
4.382026634673881,4.539887894854885,-0.15786126018100344
5.117993812416755,5.374120871090195,-0.25612705867343966
5.468060141135132,5.757271322387724,-0.2892111812525915
5.303304908059076,5.2010576538303415,0.10224725422873426
5.541929989701587,5.481615250112522,0.060314739589064637
5.262690188904886,5.440079964218872,-0.17738977531398614
6.095081042846788,5.871756789095808,0.22332425375098008
4.543294782270004,4.408124080400304,0.1351707018696997
5.60947179518496,5.622064222998878,-0.012592427813918228
5.10594547390058,3.983970038991523,1.1219754349090572
4.532599493153256,4.737095510840509,-0.20449601768725234
5.25227342804663,5.10756684207268,0.1447065859739496
5.351858133476067,5.5608672620355355,-0.20900912855946885
6.46302945692067,6.323879631890451,0.139149825030219
4.836281906951478,4.906449919664761,-0.07016801271328266
4.143134726391533,4.2183218459032235,-0.07518711951169088
4.30406509320417,4.267284741064778,0.03678035213939257
4.962844630259907,4.988446238246004,-0.025601607986097008
4.3694478524670215,4.491704506609564,-0.12225665414254294
5.1647859739235145,5.327729338034552,-0.1629433641110376
5.5093883366279774,5.468108942499572,0.041279394128405755
4.7535901911063645,4.882680808110163,-0.12909061700379887
5.0466457316192885,5.035084057709325,0.011561673909963766
3.8918202981106265,4.100658384534721,-0.20883808642409418
4.418840607796598,4.574075168064337,-0.15523456026773896
5.836067257251887,5.653520020681676,0.182547236570211
5.793013608384144,5.7693190093997115,0.023694598984432602
4.574710978503383,4.388901897081864,0.1858090814215192
6.68586094706836,6.61924315108994,0.06661779597841999
5.352426692195069,5.347782695786565,0.004643996408503881
5.626433358228597,5.552589111418738,0.07384424680985902
5.14166355650266,5.297516917246206,-0.15585336074354572
4.426880490307507,4.413263344109684,0.013617146197823615
5.647212123167807,5.293352657609938,0.3538594655578695
4.499809670330265,4.444401840156507,0.055407830173757944
4.709530201312334,4.741647726563942,-0.03211752525160794
7.141245122350491,6.9486791236758165,0.1925659986746746
4.881285622068407,5.114164684905813,-0.232879062837406
5.217269987694714,5.402490535260139,-0.18522054756542428
4.394449154672439,4.78504551905149,-0.3905963643790509
3.713572066704308,3.669414415366591,0.044157651337716874
5.739792912179234,5.81305420453859,-0.07326129235935586
7.225814386792591,6.700269169527311,0.5255452172652797
4.477336814478207,4.545608047537695,-0.06827123305948835
5.056245805348308,5.234359124079117,-0.1781133187308095
5.407171771460119,5.225078306152222,0.18209346530789716
5.541263545158426,5.63858788572497,-0.09732434056654427
4.867534450455582,4.998296643870486,-0.13076219341490347
5.747799360072976,5.947028241497935,-0.19922888142495854
4.611152257665639,5.004470855063314,-0.39331859739767516
4.705467907303455,4.400500626879204,0.30496728042425136
5.099866427824199,5.108093294909163,-0.00822686708496434
3.871201010907891,4.584426730266987,-0.7132257193590958
5.939118066735773,5.8271932498821055,0.11192481685366751
5.187385805840755,5.263365894236024,-0.07598008839526926
4.394449154672439,4.192317998394906,0.20213115627753275
5.37989735354046,4.93298489048664,0.4469124630538195
5.442417710521793,5.318554135300557,0.12386357522123603
4.727387818712341,4.697796271736256,0.029591546976084793
5.860786223465865,6.130673940500262,-0.26988771703439696
4.241326752570746,3.9421488482015397,0.29917790436920644
4.7846543879618855,4.7386634126956935,0.045990975266192
5.290789100127245,4.955358269259549,0.3354308308676961
5.7745515455444085,5.660787950426277,0.11376359511813128
4.356708826689592,4.624322122249102,-0.2676132955595101
4.912654885736052,4.92495605068978,-0.012301164953727906
4.912654885736052,4.647156350174492,0.26549853556156044
4.941642422609304,4.834814038077233,0.10682838453207122
5.550359307904895,5.5916407975090126,-0.041281489604117816
5.10594547390058,4.81081716004283,0.2951283138577505
6.0063531596017325,5.941298989839367,0.06505416976236589
5.389071729816501,5.0254775226863515,0.36359420713014945
4.242764567340374,4.807680882624606,-0.5649163152842318
5.010635294096256,4.995462285157313,0.015173008938943688
4.74493212836325,4.443104561778034,0.30182756658521637
3.9889840465642745,4.184760558643649,-0.19577651207937485
6.025865973825314,5.988114563520246,0.037751410305068234
5.700142524735606,5.698239969397564,0.0019025553380416227
5.260875071072166,5.1876421521106995,0.07323291896146689
4.51085950651685,4.467095230097016,0.04376427641983405
5.241747015059643,5.218890248439781,0.0228567666198618
4.499809670330265,4.553514349839457,-0.05370467950919178
5.0709775231024175,5.121272377808751,-0.050294854706333325
6.434546518787453,6.488025516917233,-0.05347899812977985
5.638354669333745,5.609647934581544,0.02870673475220098
5.303304908059076,5.160467333854791,0.1428375742042851
4.499809670330265,4.362354469302822,0.1374552010274428
4.955827057601261,5.235675934824964,-0.2798488772237029
5.532598662272703,5.540336025800094,-0.0077373635273918495
5.351858133476067,5.559467899101946,-0.20760976562587974
5.752890048763229,6.1894439886155785,-0.4365539398523497
5.75890177387728,5.806891236165669,-0.047989462288388296
6.156449184248659,6.271050553724419,-0.11460136947575972
5.652489180268651,5.742370822736115,-0.08988164246746422
5.69204721843778,5.682058898699845,0.00998831973793557
4.574710978503383,4.533916946648369,0.040794031855013735
4.158883083359672,3.9963271359241523,0.16255594743552004
4.816241156068032,5.0206406126158365,-0.20439945654780445
4.634340563287871,4.969104976834748,-0.3347644135468766
4.620058798481842,4.254471069607567,0.3655877288742744
4.61512051684126,4.615407818809173,-0.0002873019679130451
4.804021044733257,4.937638632510676,-0.13361758777741883
5.200704537681037,5.897731194056488,-0.697026656375451
5.244389024522481,5.164956062611183,0.0794329619112979
5.293304824724492,4.718099437338879,0.5752053873856129
6.834108738813838,5.878628786209435,0.9554799526044029
5.556828061699537,5.596077698148327,-0.03924963644878954
4.07753744390572,4.320359228817329,-0.24282178491160966
4.927253685157205,4.768628309158059,0.15862537599914628
3.551340040091875,4.112001359928412,-0.5606613198365369
5.655991810819852,5.6789516839847956,-0.02295987316494319
5.308267697401205,5.248075227325553,0.06019247007565198
5.402362016834638,5.410804287519129,-0.008442270684491326
5.7430031878094825,5.360650173621875,0.3823530141876077
5.382980154426746,5.373557080373462,0.009423074053284353
5.560681631015528,5.855041144303811,-0.294359513288283
5.420534999272286,5.438869351957137,-0.018334352684850508
4.394449154672439,4.522844451669889,-0.12839529699745
5.589119566336061,5.413871917809654,0.1752476485264065
4.705015520957808,4.685297950310707,0.019717570647101113
5.159055299214529,5.330298511515979,-0.1712432123014498
5.87493073085203,5.69152244111577,0.18340828973626078
4.773477331396467,5.096257837597856,-0.3227805062013891
4.770684624465665,4.73325029891835,0.03743432554731552
4.718498871295094,4.6494114608307076,0.0690874104643866
4.564348191467836,4.8348864734787655,-0.27053828201092944
5.951501558536452,6.004733626899343,-0.05323206836289085
6.616065185132817,6.271627299304897,0.34443788582792045
5.832468815617524,5.913558796368949,-0.08108998075142448
6.379698718287784,6.4115896874473215,-0.031890969159537264
6.110358077048392,6.154926258121683,-0.044568181073290525
5.993961427306569,5.975361195664097,0.018600231642472487
4.30406509320417,4.3487174377155355,-0.04465234451136535
4.624972813284271,4.691201768360608,-0.06622895507633775
4.04305126783455,4.189930080092675,-0.14687881225812482
4.727387818712341,4.819530028670793,-0.09214220995845235
5.525452939131784,5.400758392471005,0.12469454666077961
5.017279836814924,5.019573662130744,-0.0022938253158200084
5.402362016834638,5.5045707776124635,-0.1022087607778257
4.663439094112067,4.433139971030711,0.23029912308135625
5.1647859739235145,5.00077195423757,0.1640140196859443
6.415096959171596,6.018242652304037,0.3968543068675583
5.3230099791384085,5.42066541249524,-0.0976554333568318
3.58351893845611,3.548094628370908,0.03542431008520186
5.613128106388071,5.481531580025047,0.13159652636302432
4.919980925828125,4.999599559416204,-0.07961863358807886
4.852030263919617,4.864807883954518,-0.01277762003490146
4.3778931033922746,4.332185906888301,0.04570719650397326
5.368309738368072,5.323661074435866,0.04464866393220568
5.805556566778607,5.7234544123303115,0.08210215444829583
7.225814386792591,6.508027320796526,0.717787065996065
4.790237968450072,5.494147720683204,-0.7039097522331312
5.985697952213645,6.143203901662487,-0.15750594944884178
5.701880667366605,5.676982876343752,0.024897791022852722
5.577841251298354,5.591632951167322,-0.013791699868968443
4.8283137373023015,4.940533588151952,-0.1122198508496508
4.656338472562491,5.0504701061475,-0.39413163358500913
6.499787040655854,6.542111208443479,-0.04232416778762449
5.017279836814924,5.048086969464016,-0.03080713264909196
4.663439094112067,4.632920386082338,0.03051870802972889
4.927253685157205,4.964988253971752,-0.037734568814546954
5.081404364984463,5.0436155161992575,0.03778884878520561
5.739792912179234,5.3730286226160855,0.36676428956314844
4.68213122712422,4.804661012471053,-0.12252978534683301
4.007333185232471,3.9654903455220554,0.0418428397104158
6.030685260261263,5.893455054291793,0.13723020596947055
4.07753744390572,4.489033218045494,-0.411495774139774
4.605170185988092,4.905101999106887,-0.29993181311879535
3.8918202981106265,4.27645950814485,-0.3846392100342233
5.228431239083871,5.52880637005874,-0.300375130974869
5.369474560864365,5.510205660408597,-0.14073109954423213
4.981892825230601,5.0782570469040325,-0.09636422167343106
5.300814246746624,5.29270114601791,0.008113100728714073
5.928258471204189,6.0342770608373035,-0.1060185896331145
5.478010471988299,5.5084903017176625,-0.03047982972936314
6.604621101971435,6.605749661155067,-0.001128559183632305
5.583496308781699,5.625665289857237,-0.04216898107553746
5.276429566790007,5.317460809126544,-0.04103124233653688
5.488937726156687,5.602708740490786,-0.11377101433409909
3.610647605844363,3.4608755359223906,0.14977206992197223
5.475081844675453,5.259551998860489,0.21552984581496393
5.376435145811989,5.370965787294481,0.00546935851750785
5.181783550292085,5.248896158107485,-0.06711260781539963
4.912654885736052,5.249522105400404,-0.3368672196643514
4.23410650459726,4.452483243338375,-0.21837673874111552
5.791182664937034,5.559357481229312,0.23182518370772254
5.568344503761097,5.531461632727543,0.036882871033553144
5.747799360072976,5.609015366061984,0.13878399401099273
4.356708826689592,4.328107006410327,0.028601820279265056
4.469235908747258,4.906083185802901,-0.43684727705564264
5.1298987149230735,5.028915434071068,0.10098328085200592
4.844187086458591,4.765585061491844,0.07860202496674695
4.852030263919617,4.928776587316921,-0.07674632339730447
5.298317366548036,5.258865929624389,0.039451436923647165
5.831882477283517,6.341363499815049,-0.5094810225315323
5.126935749792416,5.091773698294995,0.03516205149742113
4.61512051684126,4.6212513593735665,-0.0061308425323067794
5.455321115357702,5.4385294720526005,0.01679164330510119
5.116015809554085,5.215664317490039,-0.09964850793595392
4.532599493153256,4.933247299676862,-0.40064780652360543
4.430816798843313,4.425482735146048,0.005334063697265634
5.049856007249537,5.2359206345075,-0.1860646272579629
4.262679877041316,4.68008652463223,-0.41740664759091395
4.248495242049359,4.402487917011936,-0.15399267496257707
4.844187086458591,4.917919852404427,-0.07373276594583622
4.939855112035208,5.245719360447162,-0.3058642484119538
5.4510384535657,5.3755525153543,0.0754859382114006
4.770684624465665,5.024985604377288,-0.2543009799116227
4.118711918670395,4.125017437676391,-0.006305519005995741
5.153291594497779,5.328757492845822,-0.17546589834804305
4.343805421853684,4.490470957837288,-0.14666553598360377
4.276666119016055,4.65269246038345,-0.3760263413673943
5.430222437427975,5.300510039933505,0.12971239749447072
4.51085950651685,4.229685676460234,0.28117383005661534
5.25227342804663,5.172218275708281,0.08005515233834881
4.919980925828125,4.860120288579576,0.05986063724854951
4.532599493153256,4.595854555971974,-0.06325506281871807
6.455198563340122,6.299695439470142,0.15550312386998044
5.170483995038151,5.346804461100696,-0.1763204660625446
5.278114659230517,5.363361090153311,-0.08524643092279405
6.453624998892692,6.355084843943195,0.09854015494949664
4.564348191467836,4.6542428115579995,-0.08989462009016336
5.000584958242754,4.944749488766851,0.055835469475903565
4.605170185988092,4.694972865237714,-0.08980267924962249
4.3288895362607525,5.114971890666416,-0.7860823544056634
5.586161925798122,5.8087591593648895,-0.2225972335667672
4.262679877041316,4.338742789675297,-0.07606291263398024
5.497168225293202,5.440392048675543,0.056776176617659324
6.126869184114185,5.339443056938849,0.787426127175336
3.951243718581428,3.994713920071916,-0.04347020149048797
6.679599185844383,6.601082920314466,0.07851626552991675
6.530877627725885,5.735505780903676,0.7953718468222091
4.5591262474866845,4.490404994969162,0.06872125251752248
4.976733742420574,4.983377745539847,-0.00664400311927249
3.917607383722047,3.867121342472097,0.05048604124994993
4.23410650459726,4.760506486409526,-0.5263999818122667
5.291292751611072,5.116246561393801,0.1750461902172713
5.256453162449338,5.1503501126194875,0.10610304982985053
4.742058438050213,4.576563293541247,0.16549514450896652
4.7535901911063645,4.633556437245633,0.12003375386073145
5.108366782589591,4.965807743406317,0.14255903918327384
6.446782746342008,6.341470244442861,0.10531250189914765
7.215975002651466,6.2540157843903135,0.9619592182611525
6.15047482849259,5.584875465813903,0.5655993626786868
6.2166061010848646,6.117118554664424,0.09948754642044033
5.153291594497779,5.289238317785854,-0.13594672328807444
4.770684624465665,4.463688818535394,0.30699580593027154
5.003946305945459,4.876911622172642,0.12703468377281713
5.62040086571715,5.6250057501127,-0.0046048843955501795
5.566434283504978,5.632808659841353,-0.06637437633637511
6.323462503334274,6.321676710931845,0.0017857924024289318
5.8888779583328805,5.821369316867147,0.0675086414657331
5.2949617427346745,5.2801537571209805,0.014807985613694008
4.836281906951478,4.5784033657406225,0.2578785412108555
4.770684624465665,4.700924660805071,0.06975996366059434
6.040254711277414,5.839310468718328,0.2009442425590855
4.709530201312334,4.738249671750617,-0.028719470438282713
5.260096153727839,5.204345928053529,0.055750225674310094
5.43153621033426,5.433146083866754,-0.0016098735324945324
4.770684624465665,5.051500354901795,-0.28081573043612984
4.709530201312334,4.758534493766528,-0.04900429245419424
3.5647324613710536,3.7234331186289014,-0.15870065725784777
3.9318256327243257,3.9581231647494928,-0.026297532025167047
4.543294782270004,4.600429253193593,-0.057134470923589475
3.5675589188773804,3.3729499662400206,0.19460895263735978
5.0238805208462765,5.047531148176878,-0.023650627330601637
6.280264744225334,6.33831763445138,-0.05805289022604665
5.22305488204749,5.471125856497263,-0.24807097444977355
2.8130106367386967,2.7227693774131585,0.09024125932553817
4.02535169073515,3.7877863336102013,0.2375653571249483
5.066826573745998,4.598273602904973,0.4685529708410252
5.8269730852114,5.747094188132455,0.07987889707894524
6.3818160174060985,6.429227494531506,-0.04741147712540794
6.511314330388589,6.2602563985230795,0.2510579318655095
5.367143557477889,5.289328837032146,0.07781472044574311
4.208417018481948,4.607142122051381,-0.3987251035694328
5.500564092149261,5.320465088406242,0.18009900374301946
4.584967478670572,4.62709180823257,-0.04212432956199752
5.231108616854587,5.359932770910842,-0.12882415405625558
3.856298856655784,4.223666299059114,-0.3673674424033302
6.101909614496577,6.277692936851224,-0.175783322354647
6.192362489474872,5.178624349723759,1.013738139751113
5.545177444479562,5.6509574840036025,-0.10578003952404025
5.3612921657094255,5.230486782328568,0.13080538338085734
4.214051671586849,4.248077849450371,-0.03402617786352202
7.225814386792591,7.019760218206804,0.20605416858578618
4.919980925828125,5.025941760205729,-0.10596083437760395
6.9252709795281575,6.6645136063154595,0.260757373212698
4.634728988229636,4.530770557475274,0.10395843075436151
4.406719247264253,4.548190257887692,-0.14147101062343825
5.621125240975192,5.58530950387695,0.03581573709824237
3.737669618283368,3.9725469738269927,-0.23487735554362477
5.457455587886334,5.583911247717161,-0.1264556598308273
7.225814386792591,6.980238657381491,0.24557572941109918
4.343805421853684,4.209800836267187,0.13400458558649753
5.26857954828408,5.048531930977594,0.22004761730648603
6.313548046277095,4.5709672468863864,1.7425807993907085
4.356708826689592,4.200433995409035,0.15627483128055708
5.539575847287417,5.827813847137575,-0.28823799985015786
4.770684624465665,4.601542483174126,0.16914214129153926
5.288267030694535,5.299841169530697,-0.011574138836161652
5.802118375377063,5.562584071027996,0.23953430434906675
5.3981627015177525,5.416523607952247,-0.01836090643449495
5.870228682291866,5.811817744362164,0.05841093792970131
4.394449154672439,4.4445889719314975,-0.05013981725905836
5.818598149084783,5.824195648460405,-0.005597499375621595
6.07149956244424,5.988177109007518,0.08332245343672184
5.659482215759621,5.5823487367041,0.07713347905552137
5.220355825078324,5.368923667776737,-0.14856784269841228
6.90875477931522,6.215356263998377,0.6933985153168436
4.343805421853684,4.444896465455105,-0.10109104360142052
4.241326752570746,4.324788280590642,-0.08346152801989604
4.406719247264253,4.463476285280085,-0.05675703801583154
6.076885076036254,6.521646220096834,-0.4447611440605801
5.247024072160486,5.202376843149916,0.044647229010569944
6.825242857407673,6.448256696951493,0.3769861604561804
5.4359030295006,5.307870204812238,0.1280328246883622
4.861748513388538,5.001090374693799,-0.13934186130526083
7.225814386792591,7.033258324671571,0.19255606212101917
4.394449154672439,4.220213502383551,0.17423565228888815
6.661432656595502,6.433887696366693,0.22754496022880932
4.68213122712422,4.52401514266195,0.15811608446226977
5.865050622252324,5.84176639643396,0.023284225818364312
5.712643103088397,5.704403120610571,0.008239982477825869
6.214608098422191,5.333722188590194,0.8808859098319974
5.654592230465429,5.111680712628623,0.5429115178368065
5.514758506802571,5.361378960493858,0.1533795463087131
3.784189633918261,3.767295629353597,0.016894004564663945
4.166665223801727,4.05213456081008,0.1145306629916476
5.260096153727839,5.228266467441755,0.03182968628608407
4.174387269895637,4.370762821313766,-0.19637555141812957
5.715381610499553,5.501836853020664,0.21354475747888912
5.981414211254481,5.927953492984452,0.05346071827002863
5.707110264748875,5.467923874721913,0.23918639002696196
4.02535169073515,4.056092811271748,-0.030741120536598388
5.677712246923017,5.723566946278342,-0.045854699355325046
5.160950054755124,5.210792963845212,-0.04984290909008848
5.010635294096256,5.138208301336957,-0.12757300724070042
4.923623917106626,4.926866734532142,-0.0032428174255159092
6.573680166960646,5.649333788769195,0.9243463781914505
6.278521424165844,5.602757296442985,0.675764127722859
7.141245122350491,6.602271184966714,0.5389739373837772
6.373319789577012,6.398612693803412,-0.025292904226399848
5.081404364984463,5.247855300660849,-0.16645093567638547
5.58724865840025,5.700810520541015,-0.11356186214076569
6.0063531596017325,5.355273512336153,0.65107964726558
4.241326752570746,4.259477858130422,-0.01815110555967614
5.242011530336942,4.413248888958542,0.8287626413784004
5.523458920524919,5.556595960239546,-0.033137039714627115
3.4756862336528944,3.5550998091939485,-0.0794135755410541
6.329720905522696,6.373315812752231,-0.04359490722953474
5.54907608489522,5.845026469923459,-0.295950385028239
6.789534647594706,6.753881134613133,0.03565351298157271
5.107459478731796,5.315445299457326,-0.20798582072553007
6.335054251498059,6.459826899262574,-0.12477264776451502
4.499809670330265,4.3906267390952465,0.10918293123501854
5.564520407322694,5.7137609362905435,-0.14924052896784978
5.53338948872752,5.654114890349748,-0.12072540162222722
5.320567975482857,5.170522482259185,0.1500454932236721
4.430816798843313,4.3871433486542095,0.043673450189103846
4.0943445622221,4.06907925950465,0.02526530271745031
5.3706380281276624,5.329479154180551,0.041158873947111374
5.303304908059076,5.082184252249311,0.2211206558097647
5.081404364984463,4.959747261136099,0.12165710384836448
5.530420659233719,5.6103726941536065,-0.0799520349198879
5.081404364984463,5.250529478092162,-0.1691251131076985
4.5217885770490405,4.3512252869533405,0.17056329009569993
4.691347882229144,4.920812646012887,-0.22946476378374303
5.442417710521793,5.592872150745374,-0.150454440223581
5.138735296723572,5.185201615855587,-0.04646631913201471
4.61512051684126,4.611094229303461,0.004026287537798545
5.528436531598672,5.538444448657634,-0.01000791705896198
3.8501476017100575,3.812380765701199,0.03776683600885855
4.568194949863196,5.2946588358489945,-0.7264638859857984
4.174387269895637,4.356937381711775,-0.18255011181613856
7.225814386792591,7.374986347700155,-0.14917196090756413
4.430816798843313,4.3310233610176985,0.0997934378256149
5.6937321388027,5.9507311966133365,-0.2569990578106367
4.836281906951478,5.145631505509158,-0.30934959855767996
6.0394686881564486,6.025548769859506,0.013919918296942946
5.272999558563747,5.34472307163967,-0.0717235130759235
5.100232214574604,5.255343109762913,-0.1551108951883089
3.751854253275325,3.951120618513622,-0.1992663652382971
5.815621956411737,5.980498422143315,-0.16487646573157821
4.966335035199676,5.00854168232616,-0.04220664712648414
6.150602768446279,5.969603170801338,0.18099959764494145
3.979681653901961,4.186302146514115,-0.2066204926121542
5.720311776607412,5.793766412008712,-0.07345463540130037
5.3230099791384085,5.382687568810366,-0.05967758967195724
5.351858133476067,5.4300022648572055,-0.07814413138113885
4.564348191467836,4.531609548750657,0.03273864271717919
4.7535901911063645,5.01619282653706,-0.26260263543069584
4.56954300834494,4.622304565591858,-0.05276155724691822
5.288267030694535,5.428473728747625,-0.14020669805309005
4.454347296253507,4.534801059619089,-0.08045376336558174
5.597680943773655,5.777812077685743,-0.1801311339120879
4.30406509320417,4.462190676194126,-0.15812558298995594
4.8283137373023015,4.851031088525681,-0.022717351223379367
5.741078259399898,5.745457152904127,-0.00437889350422882
5.234312036572124,5.125221774770059,0.10909026180206549
5.010635294096256,4.82245643707735,0.18817885701890624
4.51085950651685,4.461654544893205,0.04920496162364518
4.795790545596741,4.676938039715309,0.11885250588143226
4.394449154672439,4.48328036802385,-0.08883121335141109
5.23877965383184,4.887299521261371,0.3514801325704697
5.339939041238856,5.253738801693199,0.08620023954565692
4.653960350157523,5.370621038588136,-0.716660688430613
5.344723739362192,5.30475757308393,0.039966166278261994
5.619204498180904,5.590967986325869,0.028236511855035396
3.737669618283368,3.7600231812295215,-0.022353562946153538
4.703475874772215,5.0805791397674165,-0.37710326499520175
6.243098368821819,6.318453017332043,-0.07535464851022411
4.454347296253507,4.884766199395508,-0.4304189031420007
5.420534999272286,5.360448943090341,0.0600860561819454
5.144583266605995,4.850763136831446,0.29382012977454863
5.916202062607435,5.939710497187337,-0.02350843457990237
5.438079308923196,5.543984112893177,-0.10590480396998103
4.852030263919617,4.831497873951653,0.020532389967963915
4.553876891600541,4.731881799174858,-0.17800490757431753
4.465908118654584,4.463857275662901,0.0020508429916823445
5.712081277470896,5.758878255100339,-0.04679697762944368
7.225814386792591,7.067538401355404,0.15827598543718668
6.61248448488168,6.67050415027378,-0.05801966539210035
4.955827057601261,5.237883654012005,-0.28205659641074377
5.162898479440301,5.311326425716393,-0.14842794627609202
4.577284982498556,4.416568978637831,0.16071600386072493
4.330733340286331,4.324540296912379,0.006193043373952101
3.9415818076696905,4.222330957683971,-0.28074915001428025
4.627420794922911,5.426813652971672,-0.799392858048761
4.948759890378168,5.212161522920489,-0.26340163254232074
5.293304824724492,5.225026441662247,0.06827838306224532
4.8846940707384086,4.921685591033852,-0.036991520295443614
6.12571130879503,5.656755041103497,0.4689562676915333
4.219507705176107,4.235452790459474,-0.015945085283367355
4.890349128221754,5.026699361566551,-0.136350233344797
4.581594449459386,4.930167206647298,-0.34857275718791225
5.977619140285929,5.949019774721018,0.028599365564911494
6.427572012594556,6.383728908315566,0.04384310427898974
